Punto de Entrada,Nombre Formulario,NIT,Fecha de Corte,Razón social de la sociedad,Clasificación Industrial Internacional Uniforme Versión 4 A.C (CIIU),Tipo societario,Dirección de notificación judicial registrada en Cámara de Comercio,Departamento de la dirección del domicilio,Ciudad de la dirección del domicilio,Periodo,Ingresos de actividades ordinarias (Revenue),Costo de ventas (CostOfSales),Ganancia bruta (GrossProfit),Otros ingresos (OtherIncome),Costos de distribución (DistributionCosts),Gastos de administración (AdministrativeExpense),Otros gastos (OtherExpenseByFunction),Otras ganancias (pérdidas) (OtherGainsLosses),Ganancia (pérdida) por actividades de operación (ProfitLossFromOperatingActivities),Diferencia entre el importe en libros de dividendos pagaderos e importe en libros de activos distribuidos distintos al efectivo (DifferenceBetweenCarryingAmountOfDividendsPayableAndCarryingAmountOfNoncashAssetsDistributed),Ganancias (pérdidas) que surgen de la baja en cuentas de activos financieros medidos al costo amortizado (GainLossArisingFromDerecognitionOfFinancialAssetsMeasuredAtAmortisedCost),Ingresos financieros (FinanceIncome),Costos financieros (FinanceCosts),Deterioro de valor de ganancias y reversión de pérdidas por deterioro de valor (pérdidas por deterioro de valor) determinado de acuerdo con la NIIF 9 (ImpairmentLossImpairmentGainAndReversalOfImpairmentLossDeterminedInAccordanceWithIFRS9),"Participación en las ganancias (pérdidas) de Subsidiarias, asociadas y negocios conjuntos que se contabilicen utilizando el método de la participación (ShareOfProfitLossOfAssociatesAndJointVenturesAccountedForUsingEquityMethod)","Otros ingresos (gastos) procedentes de subsidiarias, entidades controladas de forma conjunta y asociadas (OtherIncomeExpenseFromSubsidiariesJointlyControlledEntitiesAndAssociates)",Ganancias (pérdidas) que surgen de diferencias entre el costo amortizado anterior y el valor razonable de activos financieros reclasificados de la categoría de medición costo amortizado a la categoría de medición de valor razonable con cambios en resultados (GainsLossesArisingFromDifferenceBetweenPreviousCarryingAmountAndFairValueOfFinancialAssetsReclassifiedAsMeasuredAtFairValue),Ganancia (pérdida) acumulada anteriormente reconocida en otro resultado integral que surge de la reclasificación de activos financieros de la categoría de medición de valor razonable con cambios en otro resultado integral a la de valor razonable con cambios en resultados (CumulativeGainLossPreviouslyRecognisedInOtherComprehensiveIncomeArisingFromReclassificationOfFinancialAssetsOutOfFairValueThroughOtherComprehensiveIncomeIntoFairValueThroughProfitOrLossMeasurementCategory),Ganancias (pérdidas) de cobertura por cobertura de un grupo de partidas con posiciones de riesgo compensadoras (HedgingGainsLossesForHedgeOfGroupOfItemsWithOffsettingRiskPositions),"Ganancia (pérdida), antes de impuestos (ProfitLossBeforeTax)",Ingreso (gasto) por impuestos (IncomeTaxExpenseContinuingOperations),Ganancia (pérdida) procedente de operaciones continuadas (ProfitLossFromContinuingOperations),Ganancia (pérdida) procedente de operaciones discontinuadas (ProfitLossFromDiscontinuedOperations),Ganancia (pérdida) (ProfitLoss),anio,margen_bruto,margen_operacional,margen_neto,Ganancia (pérdida) (ProfitLoss)_Anterior,var_ganancia_neta,ciiu_codigo,ciiu_sector
Plenas-Separados,"Estado de resultado integral, resultado del periodo, por funcion de gasto",800251163,2025-03-31,OLEODUCTO CENTRAL S.A.,H4930 - Transporte por tuberías,01. SOCIEDAD ANÓNIMA,CRA 11 No 8409 PISO 10,BOGOTA D.C.,BOGOTA D.C.,Periodo Actual,1640410788.0,291949781.0,1348461007.0,3481495.0,24016835.0,22329622.0,0.0,0.0,1305596045,,,,16107551.0,,14768584.0,,,,,1304257078,494428343.0,809828735,,809828735,2025,0.8220264197628527,0.7958957930237655,0.49367435335349674,829445489,-0.023650443893124845,H4930,Transporte por tuberías
Plenas-Separados,"Estado de resultado integral, resultado del periodo, por funcion de gasto",830038177,2025-04-30,IINVERMEYER S.A.S.,K6613 - Otras actividades relacionadas con el mercado de valores,08. SOCIEDAD POR ACCIONES SIMPLIFICADA SAS,CL 93  14-71 OF  402,BOGOTA D.C.,BOGOTA D.C.,Periodo Actual,1919680.0,0.0,1919680.0,1.0,0.0,42760.0,429.0,0.0,1876492,,,,,,,,,,,1876492,,1876492,,1876492,2025,1.0,0.9775025004167361,0.9775025004167361,-25912,73.41787588761963,K6613,Otras actividades relacionadas con el mercado de valores
Plenas-Separados,"Estado de resultado integral, resultado del periodo, por funcion de gasto",800251163,2025-06-30,OLEODUCTO CENTRAL S.A.OLEODUCTO CENTRAL S.A.,H4930 - Transporte por tuberías,01. SOCIEDAD ANÓNIMA,CRA 11 No 8409 PISO 10,BOGOTA D.C.,BOGOTA D.C.,Periodo Actual,1575744350.0,282002042.0,1293742308.0,0.0,29170799.0,25676526.0,2879162.0,0.0,1236015821,,,22295280.0,,,52262.0,,,,,1258363363,471004015.0,787359348,,787359348,2025,0.8210356635579877,0.784401239325402,0.499674549364559,809828735,-0.027745850485288104,H4930,Transporte por tuberías
Plenas-Separados,"Estado de resultado integral, resultado del periodo, por funcion de gasto",900182199,2025-06-30,COLGENER SA,"K6499 - Otras actividades de servicio financiero, excepto las de seguros y pensiones n.c.p.",01. SOCIEDAD ANÓNIMA,CALLE 90 13 A 20,BOGOTA D.C.,BOGOTA D.C.,Periodo Actual,162860196.0,0.0,162860196.0,21419.0,0.0,2146311.0,220.0,0.0,160735084,,,11248.0,208.0,,,,,,,160746124,65410.0,160680714,,160680714,2025,1.0,0.9869513112952413,0.9866174666767563,99173818,0.6201928819560018,K6499,"Otras actividades de servicio financiero, excepto las de seguros y pensiones n.c.p."
Plenas-Separados,"Estado de resultado integral, resultado del periodo, por funcion de gasto",900276962,2025-06-30,D1 S.A.S,"G4711 - Comercio al por menor en establecimientos no especializados con surtido compuesto principalmente por alimentos, bebidas (alcohólicas y no alcohólicas) o tabaco",08. SOCIEDAD POR ACCIONES SIMPLIFICADA SAS,CLL 77A 11 32,BOGOTA D.C.,BOGOTA D.C.,Periodo Actual,10439001436.0,8486407277.0,1952594159.0,20947678.0,937742349.0,535015466.0,18744905.0,0.0,482039117,,,41981100.0,198156379.0,,,,,,,325863838,120786822.0,205077016,,205077016,2025,0.18704798260361116,0.046176745922999606,0.019645271365972824,216598298,-0.05319193228378923,G4711,"Comercio al por menor en establecimientos no especializados con surtido compuesto principalmente por alimentos, bebidas (alcohólicas y no alcohólicas) o tabaco"
Plenas-Separados,"Estado de resultado integral, resultado del periodo, por funcion de gasto",830038177,2025-10-31,INVERMEYER S.A.S.,K6613 - Otras actividades relacionadas con el mercado de valores,08. SOCIEDAD POR ACCIONES SIMPLIFICADA SAS,CL 93  14-71 OF  402,BOGOTA D.C.,BOGOTA D.C.,Periodo Actual,0.0,0.0,0.0,1.0,0.0,47505.0,663.0,0.0,-48167,,,,,,,,,,,-48167,,-48167,,-48167,2025,,,,1876492,-1.0256686412731841,K6613,Otras actividades relacionadas con el mercado de valores
Plenas-Separados,"Estado de resultado integral, resultado del periodo, por funcion de gasto",800001204,2025-12-31,INVERSIONES URAPANES SAS,K6613 - Otras actividades relacionadas con el mercado de valores,08. SOCIEDAD POR ACCIONES SIMPLIFICADA SAS,CL 81 114 50 BLOQUE D6 APTO 501,CAUCA,GUACHENE-CAUCA,Periodo Actual,0.0,0.0,0.0,0.0,0.0,0.0,612743.0,0.0,-612743,,,,1322.0,,,,,,,-614065,,-614065,,-614065,2025,,,,-643182,0.045270234552583874,K6613,Otras actividades relacionadas con el mercado de valores
Plenas-Separados,"Estado de resultado integral, resultado del periodo, por funcion de gasto",800002030,2025-12-31,COLSEIN SAS,G4659 - Comercio al por mayor de otros tipos de maquinaria y equipo n.c.p.,08. SOCIEDAD POR ACCIONES SIMPLIFICADA SAS,PARQUE INDUSTRIAL GRAN SABANA ED32,CUNDINAMARCA,TOCANCIPA-CUNDINAMARCA,Periodo Actual,25384152.0,15005131.0,10379021.0,1163968.0,6927185.0,3375239.0,1214865.0,0.0,25700,,,497365.0,183541.0,,,,,,,339524,678432.0,-338908,,-338908,2025,0.4088779881242438,0.0010124427241059697,-0.013351164931568326,1215093,-1.2789152764438607,G4659,Comercio al por mayor de otros tipos de maquinaria y equipo n.c.p.
Plenas-Separados,"Estado de resultado integral, resultado del periodo, por funcion de gasto",800002942,2025-12-31,ITELCA SAS,J6190 - Otras actividades de telecomunicaciones,08. SOCIEDAD POR ACCIONES SIMPLIFICADA SAS,CL 94 47 25,BOGOTA D.C.,BOGOTA D.C.,Periodo Actual,56259321.0,45252112.0,11007209.0,105240.0,3172172.0,4051606.0,56609.0,0.0,3832062,,,827930.0,328119.0,,,,,,,4331873,1661481.0,2670392,,2670392,2025,0.19565129483166,0.06811425967974268,0.04746577016100141,2453432,0.08843122613547064,J6190,Otras actividades de telecomunicaciones
Plenas-Separados,"Estado de resultado integral, resultado del periodo, por funcion de gasto",800011002,2025-12-31,TECNAS S.A BIC,C1089 - Elaboración de otros productos alimenticios n.c.p.,01. SOCIEDAD ANÓNIMA,CR 50 G 12 SUR 29,ANTIOQUIA,ITAGUI-ANTIOQUIA,Periodo Actual,192468337.0,121598923.0,70869414.0,5629431.0,22259523.0,28387077.0,0.0,2185.0,25854430,,,,6274066.0,,142333.0,,,,,19722697,9622050.0,10100647,,10100647,2025,0.3682133648819338,0.13433082242509323,0.052479525502420694,15397497,-0.34400721104215837,C1089,Elaboración de otros productos alimenticios n.c.p.
Plenas-Separados,"Estado de resultado integral, resultado del periodo, por funcion de gasto",800012375,2025-12-31,QBCO SAS,C1032 - Elaboración de aceites y grasas de origen vegetal refinados,08. SOCIEDAD POR ACCIONES SIMPLIFICADA SAS,KM.1 CTR CENTRAL BUGA-TULUA,VALLE,BUGA-VALLE,Periodo Actual,416108110.0,364120568.0,51987542.0,0.0,10457606.0,31011685.0,544612.0,212917.0,10186556,0.0,0.0,42496649.0,64089655.0,0.0,5018410.0,0.0,0.0,0.0,0.0,-6388040,-515045.0,-5872995,0.0,-5872995,2025,0.12493758412927833,0.024480551460532695,-0.014114108470512627,16604807,-1.353692457852717,C1032,Elaboración de aceites y grasas de origen vegetal refinados
Plenas-Separados,"Estado de resultado integral, resultado del periodo, por funcion de gasto",800013638,2025-12-31,FLORES SAGARO S.A,A0125 - Cultivo de flor de corte,01. SOCIEDAD ANÓNIMA,CARRETERA SUBA COTA KM 4.2,BOGOTA D.C.,BOGOTA D.C.,Periodo Actual,53632099.0,45139041.0,8493058.0,716291.0,7240352.0,4129507.0,49961.0,0.0,-2210471,,,1384093.0,4427931.0,,,18345.0,,,,-5235964,-686898.0,-4549066,,-4549066,2025,0.15835774020330623,-0.04121544823371541,-0.08481983895502579,-223531,-19.350940138056913,A0125,Cultivo de flor de corte
Plenas-Separados,"Estado de resultado integral, resultado del periodo, por funcion de gasto",800013736,2025-12-31,PALMERAS DE YARIMA S.A.,A0126 - Cultivo de palma para aceite (palma africana) y otros frutos oleaginosos,01. SOCIEDAD ANÓNIMA,CR 29 45 45 OFIC 1106,BOGOTA D.C.,BOGOTA D.C.,Periodo Actual,66196885.0,49682123.0,16514762.0,953774.0,0.0,4160298.0,114124.0,0.0,13194114,,,863819.0,4588095.0,,2059650.0,,,,,11529488,7539182.0,3990306,,3990306,2025,0.2494794430281727,0.19931623670811702,0.06027936208780821,9660874,-0.586962214805824,A0126,Cultivo de palma para aceite (palma africana) y otros frutos oleaginosos
Plenas-Separados,"Estado de resultado integral, resultado del periodo, por funcion de gasto",800013834,2025-12-31,LABORATORIOS LA SANTE S.A.,"C2100 - Fabricación de productos farmacéuticos, sustancias químicas medicinales y productos botánicos de uso farmacéutico",01. SOCIEDAD ANÓNIMA,CL 17 A 32 34,BOGOTA D.C.,BOGOTA D.C.,Periodo Actual,315174582.0,194107016.0,121067566.0,31081490.0,72426618.0,23703034.0,0.0,-7515086.0,48504318,,,7692937.0,38064841.0,,-6326345.0,,,,,11806069,5339281.0,6466788,,6466788,2025,0.3841285843285421,0.1538966679743229,0.020518113989281026,25240660,-0.7437948136063003,C2100,"Fabricación de productos farmacéuticos, sustancias químicas medicinales y productos botánicos de uso farmacéutico"
Plenas-Separados,"Estado de resultado integral, resultado del periodo, por funcion de gasto",800013984,2025-12-31,INVERSIONES ALFONSO GARCIA Y ASOCIADOS SAS,K6613 - Otras actividades relacionadas con el mercado de valores,08. SOCIEDAD POR ACCIONES SIMPLIFICADA SAS,LA VDA LA PUNTA AUT MEDELLIN KM 6 (!) MAS 6 (!) PUNTO 85 (!) COSTADO NORTE Y KM 0 (!) MAS 300 (!) MTS ENTRADA MORGAN,CUNDINAMARCA,TENJO-CUNDINAMARCA,Periodo Actual,377523.0,0.0,377523.0,700027.0,0.0,109077.0,1045087.0,0.0,-76614,0.0,0.0,134004.0,1834.0,0.0,-42311.0,0.0,0.0,0.0,0.0,13245,0.0,13245,0.0,13245,2025,1.0,-0.202938628904729,0.03508395514975247,876165,-0.9848829843693825,K6613,Otras actividades relacionadas con el mercado de valores
Plenas-Separados,"Estado de resultado integral, resultado del periodo, por funcion de gasto",800014246,2025-12-31,ESTYMA ESTUDIOS Y MANEJOS S.A,F4290 - Construcción de otras obras de ingeniería civil,01. SOCIEDAD ANÓNIMA,CR 35A 15B35 OF 410CR 35A 15B35 OF 410,ANTIOQUIA,MEDELLIN-ANTIOQUIA,Periodo Actual,288786525.0,249205177.0,39581348.0,0.0,0.0,10495106.0,332167.0,0.0,28754075,,,2375060.0,9691236.0,,,,,,,21437899,8078647.0,13359252,,13359252,2025,0.13706092415496188,0.09956861733766836,0.04625995620813679,189664,69.4364138687363,F4290,Construcción de otras obras de ingeniería civil
Plenas-Separados,"Estado de resultado integral, resultado del periodo, por funcion de gasto",800017113,2025-12-31,ICI INVERSIONES & CONSTRUCCIONES INDUSTRIALIZADAS SAS,F4111 - Construcción de edificios residenciales,08. SOCIEDAD POR ACCIONES SIMPLIFICADA SAS,CRA 11 #75 -19,BOGOTA D.C.,BOGOTA D.C.,Periodo Actual,0.0,1134837.0,-1134837.0,20848903.0,3288713.0,931441.0,0.0,0.0,15493912,,,,392196.0,,,,,,,15101716,,15101716,,15101716,2025,,,,-58810861,1.256784473874647,F4111,Construcción de edificios residenciales
Plenas-Separados,"Estado de resultado integral, resultado del periodo, por funcion de gasto",800020274,2025-12-31,C.I. CULTIVOS MIRAMONTE S.A.S.,A0125 - Cultivo de flor de corte,08. SOCIEDAD POR ACCIONES SIMPLIFICADA SAS,CALLE 97 N° 23 - 60 OFICINA 702 TORRE PROKSOL,BOGOTA D.C.,BOGOTA D.C.,Periodo Actual,54465113.0,50620195.0,3844918.0,132590.0,1296960.0,1614804.0,160732.0,0.0,905012,,,67280.0,818843.0,,,,,,,153449,277240.0,-123791,,-123791,2025,0.07059414344738438,0.01661636137613448,-0.002272849410961472,147316,-1.8403092671536019,A0125,Cultivo de flor de corte
Plenas-Separados,"Estado de resultado integral, resultado del periodo, por funcion de gasto",800020762,2025-12-31,INVERSORA ANAGRAMA INVERANAGRAMA S.A.S,"K6499 - Otras actividades de servicio financiero, excepto las de seguros y pensiones n.c.p.",08. SOCIEDAD POR ACCIONES SIMPLIFICADA SAS,AVDA EL DORADO 68B 31 PISO 10,BOGOTA D.C.,BOGOTA D.C.,Periodo Actual,0.0,0.0,0.0,1.0,0.0,408519.0,130587.0,0.0,-539105,,,647066.0,42192589.0,,295676797.0,,,,,253592169,498491.0,253093678,,253093678,2025,,,,243870478,0.03782007595031654,K6499,"Otras actividades de servicio financiero, excepto las de seguros y pensiones n.c.p."
Plenas-Separados,"Estado de resultado integral, resultado del periodo, por funcion de gasto",800021390,2025-12-31,GEOMATRIX S.A.S.,C1311 - Preparación e hilatura de fibras textiles,08. SOCIEDAD POR ACCIONES SIMPLIFICADA SAS,CL 15 72-72,BOGOTA D.C.,BOGOTA D.C.,Periodo Actual,54559994.0,29768449.0,24791545.0,2759869.0,14143314.0,6741524.0,1824375.0,0.0,4842201,,,2402599.0,2295378.0,,2515370.0,,,,,7464792,1904391.0,5560401,,5560401,2025,0.45439053750629077,0.0887500280883462,0.10191351927201459,8062309,-0.3103215220354367,C1311,Preparación e hilatura de fibras textiles
Plenas-Separados,"Estado de resultado integral, resultado del periodo, por funcion de gasto",800021413,2025-12-31,VAL Y CIA S.C.S.,H4923 - Transporte de carga por carretera,04. SOCIEDAD EN COMANDITA,CALLE 47B 2GN 05,VALLE,CALI-VALLE,Periodo Actual,5175019.0,0.0,5175019.0,0.0,0.0,12869.0,0.0,0.0,5162150,,,,4213.0,,,,,,,5157937,1823797.0,3334140,,3334140,2025,1.0,0.9975132458450877,0.6442758954121715,5920523,-0.43685042689640763,H4923,Transporte de carga por carretera
Plenas-Separados,"Estado de resultado integral, resultado del periodo, por funcion de gasto",800022127,2025-12-31,"ESTUDIOS, PROYECTOS E INVERSIONES DE LOS ANDES S.A.S",F4210 - Construcción de carreteras y vías de ferrocarril,08. SOCIEDAD POR ACCIONES SIMPLIFICADA SAS,AVENIDA CALLE 26 N° 26-41 P9 OF 903,BOGOTA D.C.,BOGOTA D.C.,Periodo Actual,7697508.0,0.0,7697508.0,158605042.0,15786101.0,0.0,0.0,0.0,150516449,0.0,0.0,99261451.0,693.0,0.0,876058.0,0.0,0.0,0.0,0.0,250653265,32975516.0,217677749,0.0,217677749,2025,1.0,19.553919138505606,28.27898964184253,10493213,19.7446231197251,F4210,Construcción de carreteras y vías de ferrocarril
Plenas-Separados,"Estado de resultado integral, resultado del periodo, por funcion de gasto",800022371,2025-12-31,COLOMBIANA DE EXTRUSION S.A. EXTRUCOL,C2221 - Fabricación de formas básicas de plástico,01. SOCIEDAD ANÓNIMA,PARQUE INDUSTRIAL DE BUCARAMANGA I KM 3 VIAP ALENQUE CAFE MADRID,SANTANDER,BUCARAMANGA-SANTANDER,Periodo Actual,152643621.0,122378926.0,30264695.0,899975.0,4659155.0,8060218.0,999.0,3444.0,18447742,,,3719043.0,8081277.0,13884.0,1277643.0,,,,,15349267,5578506.0,9770761,,9770761,2025,0.19827028998480062,0.12085498155209512,0.06401028052131966,14103086,-0.3071898590138357,C2221,Fabricación de formas básicas de plástico
Plenas-Separados,"Estado de resultado integral, resultado del periodo, por funcion de gasto",800022558,2025-12-31,BATERIAS WILLARD S.A,"C2720 - Fabricación de pilas, baterías y acumuladores eléctricos",01. SOCIEDAD ANÓNIMA,CALLE 75 59 45,ATLANTICO,MALAMBO-ATLANTICO,Periodo Actual,330997700.0,290566516.0,40431184.0,16500325.0,20150213.0,12618636.0,989561.0,0.0,23173099,,,,4230915.0,,413532.0,,,,,19355716,3672793.0,15682923,,15682923,2025,0.12214944091756529,0.07000984901103542,0.047380761256044984,13977123,0.12204228295050419,C2720,"Fabricación de pilas, baterías y acumuladores eléctricos"
Plenas-Separados,"Estado de resultado integral, resultado del periodo, por funcion de gasto",800023551,2025-12-31,C.I. FORTIA MINERALS S.A.S.,"G4661 - Comercio al por mayor de combustibles sólidos, líquidos, gaseosos y productos conexos",08. SOCIEDAD POR ACCIONES SIMPLIFICADA SAS,CR 24 No 1 A - 24 OF 908A,ATLANTICO,BARRANQUILLA-ATLANTICO,Periodo Actual,104342992.0,101574161.0,2768831.0,4622021.0,0.0,17214700.0,709545.0,0.0,-10533393,,,11142570.0,6435914.0,191889.0,,,,,,-6018626,-1568989.0,-4449637,,-4449637,2025,0.026535859734595303,-0.10094969291277367,-0.04264433015300156,-9422147,0.5277470198671279,G4661,"Comercio al por mayor de combustibles sólidos, líquidos, gaseosos y productos conexos"
Plenas-Separados,"Estado de resultado integral, resultado del periodo, por funcion de gasto",800027082,2025-12-31,CODENEGOCIOS S.A.S.,"G4799 - Otros tipos de comercio al por menor no realizado en establecimientos, puestos de venta o mercados",08. SOCIEDAD POR ACCIONES SIMPLIFICADA SAS,CR 13 26 45 P11,BOGOTA D.C.,BOGOTA D.C.,Periodo Actual,0.0,0.0,0.0,2.0,0.0,65810.0,2.0,0.0,-65810,,,6616.0,,,45625.0,,,,,-13569,,-13569,,-13569,2025,,,,-31705,0.572023340167166,G4799,"Otros tipos de comercio al por menor no realizado en establecimientos, puestos de venta o mercados"
Plenas-Separados,"Estado de resultado integral, resultado del periodo, por funcion de gasto",800027867,2025-12-31,INDUSTRIAS BASICAS DE CALDAS S.A. I.B.C ,C2011 - Fabricación de sustancias y productos químicos básicos,01. SOCIEDAD ANÓNIMA,CARRETERA PANAMERICANA KM 18 LA MANUELA VIA MEDELLIN,CALDAS,MANIZALES-CALDAS,Periodo Actual,50473052.0,29951433.0,20521619.0,1202648.0,7648559.0,1563312.0,501516.0,0.0,12010880,,,205969.0,1260187.0,,8703686.0,,,,,19660348,3864316.0,15796032,,15796032,2025,0.40658565683723663,0.23796619233566457,0.3129597156122043,18089880,-0.12680283119622685,C2011,Fabricación de sustancias y productos químicos básicos
Plenas-Separados,"Estado de resultado integral, resultado del periodo, por funcion de gasto",800030932,2025-12-31,PROCINAL BOGOTA LTDA,L6810 - Actividades inmobiliarias realizadas con bienes propios o arrendados,03. SOCIEDAD LIMITADA,AUTOPISTA NORTE 232 LOCAL 10,BOGOTA D.C.,BOGOTA D.C.,Periodo Actual,2275089.0,0.0,2275089.0,0.0,2379083.0,310330.0,4575314.0,0.0,-4989638,,,,,,,,,,,-4989638,,-4989638,,-4989638,2025,1.0,-2.193161674114727,-2.193161674114727,-4788408,-0.042024405606205656,L6810,Actividades inmobiliarias realizadas con bienes propios o arrendados
Plenas-Separados,"Estado de resultado integral, resultado del periodo, por funcion de gasto",800032229,2025-12-31,POSADABETANCUR SAS,N8299 - Otras actividades de servicio de apoyo a las empresas n.c.p.,08. SOCIEDAD POR ACCIONES SIMPLIFICADA SAS,cl 7d 43a 99 oficina 310,ANTIOQUIA,MEDELLIN-ANTIOQUIA,Periodo Actual,8505.0,0.0,8505.0,6093.0,0.0,646238.0,10788.0,0.0,-642428,,,371840.0,707.0,,1020144.0,,,,,748849,494.0,748355,,748355,2025,1.0,-75.53533215755438,87.99000587889476,1236696,-0.3948755393403068,N8299,Otras actividades de servicio de apoyo a las empresas n.c.p.
Plenas-Separados,"Estado de resultado integral, resultado del periodo, por funcion de gasto",800032970,2025-12-31,LEMCO S A S,K6494 - Otras actividades de distribución de fondos,08. SOCIEDAD POR ACCIONES SIMPLIFICADA SAS,DIAGONAL 25 G 94 55,BOGOTA D.C.,BOGOTA D.C.,Periodo Actual,111738473.0,1099755.0,110638718.0,0.0,16202390.0,10997740.0,334092.0,553790.0,83658286,0.0,0.0,1418888.0,2342410.0,0.0,,,,,,82734764,5492909.0,77241855,0.0,77241855,2025,0.9901577767220785,0.748697236984794,0.6912735866723362,61984785,0.24614217827810486,K6494,Otras actividades de distribución de fondos
Plenas-Separados,"Estado de resultado integral, resultado del periodo, por funcion de gasto",800033159,2025-12-31,Durman Colombia SAS,C2229 - Fabricación de artículos de plástico n.c.p.,08. SOCIEDAD POR ACCIONES SIMPLIFICADA SAS,Km 27 Via Fontibon Facatativa Los Alpes,CUNDINAMARCA,MADRID-CUNDINAMARCA,Periodo Actual,184122326.0,153932742.0,30189584.0,2552942.0,18549192.0,23299450.0,9186400.0,0.0,-18292516,,,,,,,,,,,-18292516,-28740.0,-18263776,,-18263776,2025,0.1639648197796502,-0.09934979856815408,-0.09919370668823725,-20154577,0.0938149681831576,C2229,Fabricación de artículos de plástico n.c.p.
Plenas-Separados,"Estado de resultado integral, resultado del periodo, por funcion de gasto",800034825,2025-12-31,Compañia de alimentos Antillana S.A.S.,A0311 - Pesca marítima,08. SOCIEDAD POR ACCIONES SIMPLIFICADA SAS,CARRERA 48 27A SUR 89,ANTIOQUIA,ENVIGADO-ANTIOQUIA,Periodo Actual,181436000.0,145329376.0,36106624.0,1099543.0,27564544.0,7721222.0,121539.0,-180564.0,1618298,,,101784.0,3253639.0,,,,,,,-1533557,86428.0,-1619985,,-1619985,2025,0.19900473996340307,0.00891938755263564,-0.008928685597125157,5342544,-1.3032235204801308,A0311,Pesca marítima
Plenas-Separados,"Estado de resultado integral, resultado del periodo, por funcion de gasto",800035776,2025-12-31,NEXSYS DE COLOMBIA SAS,"G4651 - Comercio al por mayor de computadores, equipo periférico y programas de informática",08. SOCIEDAD POR ACCIONES SIMPLIFICADA SAS,AUT.MEDELLIN CL 80 KM 2 PET,CUNDINAMARCA,COTA-CUNDINAMARCA,Periodo Actual,1160152224.0,1079680681.0,80471543.0,147914450.0,16271894.0,21073539.0,157522257.0,0.0,33518303,,,18887718.0,11140994.0,,4448750.0,,,,,45713777,17597093.0,28116684,,28116684,2025,0.0693629174993505,0.028891297457875664,0.02423534034444087,22763627,0.23515835152280434,G4651,"Comercio al por mayor de computadores, equipo periférico y programas de informática"
Plenas-Separados,"Estado de resultado integral, resultado del periodo, por funcion de gasto",800038391,2025-12-31,HOLDING MINERO SAS EN REORGANIZACION,B0510 - Extracción de hulla (carbón de piedra),08. SOCIEDAD POR ACCIONES SIMPLIFICADA SAS,CR 51 B 80 58 OF 1501,ATLANTICO,BARRANQUILLA-ATLANTICO,Periodo Actual,900000.0,66431.0,833569.0,0.0,0.0,1056708.0,18224039.0,18873.0,-18428305,,,4024.0,344.0,,-35391192.0,,,,,-53815817,-4066046.0,-49749771,,-49749771,2025,0.9261877777777778,-20.475894444444446,-55.277523333333335,-9604809,-4.179673119996452,B0510,Extracción de hulla (carbón de piedra)
Plenas-Separados,"Estado de resultado integral, resultado del periodo, por funcion de gasto",800039996,2025-12-31,KUEHNE + NAGEL SAS,H5229 - Otras actividades complementarias al transporte,08. SOCIEDAD POR ACCIONES SIMPLIFICADA SAS,CALLE 113 No. 7-80 PISO5  TORRE AR,BOGOTA D.C.,BOGOTA D.C.,Periodo Actual,1410988481.0,1199756451.0,211232030.0,987123.0,0.0,188560311.0,0.0,0.0,23658842,0.0,0.0,3793154.0,17920935.0,0.0,0.0,1661279.0,0.0,0.0,0.0,11192340,6525013.0,4667327,,4667327,2025,0.14970499961154538,0.016767565659524333,0.003307842029080321,11770371,-0.6034681489648882,H5229,Otras actividades complementarias al transporte
Plenas-Separados,"Estado de resultado integral, resultado del periodo, por funcion de gasto",800040620,2025-12-31,HG&CIA SAS,L6810 - Actividades inmobiliarias realizadas con bienes propios o arrendados,08. SOCIEDAD POR ACCIONES SIMPLIFICADA SAS,CALLE 90 13 40 P 5,BOGOTA D.C.,BOGOTA D.C.,Periodo Actual,9128958.0,8160.0,9120798.0,42046.0,0.0,1282433.0,3476267.0,0.0,4404144,,,2183972.0,443172.0,,,,,,,6144944,184128.0,5960816,,5960816,2025,0.9991061411389996,0.48243665925508694,0.6529568873030197,8537588,-0.3018149856844814,L6810,Actividades inmobiliarias realizadas con bienes propios o arrendados
Plenas-Separados,"Estado de resultado integral, resultado del periodo, por funcion de gasto",800041030,2025-12-31,SOCIEDAD COMERCIALIZADORA SAS,L6810 - Actividades inmobiliarias realizadas con bienes propios o arrendados,08. SOCIEDAD POR ACCIONES SIMPLIFICADA SAS,CALLE 20 NO. 6-17 OFICINA 301,RISARALDA,PEREIRA-RISARALDA,Periodo Actual,3196295.0,0.0,3196295.0,672667.0,8970.0,1819455.0,5215.0,0.0,2035322,,,279040.0,,,,,,,,2314362,584765.0,1729597,,1729597,2025,1.0,0.6367753915079803,0.5411255844657643,2214961,-0.21912981763561526,L6810,Actividades inmobiliarias realizadas con bienes propios o arrendados
Plenas-Separados,"Estado de resultado integral, resultado del periodo, por funcion de gasto",800046226,2025-12-31,HEINSOHN BUSINESS TECHNOLOGY S.A BIC,J6202 - Actividades de consultoría informática y actividades de administración de instalaciones informáticas,01. SOCIEDAD ANÓNIMA,CR 13 82 49 P6,BOGOTA D.C.,BOGOTA D.C.,Periodo Actual,132179765.0,86344718.0,45835047.0,2766462.0,9489984.0,10335106.0,824159.0,0.0,27952260,,,8019109.0,11120715.0,,11355146.0,,,,,36205800,6753913.0,29451887,,29451887,2025,0.3467629633022876,0.21147155164029835,0.22281691149927524,26426063,0.11450150557803483,J6202,Actividades de consultoría informática y actividades de administración de instalaciones informáticas
Plenas-Separados,"Estado de resultado integral, resultado del periodo, por funcion de gasto",800047031,2025-12-31,Dexco Colombia S.A.,"C1620 - Fabricación de hojas de madera para enchapado; fabricación de tableros contrachapados, tableros laminados, tableros de partículas y otros tableros y paneles",01. SOCIEDAD ANÓNIMA,Calle 16 # 55-129 Centro Comercial de Moda Piso 5,ANTIOQUIA,MEDELLIN-ANTIOQUIA,Periodo Actual,504161157.0,371680380.0,132480777.0,19207958.0,46547512.0,13179172.0,2980908.0,15673058.0,104654201,,,8537967.0,6838286.0,19411.0,66364604.0,,,,-973432.0,171725643,27356469.0,144369174,,144369174,2025,0.26277466076189604,0.207580848994283,0.2863552100266225,130998371,0.1020684677063656,C1620,"Fabricación de hojas de madera para enchapado; fabricación de tableros contrachapados, tableros laminados, tableros de partículas y otros tableros y paneles"
Plenas-Separados,"Estado de resultado integral, resultado del periodo, por funcion de gasto",800048943,2025-12-31,TAGHLEEF LATIN AMERICA S.A.    TAGHLEEF LATIN AMERICA S.A.,C2221 - Fabricación de formas básicas de plástico,01. SOCIEDAD ANÓNIMA,Km 5 Via Mamona Sector Puerta de Hierro,BOLIVAR,CARTAGENA-BOLIVAR,Periodo Actual,802936385.0,696234977.0,106701408.0,0.0,36504395.0,54784533.0,2814231.0,0.0,12598249,,,5916687.0,45386187.0,,-16674384.0,,,,,-43545635,11487442.0,-55033077,,-55033077,2025,0.13288899344124255,0.01569022058951781,-0.06853977230089031,-30523560,-0.802970459540106,C2221,Fabricación de formas básicas de plástico
Plenas-Separados,"Estado de resultado integral, resultado del periodo, por funcion de gasto",800049489,2025-12-31,COSMOTEXTIL SAS,"G4641 - Comercio al por mayor de productos textiles, productos confeccionados para uso doméstico",08. SOCIEDAD POR ACCIONES SIMPLIFICADA SAS,CR 69 B 18 A 10,BOGOTA D.C.,BOGOTA D.C.,Periodo Actual,27994175.0,21376201.0,6617974.0,692199.0,4705610.0,2709696.0,191264.0,0.0,-296397,0.0,0.0,978403.0,748271.0,0.0,-39681.0,,,,,-105946,137566.0,-243512,0.0,-243512,2025,0.2364053950509347,-0.010587809785428576,-0.008698666776213266,466793,-1.521670204994505,G4641,"Comercio al por mayor de productos textiles, productos confeccionados para uso doméstico"
Plenas-Separados,"Estado de resultado integral, resultado del periodo, por funcion de gasto",800050714,2025-12-31,CI AGRICOLA CARDENAL SAS,A0125 - Cultivo de flor de corte,08. SOCIEDAD POR ACCIONES SIMPLIFICADA SAS,CALLE 72 No. 10 07 OF 601,BOGOTA D.C.,BOGOTA D.C.,Periodo Actual,63456691.0,56986322.0,6470369.0,224551.0,993521.0,3424675.0,0.0,0.0,2276724,,,2131283.0,4831641.0,,,,,,,-423634,186787.0,-610421,,-610421,2025,0.10196511822527904,0.035878391452841434,-0.009619489928965884,-339251,-0.799319677760714,A0125,Cultivo de flor de corte
Plenas-Separados,"Estado de resultado integral, resultado del periodo, por funcion de gasto",800051838,2025-12-31,MANUFACTURAS DE ALUMINIO MADEAL S.A.,"C2930 - Fabricación de partes, piezas (autopartes) y accesorios (lujos) para vehículos automotores",01. SOCIEDAD ANÓNIMA,CL 22B 126 02,BOGOTA D.C.,BOGOTA D.C.,Periodo Actual,59566555.0,48806748.0,10759807.0,182357.0,4171980.0,3084601.0,2113242.0,0.0,1572341,,,25058.0,2065407.0,,-94254.0,,,,,-562262,587599.0,-1149861,,-1149861,2025,0.1806350392430786,0.026396372931085238,-0.01930380227629414,-3824106,0.6993124667569361,C2930,"Fabricación de partes, piezas (autopartes) y accesorios (lujos) para vehículos automotores"
Plenas-Separados,"Estado de resultado integral, resultado del periodo, por funcion de gasto",800058607,2025-12-31,CONTROLES EMPRESARIALES SAS,"G4651 - Comercio al por mayor de computadores, equipo periférico y programas de informática",08. SOCIEDAD POR ACCIONES SIMPLIFICADA SAS,CRA 16A 75 50,BOGOTA D.C.,BOGOTA D.C.,Periodo Actual,1051898723.0,922358988.0,129539735.0,5238818.0,54510477.0,36175628.0,852414.0,0.0,43240034,,,16234869.0,19176569.0,,,,,,,40298334,13535343.0,26762991,,26762991,2025,0.12314848584524805,0.041106651291181386,0.02544255489128491,19260728,0.38951087414764385,G4651,"Comercio al por mayor de computadores, equipo periférico y programas de informática"
Plenas-Separados,"Estado de resultado integral, resultado del periodo, por funcion de gasto",800059608,2025-12-31,INDUSTRIAS ST. EVEN S.A.S.,"C1410 - Confección de prendas de vestir, excepto prendas de piel",08. SOCIEDAD POR ACCIONES SIMPLIFICADA SAS,CARRERA 46 30 61,ANTIOQUIA,MEDELLIN-ANTIOQUIA,Periodo Actual,42145026.0,20047096.0,22097930.0,1628176.0,23382143.0,4743342.0,343053.0,0.0,-4742432,,,534950.0,1385999.0,,298335.0,,,,,-5295146,-1890828.0,-3404318,,-3404318,2025,0.524330676649719,-0.11252649363652072,-0.08077627001582582,-3606108,0.055957835982727085,C1410,"Confección de prendas de vestir, excepto prendas de piel"
Plenas-Separados,"Estado de resultado integral, resultado del periodo, por funcion de gasto",800059688,2025-12-31,ALURA ANIMAL HEALTH & NUTRITION S.A.S,"C2100 - Fabricación de productos farmacéuticos, sustancias químicas medicinales y productos botánicos de uso farmacéutico",08. SOCIEDAD POR ACCIONES SIMPLIFICADA SAS,CR 129 22B 57 INT 23,BOGOTA D.C.,BOGOTA D.C.,Periodo Actual,149885274.0,105301041.0,44584233.0,395735.0,16629490.0,10209887.0,624121.0,0.0,17516470,,,4307395.0,7097219.0,,-113.0,,,,,14726533,5740496.0,8986037,,8986037,2025,0.29745572603750253,0.1168658503436435,0.05995276760811072,5799141,0.5495462172759724,C2100,"Fabricación de productos farmacéuticos, sustancias químicas medicinales y productos botánicos de uso farmacéutico"
Plenas-Separados,"Estado de resultado integral, resultado del periodo, por funcion de gasto",800065539,2025-12-31,HOTELES ROYAL S.A,I5511 - Alojamiento en hoteles,01. SOCIEDAD ANÓNIMA,Calle 99 n° 9A-45 Piso 7,BOGOTA D.C.,BOGOTA D.C.,Periodo Actual,176223754.0,28408973.0,147814781.0,2011525.0,0.0,129941340.0,0.0,0.0,19884966,,,,4836131.0,,-455535.0,,,,,14593300,5757854.0,8835446,,8835446,2025,0.8387903312966537,0.11283930542076638,0.05013765624355046,-542761,17.27870462321353,I5511,Alojamiento en hoteles
Plenas-Separados,"Estado de resultado integral, resultado del periodo, por funcion de gasto",800069554,2025-12-31,INTERTEK COLOMBIA SA,M7120 - Ensayos y análisis técnicos,01. SOCIEDAD ANÓNIMA,CALLE 127 A 53 A 45 TORRE II OFICINA 1103,BOGOTA D.C.,BOGOTA D.C.,Periodo Actual,30968825.0,27447934.0,3520891.0,3039006.0,0.0,8476330.0,0.0,0.0,-1916433,,,,902866.0,54736.0,3095382.0,,,,,221347,-1162861.0,1384208,,1384208,2025,0.1136914623012013,-0.06188265134373035,0.044696820108609224,3027775,-0.5428299658990513,M7120,Ensayos y análisis técnicos
Plenas-Separados,"Estado de resultado integral, resultado del periodo, por funcion de gasto",800070965,2025-12-31,COMPAÑIA INVERSORA COLMENA S.A,K6613 - Otras actividades relacionadas con el mercado de valores,01. SOCIEDAD ANÓNIMA,CALLE 72 10 71 PISO 9,BOGOTA D.C.,BOGOTA D.C.,Periodo Actual,0.0,0.0,0.0,16359362.0,0.0,572223.0,62190.0,0.0,15724949,,,493195.0,,,11514951.0,,,,,27733095,5267138.0,22465957,,22465957,2025,,,,22068497,0.01801028860279882,K6613,Otras actividades relacionadas con el mercado de valores
Plenas-Separados,"Estado de resultado integral, resultado del periodo, por funcion de gasto",800070993,2025-12-31,EMPRESA INTERNACIONAL DE SOLUCIONES DE ENERGIA ELECTRICA TEMPORAL S.A.S. EN REORGANIZACION,"N7730 - Alquiler y arrendamiento de otros tipos de maquinaria, equipo y bienes tangibles n.c.p.",08. SOCIEDAD POR ACCIONES SIMPLIFICADA SAS,CARRERA 41 #46 - 68,ANTIOQUIA,ITAGUI-ANTIOQUIA,Periodo Actual,34221018.0,25173917.0,9047101.0,1536253.0,1055745.0,3526772.0,567698.0,0.0,5433139,,,273848.0,2870760.0,60815.0,,,,,,2775412,2647924.0,127488,,127488,2025,0.26437264373608055,0.15876614190729219,0.003725429792883426,2755707,-0.9537367361624439,N7730,"Alquiler y arrendamiento de otros tipos de maquinaria, equipo y bienes tangibles n.c.p."
Plenas-Separados,"Estado de resultado integral, resultado del periodo, por funcion de gasto",800073741,2025-12-31,INVERSIONES GABRA SAS,F4111 - Construcción de edificios residenciales,08. SOCIEDAD POR ACCIONES SIMPLIFICADA SAS,CL 18 # 1AE 91 BRR BLANCO,NORTE DE SANTANDER,CUCUTA-NORTE DE SANTANDER,Periodo Actual,1113539.0,227836.0,885703.0,211125.0,0.0,673640.0,43091.0,0.0,380097,,,41436.0,,,,,176790.0,,,598323,110139.0,488184,,488184,2025,0.7953946830780062,0.3413414348307513,0.438407635475722,558986,-0.12666149062767226,F4111,Construcción de edificios residenciales
Plenas-Separados,"Estado de resultado integral, resultado del periodo, por funcion de gasto",800075454,2025-12-31,INDUSTRIAS KADIMA S.A.S.,K6613 - Otras actividades relacionadas con el mercado de valores,08. SOCIEDAD POR ACCIONES SIMPLIFICADA SAS,CL 80#78B-201,ATLANTICO,BARRANQUILLA-ATLANTICO,Periodo Actual,0.0,0.0,0.0,1664653.0,0.0,29994.0,1679.0,0.0,1632980,,,,804.0,,,,,,,1632176,186.0,1631990,,1631990,2025,,,,-48419343,1.0337053313589983,K6613,Otras actividades relacionadas con el mercado de valores
Plenas-Separados,"Estado de resultado integral, resultado del periodo, por funcion de gasto",800080027,2025-12-31,EXPOFARO SAS,"C1410 - Confección de prendas de vestir, excepto prendas de piel",08. SOCIEDAD POR ACCIONES SIMPLIFICADA SAS,CL 73 A 44 77,ANTIOQUIA,ITAGUI-ANTIOQUIA,Periodo Actual,89702209.0,53088908.0,36613301.0,587513.0,11298818.0,22472224.0,766643.0,0.0,2663129,,,10190480.0,26583748.0,,,,,,,-13730139,-2102550.0,-11627589,,-11627589,2025,0.4081649873304681,0.029688555384405305,-0.12962433288571523,43383520,-1.2680185701851763,C1410,"Confección de prendas de vestir, excepto prendas de piel"
Plenas-Separados,"Estado de resultado integral, resultado del periodo, por funcion de gasto",800080917,2025-12-31,DIMEL INGENIERIA SA,C2599 - Fabricación de otros productos elaborados de metal n.c.p.,01. SOCIEDAD ANÓNIMA,KM 3 VIA CALI-CANDELARIA,VALLE,CANDELARIA-VALLE,Periodo Actual,158907265.0,117437549.0,41469716.0,1238612.0,21363160.0,12057676.0,1680622.0,0.0,7606870,,,823090.0,6433222.0,,,,,,-96997.0,1899741,1210510.0,689231,,689231,2025,0.2609680306309469,0.047869869259910804,0.004337315855256838,2953506,-0.7666397156464215,C2599,Fabricación de otros productos elaborados de metal n.c.p.
Plenas-Separados,"Estado de resultado integral, resultado del periodo, por funcion de gasto",800082889,2025-12-31,DATALOG COLOMBIA SAS,B0910 - Actividades de apoyo para la extracción de petróleo y de gas natural,08. SOCIEDAD POR ACCIONES SIMPLIFICADA SAS,Cl 21 A 69 B 30,BOGOTA D.C.,BOGOTA D.C.,Periodo Actual,23549772.0,21916295.0,1633477.0,2255985.0,789063.0,3655140.0,45723.0,0.0,-600464,,,255252.0,1575562.0,,-115666.0,,,,,-2036440,-630800.0,-1405640,,-1405640,2025,0.06936275221687921,-0.02549765662274777,-0.05968805133230164,1639052,-1.85759329173205,B0910,Actividades de apoyo para la extracción de petróleo y de gas natural
Plenas-Separados,"Estado de resultado integral, resultado del periodo, por funcion de gasto",800085445,2025-12-31,INVERSIONES JV SAS,A0145 - Cría de aves de corral,08. SOCIEDAD POR ACCIONES SIMPLIFICADA SAS,CALLE 5 11 59,SANTANDER,BUCARAMANGA-SANTANDER,Periodo Actual,159151994.0,135710866.0,23441128.0,2574351.0,3758947.0,4129729.0,543495.0,0.0,17583308,,,2405696.0,4435696.0,,,,,,,15553308,5468589.0,10084719,,10084719,2025,0.14728768022849906,0.11048122966024541,0.0633653323878556,14271118,-0.2933476550330535,A0145,Cría de aves de corral
Plenas-Separados,"Estado de resultado integral, resultado del periodo, por funcion de gasto",800089040,2025-12-31,ICARO DIECISIETE SAS,G4731 - Comercio al por menor de combustible para automotores,08. SOCIEDAD POR ACCIONES SIMPLIFICADA SAS,AV CR 9 113 52 OF 1008,BOGOTA D.C.,BOGOTA D.C.,Periodo Actual,71473474.0,50887095.0,20586379.0,522312.0,0.0,19985449.0,148519.0,0.0,974723,,,1505128.0,1933329.0,,,3627626.0,,,,4174148,258921.0,3915227,,3915227,2025,0.2880282410786413,0.01363754894578092,0.054778742110674516,320097,11.231376738926013,G4731,Comercio al por menor de combustible para automotores
Plenas-Separados,"Estado de resultado integral, resultado del periodo, por funcion de gasto",800090963,2025-12-31,SOFTLAND COLOMBIA SAS,"J6201 - Actividades de desarrollo de sistemas informáticos (planificación, análisis, diseño, programación, pruebas)",08. SOCIEDAD POR ACCIONES SIMPLIFICADA SAS,CARRERA 7 # 71-52 TORRE B PISO 17,BOGOTA D.C.,BOGOTA D.C.,Periodo Actual,22581402.0,10760330.0,11821072.0,904766.0,2769728.0,5954119.0,1499508.0,0.0,2502483,,600.0,1103402.0,,,,,,,,3606485,912351.0,2694134,,2694134,2025,0.5234870713519028,0.11082053275522928,0.11930764971988896,1803578,0.49377182467295566,J6201,"Actividades de desarrollo de sistemas informáticos (planificación, análisis, diseño, programación, pruebas)"
Plenas-Separados,"Estado de resultado integral, resultado del periodo, por funcion de gasto",800092723,2025-12-31,GMP PRODUCTOS QUIMICOS S.A.S.,"G4664 - Comercio al por mayor de productos químicos básicos, cauchos y plásticos en formas primarias y productos químicos de uso agropecuario",08. SOCIEDAD POR ACCIONES SIMPLIFICADA SAS,CRA 52 7 SUR-96,ANTIOQUIA,MEDELLIN-ANTIOQUIA,Periodo Actual,43050391.0,33425733.0,9624658.0,2702585.0,5964940.0,3869489.0,281057.0,-194726.0,2017031,,,27706.0,802708.0,,285744.0,,,,,1527773,456939.0,1070834,,1070834,2025,0.22356726098027774,0.046852791650603125,0.024873966882205552,1348871,-0.20612571550578224,G4664,"Comercio al por mayor de productos químicos básicos, cauchos y plásticos en formas primarias y productos químicos de uso agropecuario"
Plenas-Separados,"Estado de resultado integral, resultado del periodo, por funcion de gasto",800093117,2025-12-31,ARQUITECTURA Y CONCRETO,F4111 - Construcción de edificios residenciales,08. SOCIEDAD POR ACCIONES SIMPLIFICADA SAS,CL 3 SUR 43 A 52 OF 1801,ANTIOQUIA,MEDELLIN-ANTIOQUIA,Periodo Actual,754851594.0,494549510.0,260302084.0,0.0,0.0,75221378.0,0.0,0.0,185080706,,,,24173843.0,,,,,,,160906863,48738173.0,112168690,,112168690,2025,0.3448387551527115,0.2451882031794451,0.14859701018263996,122313482,-0.08294091406865517,F4111,Construcción de edificios residenciales
Plenas-Separados,"Estado de resultado integral, resultado del periodo, por funcion de gasto",800094791,2025-12-31,FRUTERA DE SANTA MARTA SA,A0122 - Cultivo de plátano y banano,01. SOCIEDAD ANÓNIMA,CALLE 26A No.3-55 OFICINA 410,MAGDALENA,SANTA-MARTA-MAGDALENA,Periodo Actual,48330321.0,34976002.0,13354319.0,416612.0,4321065.0,8119151.0,145076.0,0.0,1185639,0.0,0.0,1799866.0,2310712.0,0.0,-214027.0,,,,,460766,233908.0,226858,,226858,2025,0.2763134761716149,0.024531991004156584,0.0046939063367694165,-138258,2.6408309103270695,A0122,Cultivo de plátano y banano
Plenas-Separados,"Estado de resultado integral, resultado del periodo, por funcion de gasto",800094968,2025-12-31,JARAMILLO MORA CONSTRUCTORA SA,F4111 - Construcción de edificios residenciales,01. SOCIEDAD ANÓNIMA,CALLE 44 A N 4 N 1 33,VALLE,CALI-VALLE,Periodo Actual,1022966911.0,757861369.0,265105542.0,3701139.0,78412354.0,35583655.0,5351446.0,-5528742.0,143930484,,,20777364.0,28419989.0,,,,,,,136287859,3571161.0,132716698,,132716698,2025,0.25915358468520394,0.14069906118400344,0.12973703897251473,66276192,1.0024792311543789,F4111,Construcción de edificios residenciales
Plenas-Separados,"Estado de resultado integral, resultado del periodo, por funcion de gasto",800103090,2025-12-31,CONSORCIO MINERO UNIDO S.A.,B0510 - Extracción de hulla (carbón de piedra),01. SOCIEDAD ANÓNIMA,CARRERA 53 # 106-280 PISO 11 CE BUENAVISTA,ATLANTICO,BARRANQUILLA-ATLANTICO,Periodo Actual,0.0,4864269.0,-4864269.0,0.0,0.0,0.0,47228233.0,0.0,-52092502,,,,1003.0,,1905642.0,,,,,-50187863,,-50187863,,-50187863,2025,,,,-76909200,0.34744005918667725,B0510,Extracción de hulla (carbón de piedra)
Plenas-Separados,"Estado de resultado integral, resultado del periodo, por funcion de gasto",800106129,2025-12-31,FORERO MOLINA SAS,L6810 - Actividades inmobiliarias realizadas con bienes propios o arrendados,08. SOCIEDAD POR ACCIONES SIMPLIFICADA SAS,AUTOPISTA MEDELLIN KM 2 600 MTS ENTRADA VIA PARCELAS COTA,CUNDINAMARCA,COTA-CUNDINAMARCA,Periodo Actual,6619891.0,0.0,6619891.0,145572.0,54080.0,2451962.0,174962.0,0.0,4084459,,,8.0,5103.0,,,,,,,4079364,1187144.0,2892220,,2892220,2025,1.0,0.6169979233797052,0.4368984323155774,3778461,-0.2345507866827261,L6810,Actividades inmobiliarias realizadas con bienes propios o arrendados
Plenas-Separados,"Estado de resultado integral, resultado del periodo, por funcion de gasto",800106884,2025-12-31,DUGOTEX S.A.,"C1410 - Confección de prendas de vestir, excepto prendas de piel",01. SOCIEDAD ANÓNIMA,CALLE 64 C 88 A 19,BOGOTA D.C.,BOGOTA D.C.,Periodo Actual,191948851.0,116202987.0,75745864.0,872761.0,45835647.0,15038947.0,4779480.0,0.0,10964551,,,285201.0,5156314.0,,,,,,,6093438,2470123.0,3623315,,3623315,2025,0.39461483413620435,0.057122253886270985,0.01887646100054019,6177448,-0.41346086604047494,C1410,"Confección de prendas de vestir, excepto prendas de piel"
Plenas-Separados,"Estado de resultado integral, resultado del periodo, por funcion de gasto",800107494,2025-12-31,INVERSIONES DE GASES DE COLOMBIA SA,"G4799 - Otros tipos de comercio al por menor no realizado en establecimientos, puestos de venta o mercados",01. SOCIEDAD ANÓNIMA,Calle 116 7-15 Of 402,BOGOTA D.C.,BOGOTA D.C.,Periodo Actual,0.0,0.0,0.0,0.0,0.0,8446372.0,1165.0,3011.0,-8444526,,,314551.0,12053.0,,148244941.0,,,,,140102913,108573.0,139994340,,139994340,2025,,,,145638278,-0.03875312230758455,G4799,"Otros tipos de comercio al por menor no realizado en establecimientos, puestos de venta o mercados"
Plenas-Separados,"Estado de resultado integral, resultado del periodo, por funcion de gasto",800114766,2025-12-31,FRESKALECHE SAS,C1040 - Elaboración de productos lácteos,08. SOCIEDAD POR ACCIONES SIMPLIFICADA SAS,KILOMETRO 3 VIA CHIMITA PARQUE INDUSTRIAL 1,SANTANDER,BUCARAMANGA-SANTANDER,Periodo Actual,370380812.0,300129298.0,70251514.0,0.0,54337594.0,15722254.0,0.0,6937446.0,7129112,,,1648819.0,10768833.0,,,,,,,-1990902,-504656.0,-1486246,,-1486246,2025,0.18967374044203997,0.019248059751000277,-0.0040127510709167084,6245600,-1.2379668886896376,C1040,Elaboración de productos lácteos
Plenas-Separados,"Estado de resultado integral, resultado del periodo, por funcion de gasto",800118334,2025-12-31,BELLEZA EXPRESS SA,"C2023 - Fabricación de jabones y detergentes, preparados para limpiar y pulir; perfumes y preparados de tocador",01. SOCIEDAD ANÓNIMA,CL 36 # 134 - 201 KM 6 VIA CALI JAMUNDI,VALLE,CALI-VALLE,Periodo Actual,220497486.0,103469161.0,117028325.0,5545670.0,75255765.0,27475589.0,1905312.0,0.0,17937329,,,498250.0,5788294.0,,198695.0,,,,,12845980,3328709.0,9517271,,9517271,2025,0.5307467541829479,0.08134935833236666,0.04316271887108953,14443319,-0.34106066618067493,C2023,"Fabricación de jabones y detergentes, preparados para limpiar y pulir; perfumes y preparados de tocador"
Plenas-Separados,"Estado de resultado integral, resultado del periodo, por funcion de gasto",800125872,2025-12-31,KERALTY S.A.S.,M7010 - Actividades de administración empresarial,08. SOCIEDAD POR ACCIONES SIMPLIFICADA SAS,AC 100 11 B 67,BOGOTA D.C.,BOGOTA D.C.,Periodo Actual,386092363.0,0.0,386092363.0,3076018.0,0.0,190038436.0,2288865.0,0.0,196841080,,,5096579.0,27808326.0,,,,,,,174129333,8577859.0,165551474,,165551474,2025,1.0,0.5098289913597696,0.42878722778569955,185746036,-0.10872136189221288,M7010,Actividades de administración empresarial
Plenas-Separados,"Estado de resultado integral, resultado del periodo, por funcion de gasto",800127132,2025-12-31,FEILO SYLVANIA COLOMBIA SAS,G4659 - Comercio al por mayor de otros tipos de maquinaria y equipo n.c.p.,08. SOCIEDAD POR ACCIONES SIMPLIFICADA SAS,CALLE 57 B SUR 72 A  23,BOGOTA D.C.,BOGOTA D.C.,Periodo Actual,165539539.0,105792679.0,59746860.0,1265882.0,21643587.0,9148779.0,70759.0,0.0,30149617,0.0,0.0,736937.0,1684870.0,0.0,0.0,0.0,0.0,0.0,0.0,29201684,10371553.0,18830131,0.0,18830131,2025,0.36092199096917865,0.18212940051741958,0.11375005097724719,19329851,-0.025852242730686335,G4659,Comercio al por mayor de otros tipos de maquinaria y equipo n.c.p.
Plenas-Separados,"Estado de resultado integral, resultado del periodo, por funcion de gasto",800130149,2025-12-31,SUPERTEX SAS,"C1410 - Confección de prendas de vestir, excepto prendas de piel",08. SOCIEDAD POR ACCIONES SIMPLIFICADA SAS,CRA 35 10 707,VALLE,YUMBO-VALLE,Periodo Actual,156361910.0,125039690.0,31322220.0,1593918.0,13486868.0,9110637.0,1298160.0,5185615.0,14206088,,,344294.0,2299536.0,,1804699.0,,,,,14055545,5119097.0,8936448,,8936448,2025,0.20031873491440466,0.0908538914624412,0.057152333327215046,5186012,0.7231830547249023,C1410,"Confección de prendas de vestir, excepto prendas de piel"
Plenas-Separados,"Estado de resultado integral, resultado del periodo, por funcion de gasto",800130426,2025-12-31,GYJ FERRETERIAS S.A.,"G4663 - Comercio al por mayor de materiales de construcción, artículos de ferretería, pinturas, productos de vidrio, equipo y materiales de fontanería y calefacción",01. SOCIEDAD ANÓNIMA,CRA 62 # 12 - 78 LC1 CC PUENTE ARANDA,BOGOTA D.C.,BOGOTA D.C.,Periodo Actual,1198372441.0,1057867570.0,140504871.0,917407.0,120904.0,92497354.0,0.0,2661548.0,51465568,,,1874615.0,19407987.0,,1654171.0,,,,,35586367,10771072.0,24815295,,24815295,2025,0.11724641371321388,0.04294622125743627,0.02070749806236574,35956370,-0.30984982633118974,G4663,"Comercio al por mayor de materiales de construcción, artículos de ferretería, pinturas, productos de vidrio, equipo y materiales de fontanería y calefacción"
Plenas-Separados,"Estado de resultado integral, resultado del periodo, por funcion de gasto",800133063,2025-12-31,FALCON FARMS DE COLOMBIA SA,A0125 - Cultivo de flor de corte,01. SOCIEDAD ANÓNIMA,CL 97 23 60 TO PROKSOL OF 702,BOGOTA D.C.,BOGOTA D.C.,Periodo Actual,120955930.0,122873686.0,-1917756.0,3743808.0,482880.0,12555355.0,589697.0,0.0,-11801880,,,6027442.0,2202505.0,,91056.0,,,,,-7885887,-2501895.0,-5383992,,-5383992,2025,-0.015854997766541912,-0.09757173542462945,-0.044512013590404374,-4199812,-0.2819602401250342,A0125,Cultivo de flor de corte
Plenas-Separados,"Estado de resultado integral, resultado del periodo, por funcion de gasto",800136505,2025-12-31,DATECSA SA,C1812 - Actividades de servicios relacionados con la impresión,01. SOCIEDAD ANÓNIMA,CL 15 # 29 A - 11 MD C PARQUE LOGISTICO,VALLE,YUMBO-VALLE,Periodo Actual,184755251.0,106228798.0,78526453.0,2629917.0,31635597.0,21123650.0,2997841.0,0.0,25399282,,,347469.0,5154431.0,,,,,,,20592320,7787841.0,12804479,,12804479,2025,0.4250296139079695,0.137475291568303,0.0693050883841997,12631262,0.013713356590972461,C1812,Actividades de servicios relacionados con la impresión
Plenas-Separados,"Estado de resultado integral, resultado del periodo, por funcion de gasto",800136561,2025-12-31,URBANIZADORA SANTA FE DE BOGOTA URBANSA SA,F4111 - Construcción de edificios residenciales,01. SOCIEDAD ANÓNIMA,CR 12 98 35 P 5,BOGOTA D.C.,BOGOTA D.C.,Periodo Actual,200210587.0,159983930.0,40226657.0,3052777.0,0.0,29859155.0,283832.0,0.0,13136447,,,4647083.0,1708465.0,-27747.0,-12430.0,,,,,16090382,3796826.0,12293556,,12293556,2025,0.20092172748087492,0.06561314861935848,0.061403126498999774,14653783,-0.16106605372824206,F4111,Construcción de edificios residenciales
Plenas-Separados,"Estado de resultado integral, resultado del periodo, por funcion de gasto",800141506,2025-12-31,THE ELITE FLOWER SAS CI,G4620 - Comercio al por mayor de materias primas agropecuarias; animales vivos,08. SOCIEDAD POR ACCIONES SIMPLIFICADA SAS,CL 97 23 60 OF 702 TO PROKSOL,BOGOTA D.C.,BOGOTA D.C.,Periodo Actual,1468742077.0,1334666721.0,134075356.0,4239133.0,20363831.0,51411112.0,8301399.0,0.0,58238147,,,113375675.0,98063374.0,,36025967.0,,,,,109576415,27375224.0,82201191,,82201191,2025,0.09128584119674539,0.039651718236979466,0.05596707024823665,46594090,0.7641977984761587,G4620,Comercio al por mayor de materias primas agropecuarias; animales vivos
Plenas-Separados,"Estado de resultado integral, resultado del periodo, por funcion de gasto",800141695,2025-12-31,IC CONTRUCTORA S A S,F4111 - Construcción de edificios residenciales,08. SOCIEDAD POR ACCIONES SIMPLIFICADA SAS,KR 9 73 24,BOGOTA D.C.,BOGOTA D.C.,Periodo Actual,47373327.0,51923962.0,-4550635.0,2415263.0,721325.0,11351141.0,1050985.0,0.0,-15258823,,,3882650.0,5289680.0,,141693.0,,,,,-16524160,,-16524160,,-16524160,2025,-0.09605901227920935,-0.32209734815542934,-0.34880725181070776,-15991344,-0.03331902559284573,F4111,Construcción de edificios residenciales
Plenas-Separados,"Estado de resultado integral, resultado del periodo, por funcion de gasto",800141770,2025-12-31,C.I. ACEPALMA S.A.,G4620 - Comercio al por mayor de materias primas agropecuarias; animales vivos,01. SOCIEDAD ANÓNIMA,CALLE 90 No 19 41 OFICINA 303 304 305,BOGOTA D.C.,BOGOTA D.C.,Periodo Actual,1780587283.0,1681897806.0,98689477.0,2736973.0,0.0,28416792.0,5105790.0,0.0,67903868,0.0,0.0,36124049.0,24976872.0,0.0,859674.0,0.0,0.0,0.0,0.0,79910719,29889780.0,50020939,0.0,50020939,2025,0.05542523971850696,0.03813565818890553,0.028092382483897588,20011036,1.49966763339989,G4620,Comercio al por mayor de materias primas agropecuarias; animales vivos
Plenas-Separados,"Estado de resultado integral, resultado del periodo, por funcion de gasto",800142811,2025-12-31,COMERCIALIZADORA INTERNACIONAL DE COLORANTES SAS,C2029 - Fabricación de otros productos químicos n.c.p.,08. SOCIEDAD POR ACCIONES SIMPLIFICADA SAS,CALLE 75 A No 66 -50 OF 421,CUNDINAMARCA,MOSQUERA-CUNDINAMARCA,Periodo Actual,42701976.0,32152622.0,10549354.0,960514.0,5554839.0,3745713.0,206799.0,0.0,2002517,0.0,0.0,150165.0,441741.0,0.0,,-104964.0,0.0,0.0,0.0,1605977,372061.0,1233916,0.0,1233916,2025,0.24704603833789798,0.04689518349221123,0.02889599300978484,2343877,-0.4735576994867905,C2029,Fabricación de otros productos químicos n.c.p.
Plenas-Separados,"Estado de resultado integral, resultado del periodo, por funcion de gasto",800143147,2025-12-31,PAEZ FONNEGR INVERSIONES SAS,L6810 - Actividades inmobiliarias realizadas con bienes propios o arrendados,08. SOCIEDAD POR ACCIONES SIMPLIFICADA SAS,CRA. 63 # 14-75,BOGOTA D.C.,BOGOTA D.C.,Periodo Actual,8040970.0,0.0,8040970.0,0.0,0.0,5994289.0,0.0,-1143345.0,903336,,,5354609.0,5508272.0,,11678262.0,,,,,12427935,539612.0,11888323,,11888323,2025,1.0,0.11234167022137877,1.4784687668278826,12709563,-0.06461591165644326,L6810,Actividades inmobiliarias realizadas con bienes propios o arrendados
Plenas-Separados,"Estado de resultado integral, resultado del periodo, por funcion de gasto",800143588,2025-12-31,AGRICOLAS Y GANADERAS ROMERO LATORRE SAS,A0141 - Cría de ganado bovino y bufalino,08. SOCIEDAD POR ACCIONES SIMPLIFICADA SAS,Centro Comercial Llanocentro  Oficnas 417-421,META,VILLAVICENCIO-META,Periodo Actual,6367864.0,4667925.0,1699939.0,901699.0,49393.0,1069831.0,819097.0,0.0,663317,0.0,0.0,28563.0,388253.0,,937854.0,0.0,0.0,0.0,0.0,1241481,177338.0,1064143,,1064143,2025,0.2669559211691707,0.10416632641651895,0.16711145212900275,1956041,-0.45597101492248887,A0141,Cría de ganado bovino y bufalino
Plenas-Separados,"Estado de resultado integral, resultado del periodo, por funcion de gasto",800144340,2025-12-31,INVERSIONES PRADOGRANDE SAS,"K6499 - Otras actividades de servicio financiero, excepto las de seguros y pensiones n.c.p.",08. SOCIEDAD POR ACCIONES SIMPLIFICADA SAS,CL 94 19 71,BOGOTA D.C.,BOGOTA D.C.,Periodo Actual,5058765.0,0.0,5058765.0,290597.0,0.0,584901.0,389079.0,0.0,4375382,,,,,,,,,,,4375382,8005.0,4367377,,4367377,2025,1.0,0.8649110998435389,0.8633286978145852,5902692,-0.2601042033024932,K6499,"Otras actividades de servicio financiero, excepto las de seguros y pensiones n.c.p."
Plenas-Separados,"Estado de resultado integral, resultado del periodo, por funcion de gasto",800144947,2025-12-31,INDUSTRIAS Y CONSTRUCCIONES IC  S.A.S,F4111 - Construcción de edificios residenciales,08. SOCIEDAD POR ACCIONES SIMPLIFICADA SAS,KR 9 73 24,BOGOTA D.C.,BOGOTA D.C.,Periodo Actual,503305.0,503305.0,0.0,19596.0,0.0,10033413.0,5081.0,0.0,-10018898,,,7684.0,354013.0,,-29344.0,,,,,-10394571,,-10394571,,-10394571,2025,0.0,-19.906215912816286,-20.652628128073435,-1774541,-4.857611066749092,F4111,Construcción de edificios residenciales
Plenas-Separados,"Estado de resultado integral, resultado del periodo, por funcion de gasto",800146616,2025-12-31,INVERSIONES ROA V SOLANO SAS,K6494 - Otras actividades de distribución de fondos,08. SOCIEDAD POR ACCIONES SIMPLIFICADA SAS,CARRERA 10 97A 13,BOGOTA D.C.,BOGOTA D.C.,Periodo Actual,49920849.0,0.0,49920849.0,1208296.0,0.0,51300166.0,1141776.0,0.0,-1312797,,,58422.0,3763471.0,,6454952.0,,,,,1437106,4531843.0,-3094737,,-3094737,2025,1.0,-0.026297569578594308,-0.06199287596250617,15169537,-1.2040099839566627,K6494,Otras actividades de distribución de fondos
Plenas-Separados,"Estado de resultado integral, resultado del periodo, por funcion de gasto",800146643,2025-12-31,CONGRUPO SAS,C1089 - Elaboración de otros productos alimenticios n.c.p.,08. SOCIEDAD POR ACCIONES SIMPLIFICADA SAS,VDA VUELTA GRANDE 150 M CARR ADELANTE GLORIETA SIBERIA BG 65,CUNDINAMARCA,COTA-CUNDINAMARCA,Periodo Actual,164747816.0,103559614.0,61188202.0,2607264.0,35496523.0,18072122.0,10144631.0,0.0,82190,,,,,,,,,,,82190,289442.0,-207252,,-207252,2025,0.37140523914441453,0.0004988836999210963,-0.0012579954322429379,4389391,-1.047216572868537,C1089,Elaboración de otros productos alimenticios n.c.p.
Plenas-Separados,"Estado de resultado integral, resultado del periodo, por funcion de gasto",800148159,2025-12-31,INDICOMERSOCIOS S.A.S,"G4799 - Otros tipos de comercio al por menor no realizado en establecimientos, puestos de venta o mercados",08. SOCIEDAD POR ACCIONES SIMPLIFICADA SAS,CR 13 26 45 P11,BOGOTA D.C.,BOGOTA D.C.,Periodo Actual,196570.0,0.0,196570.0,4.0,0.0,763574.0,0.0,180353062.0,179786062,,,19699.0,5244385.0,,298758701.0,,,,,473320077,98217.0,473221860,,473221860,2025,1.0,914.6159739532991,2407.3961438673246,25393852,17.63529251095895,G4799,"Otros tipos de comercio al por menor no realizado en establecimientos, puestos de venta o mercados"
Plenas-Separados,"Estado de resultado integral, resultado del periodo, por funcion de gasto",800148160,2025-12-31,INPROICO S.A.S.,"G4799 - Otros tipos de comercio al por menor no realizado en establecimientos, puestos de venta o mercados",08. SOCIEDAD POR ACCIONES SIMPLIFICADA SAS,CR 13 26 45 P11,BOGOTA D.C.,BOGOTA D.C.,Periodo Actual,0.0,0.0,0.0,7.0,0.0,882834.0,1030068.0,249090012.0,247177117,,,11679.0,7243477.0,,362733215.0,,,,,602678534,84857.0,602593677,,602593677,2025,,,,-4304863,140.97975707937744,G4799,"Otros tipos de comercio al por menor no realizado en establecimientos, puestos de venta o mercados"
Plenas-Separados,"Estado de resultado integral, resultado del periodo, por funcion de gasto",800148163,2025-12-31,SOSACOL S.A.S.,"G4799 - Otros tipos de comercio al por menor no realizado en establecimientos, puestos de venta o mercados",08. SOCIEDAD POR ACCIONES SIMPLIFICADA SAS,CR 13 26 45 P11,BOGOTA D.C.,BOGOTA D.C.,Periodo Actual,126200.0,0.0,126200.0,6.0,0.0,824993.0,3820.0,229659609.0,228957002,,,32076.0,6678558.0,,329017679.0,,,,,551328199,62249.0,551265950,,551265950,2025,1.0,1814.239318541997,4368.19294770206,-3396499,163.30416967589272,G4799,"Otros tipos de comercio al por menor no realizado en establecimientos, puestos de venta o mercados"
Plenas-Separados,"Estado de resultado integral, resultado del periodo, por funcion de gasto",800148462,2025-12-31,CI CARBONES DE SANTANDER SAS,"G4661 - Comercio al por mayor de combustibles sólidos, líquidos, gaseosos y productos conexos",08. SOCIEDAD POR ACCIONES SIMPLIFICADA SAS,CR 51 B 80 58 OF 401 SUITE 103,ATLANTICO,BARRANQUILLA-ATLANTICO,Periodo Actual,16888727.0,23005798.0,-6117071.0,0.0,0.0,2471105.0,54366585.0,7352.0,-62947409,,,3616124.0,1214507.0,,-144414.0,,,,,-60690206,483656.0,-61173862,,-61173862,2025,-0.36219846528397315,-3.727184944134629,-3.622171286207658,-15329999,-2.990467448823708,G4661,"Comercio al por mayor de combustibles sólidos, líquidos, gaseosos y productos conexos"
Plenas-Separados,"Estado de resultado integral, resultado del periodo, por funcion de gasto",800149296,2025-12-31,ALFREDO EMILIO HOYOS MAZUERA & CIA SCA,L6810 - Actividades inmobiliarias realizadas con bienes propios o arrendados,05. SOCIEDAD EN COMANDITA POR ACCIONES,CRA 17 No 10 - 21 LA POPA,RISARALDA,DOS-QUEBRADAS-RISARALDA,Periodo Actual,5828148.0,0.0,5828148.0,50851824.0,0.0,3105176.0,63552.0,0.0,53511244,,,6031425.0,6537793.0,,,,,,,53004876,1033115.0,51971761,,51971761,2025,1.0,9.1815176965307,8.917371521793887,51304058,0.013014623521593554,L6810,Actividades inmobiliarias realizadas con bienes propios o arrendados
Plenas-Separados,"Estado de resultado integral, resultado del periodo, por funcion de gasto",800149392,2025-12-31,EDITORIAL BIENESTAR S.A.S.,"J5813 - Edición de periódicos, revistas y otras publicaciones periódicas",08. SOCIEDAD POR ACCIONES SIMPLIFICADA SAS,AC100 No. 11B-67,BOGOTA D.C.,BOGOTA D.C.,Periodo Actual,17816302.0,2931208.0,14885094.0,10362.0,0.0,839260.0,111520.0,0.0,13944676,,,1066933.0,22.0,,,,,,,15011587,5276038.0,9735549,,9735549,2025,0.8354760712969505,0.7826919413467509,0.546440501513726,8148968,0.19469716901575757,J5813,"Edición de periódicos, revistas y otras publicaciones periódicas"
Plenas-Separados,"Estado de resultado integral, resultado del periodo, por funcion de gasto",800149695,2025-12-31,DROGUERIAS Y FARMACIAS CRUZ VERDE SAS,"G4773 - Comercio al por menor de productos farmacéuticos y medicinales, cosméticos y artículos de tocador en establecimientos especializados",08. SOCIEDAD POR ACCIONES SIMPLIFICADA SAS,CARRERA 12 # 96-32,BOGOTA D.C.,BOGOTA D.C.,Periodo Actual,6175057445.0,4865050006.0,1310007439.0,0.0,99864878.0,1111141273.0,3220157.0,0.0,95781131,,,,114934461.0,,28055262.0,1322338.0,,,,10224270,5926882.0,4297388,,4297388,2025,0.21214498013467467,0.015510970036004256,0.0006959268052606756,55891235,-0.9231115934367884,G4773,"Comercio al por menor de productos farmacéuticos y medicinales, cosméticos y artículos de tocador en establecimientos especializados"
Plenas-Separados,"Estado de resultado integral, resultado del periodo, por funcion de gasto",800150249,2025-12-31,COMPUNET SA,"J6311 - Procesamiento de datos, alojamiento (hosting) y actividades relacionadas",01. SOCIEDAD ANÓNIMA,CL 64N 5B 26 146 ED CENTRO EMPRESA SEC C OF 9,VALLE,CALI-VALLE,Periodo Actual,40329479.0,25175001.0,15154478.0,49477.0,2355570.0,12272700.0,408427.0,0.0,167258,,,159496.0,10917612.0,,,665217.0,,,,-9925641,988166.0,-10913807,,-10913807,2025,0.3757667685218547,0.004147288885135362,-0.2706161168112288,-7034676,-0.5514299450322943,J6311,"Procesamiento de datos, alojamiento (hosting) y actividades relacionadas"
Plenas-Separados,"Estado de resultado integral, resultado del periodo, por funcion de gasto",800150267,2025-12-31,COMERCIALIZADORA LLANTAS UNIDAS INTERNACIONAL SAS EN ACUERDO DE REORGANIZACION,"G4530 - Comercio de partes, piezas (autopartes) y accesorios (lujos) para vehículos automotores",08. SOCIEDAD POR ACCIONES SIMPLIFICADA SAS,CL 33  CR 29  ESQ CC LA PLAZUELA OF 122 BRR SANTA RITA,VALLE,PALMIRA-VALLE,Periodo Actual,28500.0,26139.0,2361.0,667097.0,625968.0,2756221.0,455504.0,0.0,-3168235,0.0,0.0,333.0,14467.0,0.0,,0.0,0.0,0.0,0.0,-3182369,154097.0,-3336466,0.0,-3336466,2025,0.0828421052631579,-111.1661403508772,-117.06898245614035,-5720094,0.4167113337647948,G4530,"Comercio de partes, piezas (autopartes) y accesorios (lujos) para vehículos automotores"
Plenas-Separados,"Estado de resultado integral, resultado del periodo, por funcion de gasto",800150443,2025-12-31,COMPAÑÍA DE CONSTRUCTORES ASOCIADOS S.A.,F4111 - Construcción de edificios residenciales,01. SOCIEDAD ANÓNIMA,CALLE 6 SUR 43 A 180,ANTIOQUIA,MEDELLIN-ANTIOQUIA,Periodo Actual,33487818.0,21527549.0,11960269.0,248920.0,0.0,6683467.0,120421.0,0.0,5405301,,,532135.0,991102.0,,,,,,,4946334,705628.0,4240706,,4240706,2025,0.3571528309189927,0.16141096442891562,0.12663428832538448,1571676,1.6982062460710732,F4111,Construcción de edificios residenciales
Plenas-Separados,"Estado de resultado integral, resultado del periodo, por funcion de gasto",800153832,2025-12-31,EVOLUTION FITNESS CORPORATION SAS,"G4762 - Comercio al por menor de artículos deportivos, en establecimientos especializados",08. SOCIEDAD POR ACCIONES SIMPLIFICADA SAS,AV CALLE 24 95 12 BG 49,BOGOTA D.C.,BOGOTA D.C.,Periodo Actual,50026944.0,28791183.0,21235761.0,4986870.0,16471551.0,2828560.0,1050012.0,0.0,5872508,,,2592308.0,3343273.0,,444681.0,,,,,5566224,226709.0,5339515,,5339515,2025,0.42448647272957546,0.11738690254595603,0.10673278383744568,2049227,1.6056239743083611,G4762,"Comercio al por menor de artículos deportivos, en establecimientos especializados"
Plenas-Separados,"Estado de resultado integral, resultado del periodo, por funcion de gasto",800153993,2025-12-31,COMUNICACIÓN CELULAR S.A.,J6120 - Actividades de telecomunicaciones inalámbricas,01. SOCIEDAD ANÓNIMA,CARRERA 68 A 24 B 10 Torre 1,BOGOTA D.C.,BOGOTA D.C.,Periodo Actual,16351044898.0,6569612088.0,9781432810.0,0.0,0.0,2602221339.0,5310140070.0,0.0,1869071401,,,450089710.0,1086352260.0,,-762003.0,,,,,1232046848,269160371.0,962886477,,962886477,2025,0.598214540478476,0.11430898836493428,0.05888837581980934,692603733,0.3902415351261181,J6120,Actividades de telecomunicaciones inalámbricas
Plenas-Separados,"Estado de resultado integral, resultado del periodo, por funcion de gasto",800157686,2025-12-31,INCAUCA SERVICIOS AGRICOLAS Y COSECHA S.A.S.,A0161 - Actividades de apoyo a la agricultura,08. SOCIEDAD POR ACCIONES SIMPLIFICADA SAS,CARRERA 9 N° 28-103,VALLE,CALI-VALLE,Periodo Actual,57149862.0,51752143.0,5397719.0,0.0,0.0,4255569.0,304118.0,-35923.0,802109,,,12405.0,250314.0,,23958.0,,,,,588158,259304.0,328854,,328854,2025,0.09444850453007218,0.014035186996602021,0.005754239616536607,108483,2.031387406321728,A0161,Actividades de apoyo a la agricultura
Plenas-Separados,"Estado de resultado integral, resultado del periodo, por funcion de gasto",800157723,2025-12-31,INVESTAL SAS,L6810 - Actividades inmobiliarias realizadas con bienes propios o arrendados,08. SOCIEDAD POR ACCIONES SIMPLIFICADA SAS,CL 10 SUR 50 FF 127,ANTIOQUIA,MEDELLIN-ANTIOQUIA,Periodo Actual,601273.0,0.0,601273.0,65310.0,0.0,170574.0,261075.0,0.0,234934,,,756831.0,946.0,,8315404.0,,,,,9306223,197053.0,9109170,,9109170,2025,1.0,0.39072767278756904,15.149807159144016,29025461,-0.6861662248878666,L6810,Actividades inmobiliarias realizadas con bienes propios o arrendados
Plenas-Separados,"Estado de resultado integral, resultado del periodo, por funcion de gasto",800158538,2025-12-31,CASATORO RENTAL S.A.S,N7710 - Alquiler y arrendamiento de vehículos automotores,08. SOCIEDAD POR ACCIONES SIMPLIFICADA SAS,Av caracas N 28a 17,BOGOTA D.C.,BOGOTA D.C.,Periodo Actual,21416283.0,15327345.0,6088938.0,255934.0,0.0,1404279.0,327348.0,340885.0,4954130,,,,,-79764.0,4.0,,,,,5033898,3091098.0,1942800,,1942800,2025,0.2843134824096226,0.2313253891910188,0.09071602200998184,1021421,0.9020560571987457,N7710,Alquiler y arrendamiento de vehículos automotores
Plenas-Separados,"Estado de resultado integral, resultado del periodo, por funcion de gasto",800158850,2025-12-31,Packing S.A.S.,"C1702 - Fabricación de papel y cartón ondulado (corrugado); fabricación de envases, empaques y de embalajes de papel y cartón",08. SOCIEDAD POR ACCIONES SIMPLIFICADA SAS,KM 28 AUTONORTE,CUNDINAMARCA,TOCANCIPA-CUNDINAMARCA,Periodo Actual,207821679.0,160927511.0,46894168.0,0.0,0.0,16949868.0,0.0,0.0,29944300,,,,2379093.0,,14392255.0,,,295206.0,,42252668,10027240.0,32225428,,32225428,2025,0.22564618005997344,0.14408650793356356,0.15506287965270457,29206912,0.10334937154602308,C1702,"Fabricación de papel y cartón ondulado (corrugado); fabricación de envases, empaques y de embalajes de papel y cartón"
Plenas-Separados,"Estado de resultado integral, resultado del periodo, por funcion de gasto",800158941,2025-12-31,AGRÍCOLA VARAHONDA S.A.,A0121 - Cultivo de frutas tropicales y subtropicales,01. SOCIEDAD ANÓNIMA,"Carrera 43 A No. 1-50, Torre 1, Piso 6, Oficina 652",ANTIOQUIA,MEDELLIN-ANTIOQUIA,Periodo Actual,3305097.0,3212517.0,92580.0,120107.0,76941.0,1235583.0,457503.0,0.0,-1557340,,,,,,,,,,,-1557340,1620.0,-1558960,,-1558960,2025,0.02801128075817442,-0.4711934324469146,-0.4716835844757355,24180,-65.47311827956989,A0121,Cultivo de frutas tropicales y subtropicales
Plenas-Separados,"Estado de resultado integral, resultado del periodo, por funcion de gasto",800159629,2025-12-31,CONCENTRADOS ESPARTACO S A,C1090 - Elaboración de alimentos preparados para animales,01. SOCIEDAD ANÓNIMA,RIO FRIO LOTE 4 FINCA LA CUELLARKILOMETRO 4 ANILLO VIAL,SANTANDER,GIRON-SANTANDER,Periodo Actual,192248775.0,166506426.0,25742349.0,104125.0,3363334.0,4957670.0,35871.0,0.0,17489599,,,727001.0,1774262.0,,,,,,,16442338,5818304.0,10624034,,10624034,2025,0.13390123812232355,0.0909737864389513,0.05526190739056725,8327281,0.27581067577760376,C1090,Elaboración de alimentos preparados para animales
Plenas-Separados,"Estado de resultado integral, resultado del periodo, por funcion de gasto",800161568,2025-12-31,SYSTEMGROUP S.A.S.,N8220 - Actividades de centros de llamadas (call center),08. SOCIEDAD POR ACCIONES SIMPLIFICADA SAS,Cra 63 # 14-97 torre B piso 2,BOGOTA D.C.,BOGOTA D.C.,Periodo Actual,13685650.0,16897233.0,-3211583.0,9118028.0,0.0,15386904.0,0.0,0.0,-9480459,,,8302697.0,,,-859718.0,,,,,-2037480,,-2037480,,-2037480,2025,-0.2346679185862564,-0.6927299032197959,-0.1488771085041631,-15771197,0.8708100596295894,N8220,Actividades de centros de llamadas (call center)
Plenas-Separados,"Estado de resultado integral, resultado del periodo, por funcion de gasto",800161734,2025-12-31,SENCINET LATAM HOLDINGS COLOMBIA SA,J6110 - Actividades de telecomunicaciones alámbricas,01. SOCIEDAD ANÓNIMA,CL 113 7 21 ED TELEPORT BUSINESS PARK TO A OF 204,BOGOTA D.C.,BOGOTA D.C.,Periodo Actual,0.0,0.0,0.0,0.0,0.0,0.0,0.0,85435.0,85435,,,,819.0,,,,,,,84616,476.0,84140,,84140,2025,,,,2466175,-0.9658823887193732,J6110,Actividades de telecomunicaciones alámbricas
Plenas-Separados,"Estado de resultado integral, resultado del periodo, por funcion de gasto",800164767,2025-12-31,GABRICA SAS,G4759 - Comercio al por menor de otros artículos domésticos en establecimientos especializados,08. SOCIEDAD POR ACCIONES SIMPLIFICADA SAS,Calle 164 15 29,BOGOTA D.C.,BOGOTA D.C.,Periodo Actual,410143995.0,243400535.0,166743460.0,0.0,108150214.0,20041382.0,2993804.0,0.0,35558060,,,,2732679.0,,-676798.0,,,,,32148583,12133977.0,20014606,,20014606,2025,0.4065485830165574,0.08669652715505441,0.048798973638514445,43356272,-0.5383688431514592,G4759,Comercio al por menor de otros artículos domésticos en establecimientos especializados
Plenas-Separados,"Estado de resultado integral, resultado del periodo, por funcion de gasto",800165377,2025-12-31,GRUPO DECOR SAS,"G4663 - Comercio al por mayor de materiales de construcción, artículos de ferretería, pinturas, productos de vidrio, equipo y materiales de fontanería y calefacción",08. SOCIEDAD POR ACCIONES SIMPLIFICADA SAS,CLL 66 1N 20,VALLE,CALI-VALLE,Periodo Actual,366058288.0,199059695.0,166998593.0,4538628.0,116369865.0,17131000.0,3249370.0,0.0,34786986,,,143738.0,14212886.0,,,,,,,20717838,8218858.0,12498980,,12498980,2025,0.45620765455800855,0.09503127545632842,0.03414478078966484,7913264,0.5794974109292954,G4663,"Comercio al por mayor de materiales de construcción, artículos de ferretería, pinturas, productos de vidrio, equipo y materiales de fontanería y calefacción"
Plenas-Separados,"Estado de resultado integral, resultado del periodo, por funcion de gasto",800167200,2025-12-31,ESPUMAS SANTAFÉ S.A.S,C3120 - Fabricación de colchones y somieres,08. SOCIEDAD POR ACCIONES SIMPLIFICADA SAS,KM 1 VIA BOGOTA SIBERIA COTA,CUNDINAMARCA,COTA-CUNDINAMARCA,Periodo Actual,99111861.0,72687818.0,26424043.0,2527634.0,9358264.0,15507079.0,179140.0,0.0,3907194,,,3346471.0,5128853.0,,,,,,,2124812,743685.0,1381127,,1381127,2025,0.266608282130834,0.03942206271356362,0.01393503245792146,813376,0.6980178908647415,C3120,Fabricación de colchones y somieres
Plenas-Separados,"Estado de resultado integral, resultado del periodo, por funcion de gasto",800170865,2025-12-31,ELIS COLOMBIA SAS,"S9601 - Lavado y limpieza, incluso la limpieza en seco, de productos textiles y de piel",08. SOCIEDAD POR ACCIONES SIMPLIFICADA SAS,CL 168 21 42,BOGOTA D.C.,BOGOTA D.C.,Periodo Actual,83228917.0,61505257.0,21723660.0,4991588.0,0.0,13382471.0,4932469.0,0.0,8400308,,,,,,,,,1866567.0,,10266875,3447534.0,6819341,,6819341,2025,0.2610109656959732,0.10093016108812278,0.08193475592143053,8694232,-0.21564768457984557,S9601,"Lavado y limpieza, incluso la limpieza en seco, de productos textiles y de piel"
Plenas-Separados,"Estado de resultado integral, resultado del periodo, por funcion de gasto",800172954,2025-12-31,SKANDIA HOLDING DE COLOMBIA S.A.,N8299 - Otras actividades de servicio de apoyo a las empresas n.c.p.,01. SOCIEDAD ANÓNIMA,AV 19 No. 109A-30,BOGOTA D.C.,BOGOTA D.C.,Periodo Actual,0.0,0.0,0.0,1926932.0,0.0,6259696.0,0.0,0.0,-4332764,,,8545962.0,8313675.0,,104457042.0,,,,,100356565,48096.0,100308469,,100308469,2025,,,,94005748,0.06704612360512253,N8299,Otras actividades de servicio de apoyo a las empresas n.c.p.
Plenas-Separados,"Estado de resultado integral, resultado del periodo, por funcion de gasto",800174659,2025-12-31,ENTREPALMAS SAS,C1031 - Extracción de aceites de origen vegetal crudos,08. SOCIEDAD POR ACCIONES SIMPLIFICADA SAS,CLL 127 16A 76 OFICINA 705,BOGOTA D.C.,BOGOTA D.C.,Periodo Actual,244406977.0,226227005.0,18179972.0,1384904.0,0.0,8177909.0,54319.0,0.0,11332648,,,258112.0,7718494.0,,,,,,,3872266,1516023.0,2356243,,2356243,2025,0.07438401400464112,0.046367939815400605,0.009640653589034,2523255,-0.06618910890892914,C1031,Extracción de aceites de origen vegetal crudos
Plenas-Separados,"Estado de resultado integral, resultado del periodo, por funcion de gasto",800175223,2025-12-31,MASSY MOTORS CALI S.A.S.,G4511 - Comercio de vehículos automotores nuevos,08. SOCIEDAD POR ACCIONES SIMPLIFICADA SAS,AVENIDA 3 No. 34 NORTE -46,VALLE,CALI-VALLE,Periodo Actual,117034194.0,102912817.0,14121377.0,980694.0,8966090.0,1246982.0,0.0,0.0,4888999,,,,1298478.0,,,,,,,3590521,1417257.0,2173264,,2173264,2025,0.12066026617827606,0.04177410748861995,0.018569478933652503,1492139,0.4564755696352686,G4511,Comercio de vehículos automotores nuevos
Plenas-Separados,"Estado de resultado integral, resultado del periodo, por funcion de gasto",800177398,2025-12-31,COMERCIALIZADORA SAN FERNANDO SAS,"K6499 - Otras actividades de servicio financiero, excepto las de seguros y pensiones n.c.p.",08. SOCIEDAD POR ACCIONES SIMPLIFICADA SAS,AUTOPISTA NORTE No. 103 60 ED AMADEUS PISO 5,BOGOTA D.C.,BOGOTA D.C.,Periodo Actual,0.0,0.0,0.0,990752.0,0.0,83974.0,21218.0,0.0,885560,,,398027.0,,,,,,,,1283587,124004.0,1159583,,1159583,2025,,,,915805,0.2661898548271739,K6499,"Otras actividades de servicio financiero, excepto las de seguros y pensiones n.c.p."
Plenas-Separados,"Estado de resultado integral, resultado del periodo, por funcion de gasto",800178319,2025-12-31,PROCESADORA DE CALES   PROCECAL S.A.S,"B0812 - Extracción de arcillas de uso industrial, caliza, caolín y bentonitas",08. SOCIEDAD POR ACCIONES SIMPLIFICADA SAS,Carrera 39  5 A 95,ANTIOQUIA,MEDELLIN-ANTIOQUIA,Periodo Actual,5116564.0,3635634.0,1480930.0,6849044.0,39211.0,983089.0,160184.0,0.0,7147490,,,282181.0,37704.0,,,,,,,7391967,-5870.0,7397837,,7397837,2025,0.28943838091344115,1.39693161269946,1.4458603469046805,4343602,0.7031571953415622,B0812,"Extracción de arcillas de uso industrial, caliza, caolín y bentonitas"
Plenas-Separados,"Estado de resultado integral, resultado del periodo, por funcion de gasto",800179459,2025-12-31,HEJO SAS,L6810 - Actividades inmobiliarias realizadas con bienes propios o arrendados,08. SOCIEDAD POR ACCIONES SIMPLIFICADA SAS,CL 18 118 85 C 54,VALLE,CALI-VALLE,Periodo Actual,191730.0,0.0,191730.0,230278.0,0.0,293403.0,0.0,7770928.0,7899533,,,4.0,682.0,2252358.0,,,,,,5646497,,5646497,-14500.0,5631997,2025,1.0,41.20134042664163,29.374625775830594,5792906,-0.027776905062847558,L6810,Actividades inmobiliarias realizadas con bienes propios o arrendados
Plenas-Separados,"Estado de resultado integral, resultado del periodo, por funcion de gasto",800180982,2025-12-31,PUENTES Y TORONES SAS,F4290 - Construcción de otras obras de ingeniería civil,08. SOCIEDAD POR ACCIONES SIMPLIFICADA SAS,CL 100 19A 50 OF 1005,BOGOTA D.C.,BOGOTA D.C.,Periodo Actual,17339742.0,14919358.0,2420384.0,1207538.0,0.0,1537129.0,1313086.0,0.0,777707,,,2508.0,501687.0,,,,,,,278528,-296278.0,574806,,574806,2025,0.1395859292485436,0.044851128696147845,0.0331496281778587,-262505,3.1896954343726787,F4290,Construcción de otras obras de ingeniería civil
Plenas-Separados,"Estado de resultado integral, resultado del periodo, por funcion de gasto",800182204,2025-12-31,VAVILCO SAS,F4111 - Construcción de edificios residenciales,08. SOCIEDAD POR ACCIONES SIMPLIFICADA SAS,CARRERA 7B 124 97,BOGOTA D.C.,BOGOTA D.C.,Periodo Actual,8151930.0,6559329.0,1592601.0,0.0,136432.0,1000273.0,25777.0,61524.0,491643,,,355207.0,48539.0,,,30591.0,,,,828902,136550.0,692352,,692352,2025,0.19536490131784742,0.06031001247557327,0.08493105313710986,1033791,-0.3302785572712473,F4111,Construcción de edificios residenciales
Plenas-Separados,"Estado de resultado integral, resultado del periodo, por funcion de gasto",800182410,2025-12-31,INMOBILIARIA DEL ESTADO SAS,"K6499 - Otras actividades de servicio financiero, excepto las de seguros y pensiones n.c.p.",08. SOCIEDAD POR ACCIONES SIMPLIFICADA SAS,AUTOPISTA NORTE 103 60 EDIFICIO AMAD,BOGOTA D.C.,BOGOTA D.C.,Periodo Actual,85200.0,0.0,85200.0,1214417.0,0.0,295851.0,8908.0,0.0,994858,,,115391.0,,,,,,,,1110249,-29390.0,1139639,,1139639,2025,1.0,11.676737089201877,13.376044600938966,883732,0.289575346371977,K6499,"Otras actividades de servicio financiero, excepto las de seguros y pensiones n.c.p."
Plenas-Separados,"Estado de resultado integral, resultado del periodo, por funcion de gasto",800182895,2025-12-31,ORBE SAS CONSTRUCCIONES,F4111 - Construcción de edificios residenciales,08. SOCIEDAD POR ACCIONES SIMPLIFICADA SAS,CALLE 12 8-42 OF 221,CESAR,VALLEDUPAR-CESAR,Periodo Actual,13084924.0,9550431.0,3534493.0,1502732.0,0.0,2794487.0,1729030.0,0.0,513708,,,,,,,,,,,513708,308335.0,205373,,205373,2025,0.27011949018580467,0.03925953257351743,0.01569539112340278,3908544,-0.9474553695698449,F4111,Construcción de edificios residenciales
Plenas-Separados,"Estado de resultado integral, resultado del periodo, por funcion de gasto",800184269,2025-12-31,EMPRESA COLOMBIANA DE SOPLADO E INYECCION ECSI SAS,C2229 - Fabricación de artículos de plástico n.c.p.,08. SOCIEDAD POR ACCIONES SIMPLIFICADA SAS,AV CR 68 D 18 75,BOGOTA D.C.,BOGOTA D.C.,Periodo Actual,148762988.0,123545616.0,25217372.0,622207.0,0.0,4895843.0,13726906.0,0.0,7216830,,,677416.0,2369984.0,,,,,,,5524262,2281086.0,3243176,,3243176,2025,0.169513750288479,0.048512268387618025,0.021800960330267096,2443423,0.3273084521181965,C2229,Fabricación de artículos de plástico n.c.p.
Plenas-Separados,"Estado de resultado integral, resultado del periodo, por funcion de gasto",800185008,2025-12-31,THOMAS INSTRUMENTS S A,"G4652 - Comercio al por mayor de equipo, partes y piezas electrónicos y de telecomunicaciones",01. SOCIEDAD ANÓNIMA,CRA 42 BIS 17 A 75,BOGOTA D.C.,BOGOTA D.C.,Periodo Actual,26511444.0,18176443.0,8335001.0,0.0,0.0,3112229.0,41722.0,787102.0,5968152,0.0,0.0,1281724.0,399399.0,0.0,-41255.0,0.0,0.0,0.0,0.0,6809222,2757617.0,4051605,0.0,4051605,2025,0.31439256948810484,0.22511606685776905,0.15282475748963353,1675267,1.4184831432840257,G4652,"Comercio al por mayor de equipo, partes y piezas electrónicos y de telecomunicaciones"
Plenas-Separados,"Estado de resultado integral, resultado del periodo, por funcion de gasto",800185295,2025-12-31,AMARILO SAS,F4111 - Construcción de edificios residenciales,08. SOCIEDAD POR ACCIONES SIMPLIFICADA SAS,CALLE 90 11A 27,BOGOTA D.C.,BOGOTA D.C.,Periodo Actual,2380202771.0,2186571289.0,193631482.0,14755085.0,45930.0,85848704.0,6274508.0,0.0,116217425,,,10950583.0,102296062.0,,-4104080.0,,,,,20767866,4782076.0,15985790,,15985790,2025,0.08135083462601346,0.04882669090884778,0.006716146285840955,9692269,0.6493341239290821,F4111,Construcción de edificios residenciales
Plenas-Separados,"Estado de resultado integral, resultado del periodo, por funcion de gasto",800185347,2025-12-31,"ZONA FRANCA DE BOGOTA, S.A.S - USUARIO OPERADOR DE ZONA FRANCA.",M7020 - Actividades de consultoría de gestión,08. SOCIEDAD POR ACCIONES SIMPLIFICADA SAS,Carrera 106 No 15 A 25 Casillero 3,BOGOTA D.C.,BOGOTA D.C.,Periodo Actual,34237508.0,0.0,34237508.0,0.0,312035.0,23436775.0,684675.0,0.0,9804023,,,1008308.0,2723405.0,,,,,,,8088926,1825580.0,6263346,,6263346,2025,1.0,0.2863532883292791,0.18293813907250492,6046595,0.035846786497193875,M7020,Actividades de consultoría de gestión
Plenas-Separados,"Estado de resultado integral, resultado del periodo, por funcion de gasto",800186228,2025-12-31,INGENIERIA DE VIAS SAS,F4210 - Construcción de carreteras y vías de ferrocarril,08. SOCIEDAD POR ACCIONES SIMPLIFICADA SAS,CL 36 18 23 OF 201,BOGOTA D.C.,BOGOTA D.C.,Periodo Actual,127314943.0,109278696.0,18036247.0,3996412.0,0.0,12220541.0,2667428.0,0.0,7144690,,,1300078.0,2560002.0,,,,,,,5884766,3710279.0,2174487,,2174487,2025,0.14166637925604694,0.056118235861755836,0.01707958978546611,-39013785,1.0557363762577765,F4210,Construcción de carreteras y vías de ferrocarril
Plenas-Separados,"Estado de resultado integral, resultado del periodo, por funcion de gasto",800186656,2025-12-31,CI DISTRIHOGAR SAS,"C1392 - Confección de artículos con materiales textiles, excepto prendas de vestir",08. SOCIEDAD POR ACCIONES SIMPLIFICADA SAS,CL 79 SUR 52A - 145 IN 101,ANTIOQUIA,LA-ESTRELLA-ANTIOQUIA,Periodo Actual,96187747.0,62748671.0,33439076.0,985041.0,20995858.0,4080492.0,331018.0,194052.0,9210801,,-171716.0,1227952.0,4258511.0,,-79220.0,,,,,5929306,1952147.0,3977159,,3977159,2025,0.3476438220348378,0.09575856891626748,0.0413478756291069,5201600,-0.23539699323285143,C1392,"Confección de artículos con materiales textiles, excepto prendas de vestir"
Plenas-Separados,"Estado de resultado integral, resultado del periodo, por funcion de gasto",800188557,2025-12-31,ALMACENADORES Y COMERCIO EXTERIOR SAS,H5210 - Almacenamiento y depósito,08. SOCIEDAD POR ACCIONES SIMPLIFICADA SAS,CR 103 25B 86,BOGOTA D.C.,BOGOTA D.C.,Periodo Actual,25224142.0,20898336.0,4325806.0,0.0,1426738.0,5075844.0,0.0,475539.0,-1701237,,,,,,294171.0,,,,,-1407066,654533.0,-2061599,,-2061599,2025,0.17149467363448873,-0.0674447915810179,-0.0817311843550516,2871279,-1.718007201668664,H5210,Almacenamiento y depósito
Plenas-Separados,"Estado de resultado integral, resultado del periodo, por funcion de gasto",800190665,2025-12-31,COMERCIALIZADORA S.YE. Y CIA S.A.S,C2229 - Fabricación de artículos de plástico n.c.p.,08. SOCIEDAD POR ACCIONES SIMPLIFICADA SAS,VDA SAN JOSE KM 2.3 VIA AEROPUERO,ANTIOQUIA,GUARNE-ANTIOQUIA,Periodo Actual,114378872.0,93184352.0,21194520.0,3262948.0,9773054.0,4008787.0,6042615.0,0.0,4633012,0.0,0.0,4739.0,4037740.0,0.0,-32418.0,,,0.0,0.0,567593,67325.0,500268,1571268.0,2071536,2025,0.18530100559131235,0.04050583747669762,0.01811117703626243,-7786537,1.2660407315858129,C2229,Fabricación de artículos de plástico n.c.p.
Plenas-Separados,"Estado de resultado integral, resultado del periodo, por funcion de gasto",800197463,2025-12-31,POLLOS EL BUCANERO S.A..,C1011 - Procesamiento y conservación de carne y productos cárnicos,01. SOCIEDAD ANÓNIMA,CALLE 35 NORTE #6ABIS-100,VALLE,CALI-VALLE,Periodo Actual,2376113192.0,1776571849.0,599541343.0,14144530.0,149902869.0,293205911.0,10114835.0,0.0,160462258,0.0,0.0,41245519.0,171221450.0,0.0,0.0,-13061598.0,0.0,0.0,0.0,17424729,-18031488.0,35456217,,35456217,2025,0.2523201946012343,0.06753140319251255,0.01492193937535279,15725158,1.2547447218018413,C1011,Procesamiento y conservación de carne y productos cárnicos
Plenas-Separados,"Estado de resultado integral, resultado del periodo, por funcion de gasto",800198989,2025-12-31,HIDEAS SAS,L6810 - Actividades inmobiliarias realizadas con bienes propios o arrendados,08. SOCIEDAD POR ACCIONES SIMPLIFICADA SAS,ANILLO VIAL KM 2 176 TO 1 OF 206,SANTANDER,FLORIDABLANCA-SANTANDER,Periodo Actual,818574.0,10323.0,808251.0,16321.0,0.0,387013.0,57338.0,0.0,380221,,,427485.0,25.0,,,,,,,807681,407031.0,400650,,400650,2025,0.987389044851168,0.46449190910046007,0.4894487242448453,2399727,-0.8330435086991145,L6810,Actividades inmobiliarias realizadas con bienes propios o arrendados
Plenas-Separados,"Estado de resultado integral, resultado del periodo, por funcion de gasto",800200598,2025-12-31,PRODESA Y CIA SA,F4111 - Construcción de edificios residenciales,01. SOCIEDAD ANÓNIMA,CRA 19 N 90 - 10 PISO 7,BOGOTA D.C.,BOGOTA D.C.,Periodo Actual,674409309.0,599948896.0,74460413.0,8068072.0,0.0,44994955.0,6447755.0,0.0,31085775,,,,19561075.0,,184278.0,,,,,11708978,1664810.0,10044168,,10044168,2025,0.11040834105686996,0.046093336176058035,0.01489328196684189,9107289,0.10287133745289076,F4111,Construcción de edificios residenciales
Plenas-Separados,"Estado de resultado integral, resultado del periodo, por funcion de gasto",800202510,2025-12-31,BOOKS AND BOOKS LTDA,"G4761 - Comercio al por menor de libros, periódicos, materiales y artículos de papelería y escritorio, en establecimientos especializados",03. SOCIEDAD LIMITADA,CR 18A 137 80,BOGOTA D.C.,BOGOTA D.C.,Periodo Actual,45121102.0,28224539.0,16896563.0,1228904.0,0.0,12680378.0,351061.0,-516294.0,4577734,0.0,0.0,468962.0,309535.0,-73307.0,48914.0,0.0,0.0,0.0,0.0,4859382,1918882.0,2940500,0.0,2940500,2025,0.37447141694367303,0.10145439266975351,0.06516906435485552,3475638,-0.1539682786297077,G4761,"Comercio al por menor de libros, periódicos, materiales y artículos de papelería y escritorio, en establecimientos especializados"
Plenas-Separados,"Estado de resultado integral, resultado del periodo, por funcion de gasto",800204226,2025-12-31,GENETICA BIOS S.A.S,A0144 - Cría de ganado porcino,08. SOCIEDAD POR ACCIONES SIMPLIFICADA SAS,CR 48 26 SUR 181 LC 101,ANTIOQUIA,ENVIGADO-ANTIOQUIA,Periodo Actual,195120096.0,135468779.0,59651317.0,2028805.0,10149005.0,10392902.0,3159229.0,332123.0,38311109,,,378820.0,3328414.0,,11320974.0,,,,,46682489,12158367.0,34524122,,34524122,2025,0.30571590637183776,0.196346300485625,0.17693780757467442,33449806,0.032117256524596884,A0144,Cría de ganado porcino
Plenas-Separados,"Estado de resultado integral, resultado del periodo, por funcion de gasto",800204462,2025-12-31,EQUIRENT S.A.,L6810 - Actividades inmobiliarias realizadas con bienes propios o arrendados,01. SOCIEDAD ANÓNIMA,AVENIDA CARACAS N 28A-17,BOGOTA D.C.,BOGOTA D.C.,Periodo Actual,35819180.0,24252495.0,11566685.0,612.0,0.0,1176860.0,25944.0,250.0,10364743,,,5079028.0,,,17918921.0,,,,,33362692,3168543.0,30194149,,30194149,2025,0.32291875470069387,0.28936293348982306,0.8429603636934179,23857549,0.2656014664373109,L6810,Actividades inmobiliarias realizadas con bienes propios o arrendados
Plenas-Separados,"Estado de resultado integral, resultado del periodo, por funcion de gasto",800205416,2025-12-31,PERCOS SA,"G4645 - Comercio al por mayor de productos farmacéuticos, medicinales, cosméticos y de tocador",01. SOCIEDAD ANÓNIMA,KR 19 A 90 13 PISO 9,BOGOTA D.C.,BOGOTA D.C.,Periodo Actual,78179432.0,39691989.0,38487443.0,5675236.0,33148387.0,4242425.0,338374.0,0.0,6433493,,,4257959.0,4660394.0,,,,,,,6031058,1876580.0,4154478,,4154478,2025,0.49229627301462103,0.08229137556282067,0.05314029398422849,5868140,-0.29202813838797304,G4645,"Comercio al por mayor de productos farmacéuticos, medicinales, cosméticos y de tocador"
Plenas-Separados,"Estado de resultado integral, resultado del periodo, por funcion de gasto",800207462,2025-12-31,VALORA S.A.S,"K6499 - Otras actividades de servicio financiero, excepto las de seguros y pensiones n.c.p.",08. SOCIEDAD POR ACCIONES SIMPLIFICADA SAS,CL 10 4 47 P21,VALLE,CALI-VALLE,Periodo Actual,11784521.0,0.0,11784521.0,9554932.0,0.0,10564269.0,0.0,0.0,10775184,,,1919626.0,2083561.0,,,,,,,10611249,1922511.0,8688738,,8688738,2025,1.0,0.9143506129778206,0.7373009051449779,12863239,-0.3245295372339735,K6499,"Otras actividades de servicio financiero, excepto las de seguros y pensiones n.c.p."
Plenas-Separados,"Estado de resultado integral, resultado del periodo, por funcion de gasto",800208590,2025-12-31,UMBRAL PROPIEDAD RAIZ SAS,F4111 - Construcción de edificios residenciales,08. SOCIEDAD POR ACCIONES SIMPLIFICADA SAS,CALLE 8 43A 115,ANTIOQUIA,MEDELLIN-ANTIOQUIA,Periodo Actual,82921768.0,77219865.0,5701903.0,986028.0,130269.0,1751881.0,594601.0,0.0,4211180,,,429849.0,2457656.0,,,,,,,2183373,848954.0,1334419,,1334419,2025,0.06876243883270795,0.050784976027042746,0.01609250540823008,1764463,-0.24372514470408277,F4111,Construcción de edificios residenciales
Plenas-Separados,"Estado de resultado integral, resultado del periodo, por funcion de gasto",800208785,2025-12-31,CONGELADOS AGRICOLAS SA CONGELAGRO SA,"C1020 - Procesamiento y conservación de frutas, legumbres, hortalizas y tubérculos",01. SOCIEDAD ANÓNIMA,CL 49 SUR 72 C 30,BOGOTA D.C.,BOGOTA D.C.,Periodo Actual,475881573.0,335152880.0,140728693.0,9133307.0,72797873.0,41327969.0,0.0,0.0,35736158,,,,4324390.0,,0.0,,,,,31411768,14641561.0,16770207,,16770207,2025,0.2957220892434093,0.07509464544869024,0.035240294963049555,4875685,2.4395591593796566,C1020,"Procesamiento y conservación de frutas, legumbres, hortalizas y tubérculos"
Plenas-Separados,"Estado de resultado integral, resultado del periodo, por funcion de gasto",800210501,2025-12-31,INVERSIONES UNIDAS PAEZ SAS,L6810 - Actividades inmobiliarias realizadas con bienes propios o arrendados,08. SOCIEDAD POR ACCIONES SIMPLIFICADA SAS,CRA. 63 # 14-75,BOGOTA D.C.,BOGOTA D.C.,Periodo Actual,5117072.0,0.0,5117072.0,0.0,0.0,4238400.0,0.0,-308445.0,570227,,,1162695.0,22749.0,,6635896.0,,,,,8346069,430995.0,7915074,,7915074,2025,1.0,0.1114361885078029,1.5467974654255403,9711331,-0.18496506812505928,L6810,Actividades inmobiliarias realizadas con bienes propios o arrendados
Plenas-Separados,"Estado de resultado integral, resultado del periodo, por funcion de gasto",800212840,2025-12-31,LOREAL COLOMBIA S.A.S.,"G4645 - Comercio al por mayor de productos farmacéuticos, medicinales, cosméticos y de tocador",08. SOCIEDAD POR ACCIONES SIMPLIFICADA SAS,AK 45 123 60 SAPIENCIA PISO 9BOGOTA D.C.BOGOTA D.C.AK 45 123 60 SAPIENCIA PISO 9BOGOTA D.C.BOGOTA D.C.65113003204886747impuestos@loreal.com571092,BOGOTA D.C.,BOGOTA D.C.,Periodo Actual,718657115.0,350072430.0,368584685.0,104546327.0,251579791.0,155551489.0,0.0,0.0,65999732,,,,23681703.0,,-7761010.0,,,,,34557019,18089782.0,16467237,,16467237,2025,0.5128797549023083,0.09183758237751533,0.02291389962791922,-4791275,4.436921696208212,G4645,"Comercio al por mayor de productos farmacéuticos, medicinales, cosméticos y de tocador"
Plenas-Separados,"Estado de resultado integral, resultado del periodo, por funcion de gasto",800213075,2025-12-31,RESTCAFE SAS EN REORGANIZACION,C1084 - Elaboración de comidas y platos preparados,08. SOCIEDAD POR ACCIONES SIMPLIFICADA SAS,CRA 57 94 10,BOGOTA D.C.,BOGOTA D.C.,Periodo Actual,54008506.0,18157857.0,35850649.0,680962.0,31478996.0,5760300.0,0.0,0.0,-707685,0.0,0.0,0.0,3236496.0,0.0,0.0,0.0,0.0,0.0,0.0,-3944181,-185827.0,-3758354,,-3758354,2025,0.6637963471902,-0.013103213778955486,-0.06958818672006961,-999547,-2.7600573059595996,C1084,Elaboración de comidas y platos preparados
Plenas-Separados,"Estado de resultado integral, resultado del periodo, por funcion de gasto",800221789,2025-12-31,BRINSA S.A.,"C2023 - Fabricación de jabones y detergentes, preparados para limpiar y pulir; perfumes y preparados de tocador",01. SOCIEDAD ANÓNIMA,CRA 33 N 7-41 PI 2,ANTIOQUIA,MEDELLIN-ANTIOQUIA,Periodo Actual,1213134007.0,872909905.0,340224102.0,3808680.0,101543052.0,50705524.0,10653670.0,0.0,181130536,,,21295441.0,74951844.0,,,15101592.0,,,,142575725,47199587.0,95376138,,95376138,2025,0.2804505520716146,0.14930793709091036,0.07861962277016607,96398939,-0.01061008565664815,C2023,"Fabricación de jabones y detergentes, preparados para limpiar y pulir; perfumes y preparados de tocador"
Plenas-Separados,"Estado de resultado integral, resultado del periodo, por funcion de gasto",800221843,2025-12-31,ROGELIO VELASQUEZ Y CIA LTDA,G4669 - Comercio al por mayor de otros productos n.c.p.,03. SOCIEDAD LIMITADA,CRA 68B No 15-55,BOGOTA D.C.,BOGOTA D.C.,Periodo Actual,6622144.0,5290228.0,1331916.0,988757.0,511949.0,758021.0,547948.0,0.0,502755,,,25448.0,2334.0,,,,,,,525869,32542.0,493327,,493327,2025,0.20113063080476656,0.07592027597104503,0.0744965678789226,264922,0.8621594280580699,G4669,Comercio al por mayor de otros productos n.c.p.
Plenas-Separados,"Estado de resultado integral, resultado del periodo, por funcion de gasto",800226891,2025-12-31,INVERSIONES BFS SAS,L6810 - Actividades inmobiliarias realizadas con bienes propios o arrendados,08. SOCIEDAD POR ACCIONES SIMPLIFICADA SAS,CL 94 19 71,BOGOTA D.C.,BOGOTA D.C.,Periodo Actual,2393129.0,0.0,2393129.0,1774249.0,0.0,545898.0,2770.0,0.0,3618710,,,,,,,,,,,3618710,470291.0,3148419,,3148419,2025,1.0,1.5121249209716652,1.3156077252835097,1283993,1.4520530875168323,L6810,Actividades inmobiliarias realizadas con bienes propios o arrendados
Plenas-Separados,"Estado de resultado integral, resultado del periodo, por funcion de gasto",800229183,2025-12-31,MARLUGO LONDOÑO & CIA SAS,"K6499 - Otras actividades de servicio financiero, excepto las de seguros y pensiones n.c.p.",08. SOCIEDAD POR ACCIONES SIMPLIFICADA SAS,CR 27 20 C SUR 350 APTO 502,ANTIOQUIA,MEDELLIN-ANTIOQUIA,Periodo Actual,3109625.0,0.0,3109625.0,0.0,0.0,981788.0,0.0,0.0,2127837,,,94780.0,102190.0,,,,,,,2120427,-23875.0,2144302,,2144302,2025,1.0,0.6842744703943402,0.6895693210596133,3408099,-0.3708216809429538,K6499,"Otras actividades de servicio financiero, excepto las de seguros y pensiones n.c.p."
Plenas-Separados,"Estado de resultado integral, resultado del periodo, por funcion de gasto",800231779,2025-12-31,REFORESTACION Y PARQUES SA,R9329 - Otras actividades recreativas y de esparcimiento n.c.p.,01. SOCIEDAD ANÓNIMA,AVENIDA CALLE 63 60 -80,BOGOTA D.C.,BOGOTA D.C.,Periodo Actual,0.0,0.0,0.0,8769.0,2399566.0,107120.0,97892.0,0.0,-2595809,0.0,0.0,3486625.0,1966716.0,0.0,7316201.0,0.0,0.0,0.0,0.0,6240301,-2048364.0,8288665,0.0,8288665,2025,,,,8387756,-0.011813767591713445,R9329,Otras actividades recreativas y de esparcimiento n.c.p.
Plenas-Separados,"Estado de resultado integral, resultado del periodo, por funcion de gasto",800233881,2025-12-31,LATINOAMERICANA DE CONSTRUCCIONES S.A.,F4210 - Construcción de carreteras y vías de ferrocarril,01. SOCIEDAD ANÓNIMA,CALLE 18 35-69 OFICINA 424,ANTIOQUIA,MEDELLIN-ANTIOQUIA,Periodo Actual,164997857.0,165475609.0,-477752.0,12580594.0,0.0,19220997.0,2600000.0,0.0,-9718155,,,1315698.0,4314243.0,20199222.0,,,,,,-32915922,9864.0,-32925786,,-32925786,2025,-0.0028955042731251958,-0.058898674059748544,-0.1995528099495256,-8496820,-2.87507161502774,F4210,Construcción de carreteras y vías de ferrocarril
Plenas-Separados,"Estado de resultado integral, resultado del periodo, por funcion de gasto",800237631,2025-12-31,NAPI SAS,L6810 - Actividades inmobiliarias realizadas con bienes propios o arrendados,08. SOCIEDAD POR ACCIONES SIMPLIFICADA SAS,CR 14 93 B 32 OF 501,BOGOTA D.C.,BOGOTA D.C.,Periodo Actual,2195510.0,43437.0,2152073.0,0.0,0.0,2127236.0,55350.0,0.0,-30513,,,261000.0,19223.0,,,,,,,211264,98287.0,112977,,112977,2025,0.9802155307878352,-0.013897909825052039,0.05145820333316633,238292,-0.5258884058214292,L6810,Actividades inmobiliarias realizadas con bienes propios o arrendados
Plenas-Separados,"Estado de resultado integral, resultado del periodo, por funcion de gasto",800239064,2025-12-31,COMERCIALIZADORA INTERNACIONAL DE LLANTAS S.A.S.,"G4530 - Comercio de partes, piezas (autopartes) y accesorios (lujos) para vehículos automotores",08. SOCIEDAD POR ACCIONES SIMPLIFICADA SAS,Carrera 25 1 A Sur 155 OFICINA 255,ANTIOQUIA,MEDELLIN-ANTIOQUIA,Periodo Actual,372794289.0,278213522.0,94580767.0,2591841.0,72343129.0,8092449.0,1361782.0,0.0,15375248,,,1481722.0,7284306.0,,2319800.0,,,,,11892464,3306810.0,8585654,,8585654,2025,0.25370766074155177,0.04124324983959183,0.023030540577835944,4075556,1.1066215259954715,G4530,"Comercio de partes, piezas (autopartes) y accesorios (lujos) para vehículos automotores"
Plenas-Separados,"Estado de resultado integral, resultado del periodo, por funcion de gasto",800242482,2025-12-31,INVERNAC & CIA SAS,K6613 - Otras actividades relacionadas con el mercado de valores,08. SOCIEDAD POR ACCIONES SIMPLIFICADA SAS,CL 75 5 59,BOGOTA D.C.,BOGOTA D.C.,Periodo Actual,9227075.0,0.0,9227075.0,413663.0,0.0,36221319.0,179867.0,-91128.0,-26851576,,,53076869.0,30303233.0,,100119034.0,,,,,96041094,-1844496.0,97885590,,97885590,2025,1.0,-2.91008537375062,10.608517867254792,108713589,-0.0996011547369667,K6613,Otras actividades relacionadas con el mercado de valores
Plenas-Separados,"Estado de resultado integral, resultado del periodo, por funcion de gasto",800244105,2025-12-31,COSARGO SAS,C1051 - Elaboración de productos de molinería,08. SOCIEDAD POR ACCIONES SIMPLIFICADA SAS,CL 70 9 36,BOGOTA D.C.,BOGOTA D.C.,Periodo Actual,20426655.0,19522217.0,904438.0,9719499.0,1142458.0,10639278.0,4277262.0,0.0,-5435061,,,3589434.0,2626010.0,,17394164.0,,,,,12922527,1015661.0,11906866,,11906866,2025,0.04427734252132814,-0.2660768980530586,0.5829082637367694,-2017285,6.902421323709838,C1051,Elaboración de productos de molinería
Plenas-Separados,"Estado de resultado integral, resultado del periodo, por funcion de gasto",800244309,2025-12-31,AXA ASISTENCIA COLOMBIA S.A.,N8299 - Otras actividades de servicio de apoyo a las empresas n.c.p.,01. SOCIEDAD ANÓNIMA,CALLE 102 N° 17A - 61 EDF TORRE BEACON 102,BOGOTA D.C.,BOGOTA D.C.,Periodo Actual,142806094.0,91877558.0,50928536.0,6510165.0,19606219.0,24939704.0,1014940.0,0.0,11877838,,,12069654.0,10127368.0,,,,,,,13820124,-8304684.0,22124808,,22124808,2025,0.3566271898732837,0.08317458777354417,0.15492901864538078,9401379,1.353357736136369,N8299,Otras actividades de servicio de apoyo a las empresas n.c.p.
Plenas-Separados,"Estado de resultado integral, resultado del periodo, por funcion de gasto",800245795,2025-12-31,LACTALIS COLOMBIA SAS,C1040 - Elaboración de productos lácteos,08. SOCIEDAD POR ACCIONES SIMPLIFICADA SAS,impuestos@co.lactalis.com,BOGOTA D.C.,BOGOTA D.C.,Periodo Actual,190533472.0,165528974.0,25004498.0,13715724.0,23688432.0,12521959.0,12204157.0,0.0,-9694326,,,3959483.0,1426418.0,,,,,,,-7161261,-3487531.0,-3673730,,-3673730,2025,0.13123414871692465,-0.05087991048627928,-0.019281284078001792,4374879,-1.8397329388995673,C1040,Elaboración de productos lácteos
Plenas-Separados,"Estado de resultado integral, resultado del periodo, por funcion de gasto",800246963,2025-12-31,UNIVERSAL MUSIC COLOMBIA SAS,G4669 - Comercio al por mayor de otros productos n.c.p.,08. SOCIEDAD POR ACCIONES SIMPLIFICADA SAS,CALLE 103 NO 19 60,BOGOTA D.C.,BOGOTA D.C.,Periodo Actual,203752172.0,146390314.0,57361858.0,1481396.0,27406867.0,15537963.0,8660122.0,0.0,7238302,,,,,,,,,,,7238302,3282653.0,3955649,,3955649,2025,0.28152759029238716,0.03552502988777955,0.01941402126501012,10371850,-0.6186168330625684,G4669,Comercio al por mayor de otros productos n.c.p.
Plenas-Separados,"Estado de resultado integral, resultado del periodo, por funcion de gasto",800249542,2025-12-31,REYNA ROMERO & CIA SAS,N8299 - Otras actividades de servicio de apoyo a las empresas n.c.p.,08. SOCIEDAD POR ACCIONES SIMPLIFICADA SAS,CARRERA 7 NO 99 - 53 PISOS 19 Y 20,BOGOTA D.C.,BOGOTA D.C.,Periodo Actual,26274923.0,0.0,26274923.0,0.0,0.0,721632.0,6402740.0,0.0,19150551,,,,325.0,,,,,,,19150226,-546680.0,19696906,,19696906,2025,1.0,0.7288527924515706,0.7496465736550398,25480316,-0.2269755995176826,N8299,Otras actividades de servicio de apoyo a las empresas n.c.p.
Plenas-Separados,"Estado de resultado integral, resultado del periodo, por funcion de gasto",800249704,2025-12-31,COLWAGEN SAS,G4511 - Comercio de vehículos automotores nuevos,08. SOCIEDAD POR ACCIONES SIMPLIFICADA SAS,CALLE 127 No.54 A 50,BOGOTA D.C.,BOGOTA D.C.,Periodo Actual,269874753.0,233684387.0,36190366.0,10785883.0,29603653.0,12626858.0,4212604.0,0.0,533134,,,0.0,5263538.0,,-18602.0,,,,,-4749006,,-4749006,,-4749006,2025,0.1341005988803999,0.0019754867547762053,-0.017597074002694873,-12654241,0.6247103243884797,G4511,Comercio de vehículos automotores nuevos
Plenas-Separados,"Estado de resultado integral, resultado del periodo, por funcion de gasto",800249942,2025-12-31,Colombiana de Licitaciones y Concesiones SAS,N8299 - Otras actividades de servicio de apoyo a las empresas n.c.p.,08. SOCIEDAD POR ACCIONES SIMPLIFICADA SAS,CL 26 59 41 OFC 903,BOGOTA D.C.,BOGOTA D.C.,Periodo Actual,75740201.0,0.0,75740201.0,408171.0,0.0,9365752.0,0.0,0.0,66782620,,,15472449.0,44857365.0,,32119374.0,,,,,69517078,12951386.0,56565692,,56565692,2025,1.0,0.8817328065976482,0.7468384194016068,142258984,-0.602375256665688,N8299,Otras actividades de servicio de apoyo a las empresas n.c.p.
Plenas-Separados,"Estado de resultado integral, resultado del periodo, por funcion de gasto",800250097,2025-12-31,SECTOR RESOURCES LTD,B0722 - Extracción de oro y otros metales preciosos,02. SUCURSAL EXTRANJERA,TV 8SUR 77 156 AVDA MIROLINDO,TOLIMA,IBAGUE-TOLIMA,Periodo Actual,1379822.0,0.0,1379822.0,756.0,0.0,1517928.0,2494113.0,0.0,-2631463,,,,,,,,,,,-2631463,-790963.0,-1840500,,-1840500,2025,1.0,-1.9071032350549564,-1.333867701776026,-3107623,0.40774669256856444,B0722,Extracción de oro y otros metales preciosos
Plenas-Separados,"Estado de resultado integral, resultado del periodo, por funcion de gasto",800251710,2025-12-31,COMERCIALIZADORA INTERNACIONAL CI PISCICOLA NEW YORK SA,A0322 - Acuicultura de agua dulce,01. SOCIEDAD ANÓNIMA,KM 15 VIA NEIVA CONDUCE CAMPOALEGRE CRUCE RIVERA VDA RIO FRIO,HUILA,RIVERA-HUILA,Periodo Actual,246561888.0,194056677.0,52505211.0,8482768.0,31997723.0,8474166.0,10781682.0,0.0,9734408,,,,,,,,,,,9734408,3361871.0,6372537,,6372537,2025,0.21294941982274243,0.03948058671581879,0.02584558810646356,6052150,0.05293771634873557,A0322,Acuicultura de agua dulce
Plenas-Separados,"Estado de resultado integral, resultado del periodo, por funcion de gasto",801004045,2025-12-31,DON POLLO SAS,C1011 - Procesamiento y conservación de carne y productos cárnicos,08. SOCIEDAD POR ACCIONES SIMPLIFICADA SAS,CLL 21 NRO. 16 40 LC.1 TORRE COLSEGUROS,QUINDIO,ARMENIA-QUINDIO,Periodo Actual,577970961.0,443371037.0,134599924.0,2923188.0,36739589.0,18825318.0,15595791.0,0.0,66362414,0.0,0.0,2707122.0,23294604.0,0.0,30363.0,0.0,0.0,0.0,0.0,45805295,17426514.0,28378781,0.0,28378781,2025,0.23288354101236586,0.11481963364591945,0.04910070386736956,82577381,-0.6563371148813741,C1011,Procesamiento y conservación de carne y productos cárnicos
Plenas-Separados,"Estado de resultado integral, resultado del periodo, por funcion de gasto",801004314,2025-12-31,AGREGADOS TETUAN SAS,"G4663 - Comercio al por mayor de materiales de construcción, artículos de ferretería, pinturas, productos de vidrio, equipo y materiales de fontanería y calefacción",08. SOCIEDAD POR ACCIONES SIMPLIFICADA SAS,CL 36 18 23 OF 301,BOGOTA D.C.,BOGOTA D.C.,Periodo Actual,6456988.0,18237009.0,-11780021.0,920892.0,0.0,384986.0,234763.0,0.0,-11478878,,,575.0,,,,,,,,-11478303,-643115.0,-10835188,,-10835188,2025,-1.8243832883071798,-1.7777449795477396,-1.6780560843538814,-75657640,0.8567865981545287,G4663,"Comercio al por mayor de materiales de construcción, artículos de ferretería, pinturas, productos de vidrio, equipo y materiales de fontanería y calefacción"
Plenas-Separados,"Estado de resultado integral, resultado del periodo, por funcion de gasto",801004661,2025-12-31,PORTAL DE ARMENIA SA,L6810 - Actividades inmobiliarias realizadas con bienes propios o arrendados,01. SOCIEDAD ANÓNIMA,CL 53  46 192 PISO 6 CENTRO COMERCIAL  PORTAL DEL PRADO,ATLANTICO,BARRANQUILLA-ATLANTICO,Periodo Actual,3908470.0,1112923.0,2795547.0,2415953.0,631210.0,457325.0,668565.0,0.0,3454400,,,211924.0,,,0.0,,,,,3666324,1266797.0,2399527,,2399527,2025,0.7152535391086537,0.8838241050845983,0.6139300033005243,4160632,-0.4232782423439516,L6810,Actividades inmobiliarias realizadas con bienes propios o arrendados
Plenas-Separados,"Estado de resultado integral, resultado del periodo, por funcion de gasto",802001157,2025-12-31,SOCIEDAD COLOMBIANA DE INVERSIONES COMERCIALES S.A .S,L6810 - Actividades inmobiliarias realizadas con bienes propios o arrendados,08. SOCIEDAD POR ACCIONES SIMPLIFICADA SAS,CRA 54 59 67,ATLANTICO,BARRANQUILLA-ATLANTICO,Periodo Actual,11201351.0,7608055.0,3593296.0,1340848.0,0.0,3461853.0,671159.0,0.0,801132,0.0,0.0,310504.0,1419252.0,0.0,50825333.0,0.0,0.0,0.0,0.0,50517717,358232.0,50159485,0.0,50159485,2025,0.32079130454888877,0.07152101563463192,4.477985289453031,41901842,0.1970711215989025,L6810,Actividades inmobiliarias realizadas con bienes propios o arrendados
Plenas-Separados,"Estado de resultado integral, resultado del periodo, por funcion de gasto",802003400,2025-12-31,SOCIEDAD CANAL EXTENSIA AMERICA S.A.,M7010 - Actividades de administración empresarial,01. SOCIEDAD ANÓNIMA,CR 54 72-142 PISO 6,ATLANTICO,BARRANQUILLA-ATLANTICO,Periodo Actual,4795456.0,2956820.0,1838636.0,86041.0,0.0,67487722.0,8443.0,0.0,-65571488,,,170746127.0,120444613.0,,9716268.0,,,,,-5553706,10010897.0,-15564603,,-15564603,2025,0.38341213014987524,-13.673671075284602,-3.245698219314284,-90051129,0.8271581581170404,M7010,Actividades de administración empresarial
Plenas-Separados,"Estado de resultado integral, resultado del periodo, por funcion de gasto",802014606,2025-12-31,PET DEL CARIBE SA,C2229 - Fabricación de artículos de plástico n.c.p.,01. SOCIEDAD ANÓNIMA,"VIA 40 70-14 PARQUE INDUSTRIAL CANTAMAR BOD 3,4 Y 5",ATLANTICO,BARRANQUILLA-ATLANTICO,Periodo Actual,81527936.0,66005232.0,15522704.0,3755633.0,1324695.0,6097707.0,3353584.0,0.0,8502351,,,51342.0,1782651.0,,,,,,,6771042,2774676.0,3996366,,3996366,2025,0.19039736269050156,0.10428757818669665,0.049018363472368535,2437388,0.6396101072131314,C2229,Fabricación de artículos de plástico n.c.p.
Plenas-Separados,"Estado de resultado integral, resultado del periodo, por funcion de gasto",802015564,2025-12-31,DESARROLLOS Y PROYECTOS S.A.S.,M7112 - Actividades de ingeniería y otras actividades conexas de consultoría técnica,08. SOCIEDAD POR ACCIONES SIMPLIFICADA SAS,CR 59 No 79 - 119,ATLANTICO,BARRANQUILLA-ATLANTICO,Periodo Actual,360000.0,48823.0,311177.0,0.0,0.0,311177.0,0.0,0.0,0,,,,,,,,,,,0,,0,,0,2025,0.8643805555555556,0.0,0.0,736629,-1.0,M7112,Actividades de ingeniería y otras actividades conexas de consultoría técnica
Plenas-Separados,"Estado de resultado integral, resultado del periodo, por funcion de gasto",802019047,2025-12-31,PORTALES URBANOS S.A.,L6810 - Actividades inmobiliarias realizadas con bienes propios o arrendados,01. SOCIEDAD ANÓNIMA,CR 54 No 59 – 67,ATLANTICO,BARRANQUILLA-ATLANTICO,Periodo Actual,20984246.0,0.0,20984246.0,31588771.0,0.0,5660521.0,0.0,0.0,46912496,,,396913.0,3234598.0,,2255555.0,,,,,46330366,11891279.0,34439087,,34439087,2025,1.0,2.2356055109151884,1.6411877272121191,29501268,0.16737650056261988,L6810,Actividades inmobiliarias realizadas con bienes propios o arrendados
Plenas-Separados,"Estado de resultado integral, resultado del periodo, por funcion de gasto",802021888,2025-12-31,PROMISOL S.A.S,B0910 - Actividades de apoyo para la extracción de petróleo y de gas natural,08. SOCIEDAD POR ACCIONES SIMPLIFICADA SAS,Calle 66 No 67 - 123,ATLANTICO,BARRANQUILLA-ATLANTICO,Periodo Actual,221921272.0,168364945.0,53556327.0,2025905.0,0.0,20077569.0,0.0,0.0,35504663,,,2490322.0,16606035.0,,,,,,,21388950,3063146.0,18325804,,18325804,2025,0.24133029933245875,0.15998765093595896,0.08257795133762572,12505314,0.4654413315811182,B0910,Actividades de apoyo para la extracción de petróleo y de gas natural
Plenas-Separados,"Estado de resultado integral, resultado del periodo, por funcion de gasto",802022488,2025-12-31,INVERSIONES GANEDEN  SAS,K6613 - Otras actividades relacionadas con el mercado de valores,08. SOCIEDAD POR ACCIONES SIMPLIFICADA SAS,CLL 80 N 78B 201,ATLANTICO,BARRANQUILLA-ATLANTICO,Periodo Actual,0.0,0.0,0.0,1662941.0,0.0,37839.0,0.0,0.0,1625102,,,,1053.0,,,,,,,1624049,21.0,1624028,,1624028,2025,,,,-48425512,1.0335366201187506,K6613,Otras actividades relacionadas con el mercado de valores
Plenas-Separados,"Estado de resultado integral, resultado del periodo, por funcion de gasto",802022622,2025-12-31,CI FRONTIER NEXT SAS,B0510 - Extracción de hulla (carbón de piedra),08. SOCIEDAD POR ACCIONES SIMPLIFICADA SAS,CRA 55 # 100 - 51 OFI 1210,ATLANTICO,BARRANQUILLA-ATLANTICO,Periodo Actual,183053900.0,159722965.0,23330935.0,6372359.0,1370995.0,14578694.0,16168452.0,0.0,-2414847,,,10198497.0,4644837.0,,,,,,,3138813,2771591.0,367222,,367222,2025,0.1274539083843611,-0.013191999733411853,0.002006086731831444,6139682,-0.9401887589617833,B0510,Extracción de hulla (carbón de piedra)
Plenas-Separados,"Estado de resultado integral, resultado del periodo, por funcion de gasto",802024439,2025-12-31,CARBONES DE LA JAGUA S.A.,B0510 - Extracción de hulla (carbón de piedra),01. SOCIEDAD ANÓNIMA,CARRERA 53 # 106-280 PISO 11,ATLANTICO,BARRANQUILLA-ATLANTICO,Periodo Actual,0.0,13182515.0,-13182515.0,0.0,0.0,0.0,191604731.0,0.0,-204787246,,,4.0,,,3873527.0,,,,,-200913715,135.0,-200913850,,-200913850,2025,,,,-289666321,0.3063955474478512,B0510,Extracción de hulla (carbón de piedra)
Plenas-Separados,"Estado de resultado integral, resultado del periodo, por funcion de gasto",804000690,2025-12-31,GEMS SA EN REORGANIZACION GEMS SA EN REORGANIZACION,M7210 - Investigaciones y desarrollo experimental en el campo de las ciencias naturales y la ingeniería,01. SOCIEDAD ANÓNIMA,URBANIZACION GRANJAS DE MANZANAREZ LOTE 27 VIA BUCARAMANGA PIEDECUESTA,SANTANDER,PIEDECUESTA-SANTANDER,Periodo Actual,8149129.0,4578522.0,3570607.0,73412.0,0.0,1569804.0,94245.0,0.0,1979970,,,14856.0,172952.0,,0.0,,,,,1821874,120398.0,1701476,0.0,1701476,2025,0.4381581148120247,0.24296707046851265,0.20879237523421215,407623,3.1741413021345704,M7210,Investigaciones y desarrollo experimental en el campo de las ciencias naturales y la ingeniería
Plenas-Separados,"Estado de resultado integral, resultado del periodo, por funcion de gasto",804002861,2025-12-31,INVERSIONES ARAR SAS,L6810 - Actividades inmobiliarias realizadas con bienes propios o arrendados,08. SOCIEDAD POR ACCIONES SIMPLIFICADA SAS,KM 2.176 ANILLO VIAL FLORIDA GIRON OFIC 206 CENTRO NATURA ECOPARQUE EMPRESARIAL,SANTANDER,FLORIDABLANCA-SANTANDER,Periodo Actual,5295101.0,0.0,5295101.0,4505466.0,53348.0,5865490.0,113135.0,0.0,3768594,,,16977.0,876910.0,,,,,,,2908661,582935.0,2325726,,2325726,2025,1.0,0.7117133365350349,0.4392222169133318,1511116,0.5390784029816375,L6810,Actividades inmobiliarias realizadas con bienes propios o arrendados
Plenas-Separados,"Estado de resultado integral, resultado del periodo, por funcion de gasto",804010334,2025-12-31,MEDIIMPLANTES SA,"C3250 - Fabricación de instrumentos, aparatos y materiales médicos y odontológicos (incluido mobiliario)",01. SOCIEDAD ANÓNIMA,PAR INDUSTRIAL BUCARAMANGA MZ C BG 10,SANTANDER,BUCARAMANGA-SANTANDER,Periodo Actual,31037182.0,9398428.0,21638754.0,2473196.0,11943395.0,5176677.0,3165480.0,50098.0,3876496,,,778044.0,3111761.0,,643200.0,,,,,2185979,670315.0,1515664,,1515664,2025,0.6971881016775299,0.12489845244326628,0.04883381487404365,3742744,-0.5950393614952024,C3250,"Fabricación de instrumentos, aparatos y materiales médicos y odontológicos (incluido mobiliario)"
Plenas-Separados,"Estado de resultado integral, resultado del periodo, por funcion de gasto",804014471,2025-12-31,PROMOSER SAS,L6810 - Actividades inmobiliarias realizadas con bienes propios o arrendados,08. SOCIEDAD POR ACCIONES SIMPLIFICADA SAS,CALLE 31 A 26 15 OFICINA 607 CENTRO EMPRESARIAL LA FLORIDA CALLE 31 A 26 15 OFICINA 607 CENTRO EMPRESARIAL LA FLORIDA CALLE 31 A 26 15 OFICINA 607 CENTRO EMPRESARIAL LA FLORIDA,SANTANDER,FLORIDABLANCA-SANTANDER,Periodo Actual,10874638.0,0.0,10874638.0,90549.0,83852.0,2892450.0,3682808.0,0.0,4306077,,,104378.0,988893.0,,,,,,,3421562,2494054.0,927508,,927508,2025,1.0,0.39597428438537446,0.08529093106363632,1223009,-0.2416180093523433,L6810,Actividades inmobiliarias realizadas con bienes propios o arrendados
Plenas-Separados,"Estado de resultado integral, resultado del periodo, por funcion de gasto",804014996,2025-12-31,PROURBE S.A,F4111 - Construcción de edificios residenciales,01. SOCIEDAD ANÓNIMA,AV GONZALEZ VALENCIA 55 67,SANTANDER,BUCARAMANGA-SANTANDER,Periodo Actual,791760.0,64332.0,727428.0,608413.0,8106.0,1122655.0,38199.0,0.0,166881,,,63790.0,14498.0,,,,,,,216173,52928.0,163245,,163245,2025,0.9187481054865111,0.21077220369809033,0.20617990300090935,119882,0.3617140187851387,F4111,Construcción de edificios residenciales
Plenas-Separados,"Estado de resultado integral, resultado del periodo, por funcion de gasto",804016124,2025-12-31,HARINAGRO SAS,C1011 - Procesamiento y conservación de carne y productos cárnicos,08. SOCIEDAD POR ACCIONES SIMPLIFICADA SAS,KM 6.5 VIA PALENQUE CAFE MADRID,SANTANDER,BUCARAMANGA-SANTANDER,Periodo Actual,44799324.0,37438268.0,7361056.0,788338.0,849288.0,2906463.0,48659.0,708800.0,5053784,,,39361.0,1204073.0,,284416.0,,,,,4173488,1161820.0,3011668,,3011668,2025,0.16431176506145495,0.11280938078440648,0.06722574653135391,971806,2.0990424014669595,C1011,Procesamiento y conservación de carne y productos cárnicos
Plenas-Separados,"Estado de resultado integral, resultado del periodo, por funcion de gasto",805001285,2025-12-31,AGENCIA DE ADUANAS CIAMSA S.A. NIVEL 2,H5229 - Otras actividades complementarias al transporte,01. SOCIEDAD ANÓNIMA,AVENIDA 3AN 56N 32,VALLE,CALI-VALLE,Periodo Actual,5867036.0,0.0,5867036.0,712.0,2163748.0,2422366.0,66317.0,0.0,1215317,,,290175.0,8783.0,-3714.0,212004.0,,,,,1712427,261757.0,1450670,,1450670,2025,1.0,0.2071432662080137,0.2472577294565774,1059889,0.36869992989831957,H5229,Otras actividades complementarias al transporte
Plenas-Separados,"Estado de resultado integral, resultado del periodo, por funcion de gasto",805004835,2025-12-31,RTS COLOMBIA SAS,"G4645 - Comercio al por mayor de productos farmacéuticos, medicinales, cosméticos y de tocador",08. SOCIEDAD POR ACCIONES SIMPLIFICADA SAS,CALLE 45N # 4N - 32,VALLE,CALI-VALLE,Periodo Actual,0.0,0.0,0.0,0.0,0.0,335933.0,0.0,379501.0,43568,0.0,0.0,1490.0,10642.0,0.0,-7735080.0,0.0,0.0,0.0,0.0,-7700664,498293.0,-8198957,0.0,-8198957,2025,,,,1990088,-5.11989670808527,G4645,"Comercio al por mayor de productos farmacéuticos, medicinales, cosméticos y de tocador"
Plenas-Separados,"Estado de resultado integral, resultado del periodo, por funcion de gasto",805005383,2025-12-31,COMERCIALIZADORA R DORON SAS,G4669 - Comercio al por mayor de otros productos n.c.p.,08. SOCIEDAD POR ACCIONES SIMPLIFICADA SAS,CL 23 NORTE NRO. 4N-50 PISO 8,CAUCA,PUERTO-TEJADA-CAUCA,Periodo Actual,128141527.0,112452274.0,15689253.0,5186664.0,10768172.0,2225840.0,19241994.0,0.0,-11360089,,,2955798.0,3578687.0,,-25301.0,,,,,-12008279,,-12008279,,-12008279,2025,0.12243691305473517,-0.08865267385177952,-0.09371106526614124,2931523,-5.096259521074882,G4669,Comercio al por mayor de otros productos n.c.p.
Plenas-Separados,"Estado de resultado integral, resultado del periodo, por funcion de gasto",805005674,2025-12-31,ORREGO GOMEZ S EN C S SUCESORES,L6810 - Actividades inmobiliarias realizadas con bienes propios o arrendados,04. SOCIEDAD EN COMANDITA,AV 5 No 23 DN 66 LC 101 102120 121 122,VALLE,CALI-VALLE,Periodo Actual,2475420.0,0.0,2475420.0,1762736.0,0.0,2108497.0,238751.0,0.0,1890908,0.0,0.0,201641.0,24586.0,0.0,,0.0,0.0,0.0,0.0,2067963,341248.0,1726715,0.0,1726715,2025,1.0,0.7638736052871836,0.6975442551163035,2145459,-0.195176882895455,L6810,Actividades inmobiliarias realizadas con bienes propios o arrendados
Plenas-Separados,"Estado de resultado integral, resultado del periodo, por funcion de gasto",805006014,2025-12-31,DIRECTV COLOMBIA LTDA,J6130 - Actividades de telecomunicación satelital,03. SOCIEDAD LIMITADA,AV KR 45 (AUTONORTE) NO. 103 - 60,BOGOTA D.C.,BOGOTA D.C.,Periodo Actual,652074847.0,379824956.0,272249891.0,35496052.0,38224391.0,268253394.0,14112985.0,0.0,-12844827,,,,4472850.0,,1381043.0,,,,,-15936634,893355.0,-16829989,,-16829989,2025,0.41751325365874753,-0.0196983936109408,-0.02580990369039645,-105270776,0.8401266748522875,J6130,Actividades de telecomunicación satelital
Plenas-Separados,"Estado de resultado integral, resultado del periodo, por funcion de gasto",805010369,2025-12-31,LATINOAMERICANA DE LA CONSTRUCCIÓN S.A. EN REORGANIZACION,F4112 - Construcción de edificios no residenciales,01. SOCIEDAD ANÓNIMA,CL  17 N 9 N 23,VALLE,CALI-VALLE,Periodo Actual,31919701.0,25176595.0,6743106.0,3260355.0,0.0,4767821.0,1251078.0,0.0,3984562,,,142862.0,3195236.0,,,,,,,932188,700365.0,231823,,231823,2025,0.2112521668044447,0.12483080590259915,0.007262693344151313,-1563206,1.1482997122580134,F4112,Construcción de edificios no residenciales
Plenas-Separados,"Estado de resultado integral, resultado del periodo, por funcion de gasto",805012526,2025-12-31,INVERSANTAMONICA SA,L6810 - Actividades inmobiliarias realizadas con bienes propios o arrendados,01. SOCIEDAD ANÓNIMA,CALLE 29 NTE 6 A 40,VALLE,CALI-VALLE,Periodo Actual,30017288.0,0.0,30017288.0,17156941.0,0.0,40926102.0,121120.0,-114757.0,6012250,,,106201.0,1306491.0,,21788134.0,,,,,26600094,-1689743.0,28289837,,28289837,2025,1.0,0.20029291120503626,0.9424514633034137,43823177,-0.35445490407963803,L6810,Actividades inmobiliarias realizadas con bienes propios o arrendados
Plenas-Separados,"Estado de resultado integral, resultado del periodo, por funcion de gasto",805014595,2025-12-31,LINDA Y CIA S.A.S,M7010 - Actividades de administración empresarial,08. SOCIEDAD POR ACCIONES SIMPLIFICADA SAS,CALLE 12 8 16 OF 501,VALLE,CALI-VALLE,Periodo Actual,2912877.0,47260.0,2865617.0,5168406.0,0.0,2514547.0,1225086.0,0.0,4294390,,,292765.0,6433.0,,,,,,,4580722,750069.0,3830653,,3830653,2025,0.9837754906918487,1.4742778359676705,1.315075439162038,3058610,0.2524162936758855,M7010,Actividades de administración empresarial
Plenas-Separados,"Estado de resultado integral, resultado del periodo, por funcion de gasto",805017133,2025-12-31,POTENCIA Y TECNOLOGIAS INCORPORADAS SA BIC,G4659 - Comercio al por mayor de otros tipos de maquinaria y equipo n.c.p.,01. SOCIEDAD ANÓNIMA,CR 56 # 2 50,VALLE,CALI-VALLE,Periodo Actual,80834764.0,61640548.0,19194216.0,3092363.0,4809165.0,8746847.0,1733380.0,0.0,6997187,,,6589316.0,10292038.0,,,,,,,3294465,2560833.0,733632,,733632,2025,0.2374500159362128,0.08656160609314081,0.009075699163295634,1448190,-0.49341453814761876,G4659,Comercio al por mayor de otros tipos de maquinaria y equipo n.c.p.
Plenas-Separados,"Estado de resultado integral, resultado del periodo, por funcion de gasto",805018583,2025-12-31,EQUIPAMIENTOS URBANOS NACIONALES DE COLOMBIA S.A.S.,M7310 - Publicidad,08. SOCIEDAD POR ACCIONES SIMPLIFICADA SAS,CL 76 53 61,BOGOTA D.C.,BOGOTA D.C.,Periodo Actual,55709717.0,33803652.0,21906065.0,1034375.0,4961005.0,10877597.0,0.0,0.0,7101838,,,1178548.0,4525253.0,,-1684734.0,,,,,2070399,272637.0,1797762,,1797762,2025,0.39321802693774227,0.1274793408123039,0.03227016931355081,-4395448,1.4090054074123957,M7310,Publicidad
Plenas-Separados,"Estado de resultado integral, resultado del periodo, por funcion de gasto",805020771,2025-12-31,AGRICULTURA Y SERVICIOS S.A.S.,"G4664 - Comercio al por mayor de productos químicos básicos, cauchos y plásticos en formas primarias y productos químicos de uso agropecuario",08. SOCIEDAD POR ACCIONES SIMPLIFICADA SAS,VDA VUELTA GRANDE A 150 M GT SIBERIA VIA COTA COMPLEJO LOG INDUSTRIAL SIBERIA BG 23 24,CUNDINAMARCA,COTA-CUNDINAMARCA,Periodo Actual,207814611.0,177577584.0,30237027.0,2513901.0,19586791.0,5467807.0,1104948.0,-2107210.0,4484172,,,,1656497.0,,772564.0,,,,,3600239,3291566.0,308673,,308673,2025,0.1455000052907733,0.02157775133529952,0.0014853286711394899,-836480,1.369014202371844,G4664,"Comercio al por mayor de productos químicos básicos, cauchos y plásticos en formas primarias y productos químicos de uso agropecuario"
Plenas-Separados,"Estado de resultado integral, resultado del periodo, por funcion de gasto",805021817,2025-12-31,AGROPECUARIA CUENCA S.A.S,K6494 - Otras actividades de distribución de fondos,08. SOCIEDAD POR ACCIONES SIMPLIFICADA SAS,CALLE 67N 6N 85,VALLE,CALI-VALLE,Periodo Actual,55115031.0,0.0,55115031.0,974215.0,0.0,1291045.0,2215915.0,0.0,52582286,,,214409.0,3091.0,,,,,,,52793604,166577.0,52627027,,52627027,2025,1.0,0.9540462020242717,0.954857976946434,49908015,0.05448046771645797,K6494,Otras actividades de distribución de fondos
Plenas-Separados,"Estado de resultado integral, resultado del periodo, por funcion de gasto",805023971,2025-12-31,VELEZ Y VALLECILLA  & CIA  SCA,K6613 - Otras actividades relacionadas con el mercado de valores,05. SOCIEDAD EN COMANDITA POR ACCIONES,K 1 58 41,VALLE,CALI-VALLE,Periodo Actual,0.0,0.0,0.0,0.0,0.0,432883.0,0.0,541103.0,108220,,,529712.0,1778776.0,,4350204.0,,,,,3209360,-55839.0,3265199,,3265199,2025,,,,5216805,-0.3740998561380002,K6613,Otras actividades relacionadas con el mercado de valores
Plenas-Separados,"Estado de resultado integral, resultado del periodo, por funcion de gasto",805023973,2025-12-31,BURGOS Y VALLECILLA SAS,K6513 - Reaseguros,05. SOCIEDAD EN COMANDITA POR ACCIONES,K 1 58 41,VALLE,CALI-VALLE,Periodo Actual,0.0,0.0,0.0,0.0,0.0,561672.0,0.0,145595.0,-416077,,,440536.0,1128236.0,,3628551.0,,,,,2524774,-218955.0,2743729,,2743729,2025,,,,3900299,-0.2965336760079163,K6513,Reaseguros
Plenas-Separados,"Estado de resultado integral, resultado del periodo, por funcion de gasto",805023974,2025-12-31,CORREA Y VALLECILLA SAS,L6810 - Actividades inmobiliarias realizadas con bienes propios o arrendados,05. SOCIEDAD EN COMANDITA POR ACCIONES,K 1 58-41,VALLE,CALI-VALLE,Periodo Actual,24054.0,0.0,24054.0,0.0,0.0,665355.0,0.0,128557.0,-512744,,,436767.0,822836.0,,3628552.0,,,,,2729739,-91987.0,2821726,,2821726,2025,1.0,-21.31637149746404,117.30797372578365,3751542,-0.2478490178172069,L6810,Actividades inmobiliarias realizadas con bienes propios o arrendados
Plenas-Separados,"Estado de resultado integral, resultado del periodo, por funcion de gasto",805023991,2025-12-31,VALLECILLA Y ECHEVERRI SAS,K6613 - Otras actividades relacionadas con el mercado de valores,05. SOCIEDAD EN COMANDITA POR ACCIONES,K 1 58-41,VALLE,CALI-VALLE,Periodo Actual,0.0,0.0,0.0,0.0,0.0,257986.0,0.0,378769.0,120783,,,629904.0,1281763.0,,2305739.0,,,,,1774663,-40934.0,1815597,,1815597,2025,,,,3945664,-0.5398500733970252,K6613,Otras actividades relacionadas con el mercado de valores
Plenas-Separados,"Estado de resultado integral, resultado del periodo, por funcion de gasto",805024036,2025-12-31,AM VALLECILLA Y JG GOMEZ Y CIA SCA,L6810 - Actividades inmobiliarias realizadas con bienes propios o arrendados,05. SOCIEDAD EN COMANDITA POR ACCIONES,K 1 58-41,VALLE,CALI-VALLE,Periodo Actual,21440.0,0.0,21440.0,0.0,0.0,361694.0,0.0,594379.0,254125,,,565293.0,1701563.0,,3422968.0,,,,,2540823,-303395.0,2844218,,2844218,2025,1.0,11.852845149253731,132.65942164179106,5367060,-0.4700603309819529,L6810,Actividades inmobiliarias realizadas con bienes propios o arrendados
Plenas-Separados,"Estado de resultado integral, resultado del periodo, por funcion de gasto",805024093,2025-12-31,LOMBANA Y VALLECILLA & CIA SCA,K6613 - Otras actividades relacionadas con el mercado de valores,05. SOCIEDAD EN COMANDITA POR ACCIONES,K 1 58-41,VALLE,CALI-VALLE,Periodo Actual,0.0,0.0,0.0,0.0,0.0,306354.0,0.0,306291.0,-63,,,320251.0,1408065.0,,3628552.0,,,,,2540675,-330535.0,2871210,,2871210,2025,,,,4120390,-0.3031703309638165,K6613,Otras actividades relacionadas con el mercado de valores
Plenas-Separados,"Estado de resultado integral, resultado del periodo, por funcion de gasto",805024510,2025-12-31,VALLECILLA Y MARTINEZ & CIA SCA,L6810 - Actividades inmobiliarias realizadas con bienes propios o arrendados,05. SOCIEDAD EN COMANDITA POR ACCIONES,K 1 58-41,VALLE,CALI-VALLE,Periodo Actual,161566.0,0.0,161566.0,0.0,516102.0,0.0,0.0,138503.0,-216033,,,2181823.0,1930974.0,,3651438.0,,,,,3686254,34809.0,3651445,,3651445,2025,1.0,-1.3371191958704183,22.60033051508362,6341057,-0.4241583067302502,L6810,Actividades inmobiliarias realizadas con bienes propios o arrendados
Plenas-Separados,"Estado de resultado integral, resultado del periodo, por funcion de gasto",805024511,2025-12-31,INVERSIONES VALLECILLA Y MARTINEZ & CIA SCA,K6613 - Otras actividades relacionadas con el mercado de valores,05. SOCIEDAD EN COMANDITA POR ACCIONES,K 1 58- 41,VALLE,CALI-VALLE,Periodo Actual,300.0,0.0,300.0,0.0,0.0,1635957.0,0.0,111087.0,-1524570,,,4673531.0,3401240.0,,8675253.0,,,,,8422974,-820899.0,9243873,,9243873,2025,1.0,-5081.9,30812.91,10625705,-0.13004614752621121,K6613,Otras actividades relacionadas con el mercado de valores
Plenas-Separados,"Estado de resultado integral, resultado del periodo, por funcion de gasto",805031746,2025-12-31,Carval Internacional Limitada,G4659 - Comercio al por mayor de otros tipos de maquinaria y equipo n.c.p.,03. SOCIEDAD LIMITADA,Cra 1 Nro 58-41,VALLE,CALI-VALLE,Periodo Actual,0.0,0.0,0.0,0.0,0.0,16884.0,0.0,0.0,-16884,,,650.0,,,,,,,,-16234,1287.0,-17521,,-17521,2025,,,,-216130,0.9189330495535094,G4659,Comercio al por mayor de otros tipos de maquinaria y equipo n.c.p.
Plenas-Separados,"Estado de resultado integral, resultado del periodo, por funcion de gasto",806000179,2025-12-31,HOTELES DECAMERON COLOMBIA S.A.S. SIGLA HODECOL S.A.S,I5511 - Alojamiento en hoteles,08. SOCIEDAD POR ACCIONES SIMPLIFICADA SAS,AVENIDA SAN MARTIN 11 41 PISO 19 OFICINA 1906,BOLIVAR,CARTAGENA-BOLIVAR,Periodo Actual,452583446.0,215790392.0,236793054.0,84727051.0,75200337.0,234063930.0,3081228.0,0.0,9174610,,,107854148.0,94095688.0,235427.0,13505072.0,,,,,36202715,35556469.0,646246,,646246,2025,0.5232030824211807,0.020271642900522704,0.0014279046344085682,3891435,-0.8339311847686007,I5511,Alojamiento en hoteles
Plenas-Separados,"Estado de resultado integral, resultado del periodo, por funcion de gasto",806004274,2025-12-31,AXALTA POWDER COATING SYSTEMS ANDINA S.A.S,"C2022 - Fabricación de pinturas, barnices y revestimientos similares, tintas para impresión y masillas",08. SOCIEDAD POR ACCIONES SIMPLIFICADA SAS,ZONA FRANCA MAMONAL KM 13 BODEGA 13,BOLIVAR,CARTAGENA-BOLIVAR,Periodo Actual,33193342.0,23968414.0,9224928.0,6212738.0,6035499.0,956244.0,3640517.0,-368222.0,4437184,,,,921894.0,,856949.0,,,,,4372239,456064.0,3916175,,3916175,2025,0.27791501078740427,0.1336769283430394,0.11798073842639889,-365279,11.721051579751368,C2022,"Fabricación de pinturas, barnices y revestimientos similares, tintas para impresión y masillas"
Plenas-Separados,"Estado de resultado integral, resultado del periodo, por funcion de gasto",809002625,2025-12-31,INTERNACIONAL DE ELECTRICOS SAS,"G4663 - Comercio al por mayor de materiales de construcción, artículos de ferretería, pinturas, productos de vidrio, equipo y materiales de fontanería y calefacción",08. SOCIEDAD POR ACCIONES SIMPLIFICADA SAS,CALLE 24 N. 4A 26 BARRIO EL CARMEN,TOLIMA,IBAGUE-TOLIMA,Periodo Actual,382492045.0,295774900.0,86717145.0,5725599.0,0.0,62037410.0,1550630.0,0.0,28854704,,,1856655.0,4282774.0,,181510.0,,,,,26610095,9231000.0,17379095,,17379095,2025,0.22671620530042658,0.07543870356833172,0.04543648744381076,12087935,0.437722406680711,G4663,"Comercio al por mayor de materiales de construcción, artículos de ferretería, pinturas, productos de vidrio, equipo y materiales de fontanería y calefacción"
Plenas-Separados,"Estado de resultado integral, resultado del periodo, por funcion de gasto",810002455,2025-12-31,CONSTRUCCIONES CFC Y ASOCIADOS SAS BIC,F4111 - Construcción de edificios residenciales,08. SOCIEDAD POR ACCIONES SIMPLIFICADA SAS,CRA 23 62 39 PISO 1,CALDAS,MANIZALES-CALDAS,Periodo Actual,113141902.0,94575104.0,18566798.0,0.0,8474038.0,2771818.0,0.0,0.0,7320942,,,3564564.0,8618374.0,,,,,,,2267132,986577.0,1280555,,1280555,2025,0.16410187270848603,0.0647058416960323,0.011318132162918739,1779447,-0.28036350619040634,F4111,Construcción de edificios residenciales
Plenas-Separados,"Estado de resultado integral, resultado del periodo, por funcion de gasto",810004060,2025-12-31,INDUSERVI SAS,G4669 - Comercio al por mayor de otros productos n.c.p.,08. SOCIEDAD POR ACCIONES SIMPLIFICADA SAS,CALLE 13 A No 100 35 OF 611VALLECALI-VALLECALLE 13 A No 100 35 OF 611VALLECALI-VALLE48627253217954340islena.bello@induservi-sas.com,VALLE,CALI-VALLE,Periodo Actual,32481329.0,28250036.0,4231293.0,120448.0,1594029.0,2228753.0,65373.0,0.0,463586,,,1638338.0,1501849.0,,,,,,,600075,368295.0,231780,,231780,2025,0.13026846900260763,0.014272383990199415,0.007135791765170692,235774,-0.016939950969996693,G4669,Comercio al por mayor de otros productos n.c.p.
Plenas-Separados,"Estado de resultado integral, resultado del periodo, por funcion de gasto",811000056,2025-12-31,INGENIERIA INMOBILIARIA SAS,M7112 - Actividades de ingeniería y otras actividades conexas de consultoría técnica,08. SOCIEDAD POR ACCIONES SIMPLIFICADA SAS,CRA 43B N 16 95 OFICINA 810,ANTIOQUIA,MEDELLIN-ANTIOQUIA,Periodo Actual,145624047.0,132169691.0,13454356.0,1248197.0,850890.0,8646000.0,94666.0,0.0,5110997,,,217922.0,2097312.0,,273946.0,,,,,3505553,442531.0,3063022,,3063022,2025,0.09239103209375853,0.03509720479063461,0.021033765117103222,3112761,-0.015979061675470748,M7112,Actividades de ingeniería y otras actividades conexas de consultoría técnica
Plenas-Separados,"Estado de resultado integral, resultado del periodo, por funcion de gasto",811000289,2025-12-31,GOLDEN HAWK INDUSTRIES SAS,"C2930 - Fabricación de partes, piezas (autopartes) y accesorios (lujos) para vehículos automotores",08. SOCIEDAD POR ACCIONES SIMPLIFICADA SAS,KM 38 MAS 200 MTS AUTOPISTA MEDELLLIN BOGOTA,ANTIOQUIA,MARINILLA-ANTIOQUIA,Periodo Actual,15391536.0,11375026.0,4016510.0,140071.0,301656.0,1958628.0,91469.0,0.0,1804828,,,2210912.0,3064529.0,0.0,862129.0,,,,,1813340,433665.0,1379675,,1379675,2025,0.2609557616601748,0.11726107127969554,0.08963855199377112,1145304,0.20463649825723126,C2930,"Fabricación de partes, piezas (autopartes) y accesorios (lujos) para vehículos automotores"
Plenas-Separados,"Estado de resultado integral, resultado del periodo, por funcion de gasto",811002480,2025-12-31,ADITIVOS Y QUIMICOS S.A.S,C2029 - Fabricación de otros productos químicos n.c.p.,08. SOCIEDAD POR ACCIONES SIMPLIFICADA SAS,VDA SAN JOSE KM 1.5 AUT MDE-BOG,ANTIOQUIA,GUARNE-ANTIOQUIA,Periodo Actual,138146461.0,75808251.0,62338210.0,117964.0,25099633.0,17236606.0,1509894.0,1418483.0,20028524,,,9736.0,6683251.0,,1317080.0,,,,,14672089,3242483.0,11429606,,11429606,2025,0.4512472454868026,0.1449803625443579,0.08273542381950703,7446678,0.5348597052269481,C2029,Fabricación de otros productos químicos n.c.p.
Plenas-Separados,"Estado de resultado integral, resultado del periodo, por funcion de gasto",811003486,2025-12-31,QUIPUX S.A.S,"J6201 - Actividades de desarrollo de sistemas informáticos (planificación, análisis, diseño, programación, pruebas)",08. SOCIEDAD POR ACCIONES SIMPLIFICADA SAS,CR 43 A 3 SUR 130 T 1 P 12,ANTIOQUIA,MEDELLIN-ANTIOQUIA,Periodo Actual,257372363.0,15094782.0,242277581.0,2029045.0,1769256.0,178661142.0,6287442.0,0.0,57588786,,,629962.0,10835036.0,3044204.0,-1920921.0,,,,,42418587,17953396.0,24465191,,24465191,2025,0.9413504160895473,0.22375668206457738,0.09505756839944776,16905200,0.4471991458249533,J6201,"Actividades de desarrollo de sistemas informáticos (planificación, análisis, diseño, programación, pruebas)"
Plenas-Separados,"Estado de resultado integral, resultado del periodo, por funcion de gasto",811004057,2025-12-31,PRAGMA SA,"J6201 - Actividades de desarrollo de sistemas informáticos (planificación, análisis, diseño, programación, pruebas)",01. SOCIEDAD ANÓNIMA,Carrera 42 5 Sur 47 ED.SELF PISO 16,ANTIOQUIA,MEDELLIN-ANTIOQUIA,Periodo Actual,197830840.0,147914265.0,49916575.0,0.0,0.0,42309253.0,2401177.0,0.0,5206145,,,38764.0,2798287.0,,-3890299.0,,,,,-1443677,1026965.0,-2470642,,-2470642,2025,0.252319481633905,0.02631614464155336,-0.012488659503240244,7237503,-1.341366628794489,J6201,"Actividades de desarrollo de sistemas informáticos (planificación, análisis, diseño, programación, pruebas)"
Plenas-Separados,"Estado de resultado integral, resultado del periodo, por funcion de gasto",811004805,2025-12-31,O-TEK INTERNACIONAL S.A.S.,C2229 - Fabricación de artículos de plástico n.c.p.,08. SOCIEDAD POR ACCIONES SIMPLIFICADA SAS,"Carrera 28 17 452 Km 5 Avenida Las Palmas - Ed. Cortezza Las Palmas Empresarial, Piso 8",ANTIOQUIA,MEDELLIN-ANTIOQUIA,Periodo Actual,3861021.0,919417.0,2941604.0,479240.0,667118.0,1199038.0,5173251.0,0.0,-3618563,,,,495865.0,48096050.0,,,,,,-52210478,101016.0,-52311494,,-52311494,2025,0.7618720540499521,-0.9372036567529677,-13.548616803690008,133543433,-1.3917189548362143,C2229,Fabricación de artículos de plástico n.c.p.
Plenas-Separados,"Estado de resultado integral, resultado del periodo, por funcion de gasto",811006722,2025-12-31,INGREDIENTES Y PRODUCTOS FUNCIONALES S.A.S.,G4690 - Comercio al por mayor no especializado,08. SOCIEDAD POR ACCIONES SIMPLIFICADA SAS,CRA 42 75 277,ANTIOQUIA,ITAGUI-ANTIOQUIA,Periodo Actual,104639321.0,83936851.0,20702470.0,1029839.0,12087578.0,5060521.0,975920.0,0.0,3608290,,,9059207.0,12380805.0,,11264195.0,,,,,11550887,739876.0,10811011,,10811011,2025,0.19784598946317705,0.03448311748888355,0.10331690703535815,11644342,-0.07156531472538337,G4690,Comercio al por mayor no especializado
Plenas-Separados,"Estado de resultado integral, resultado del periodo, por funcion de gasto",811008963,2025-12-31,MULTIENLACE SAS,N8220 - Actividades de centros de llamadas (call center),08. SOCIEDAD POR ACCIONES SIMPLIFICADA SAS,CALLE 8 B 65 191 CENTRO EMPRESARIAL PUERTO SECO LOCAL 136,ANTIOQUIA,MEDELLIN-ANTIOQUIA,Periodo Actual,1184511019.0,1119597583.0,64913436.0,0.0,0.0,0.0,0.0,0.0,64913436,,,10681405.0,35270971.0,,27888227.0,,,,,68212097,16531388.0,51680709,,51680709,2025,0.054801884455918264,0.054801884455918264,0.04363041640898403,54288801,-0.048041068359568305,N8220,Actividades de centros de llamadas (call center)
Plenas-Separados,"Estado de resultado integral, resultado del periodo, por funcion de gasto",811009788,2025-12-31,DISTRACOM S.A,G4731 - Comercio al por menor de combustible para automotores,01. SOCIEDAD ANÓNIMA,CALLE 51 # 64B 27,ANTIOQUIA,MEDELLIN-ANTIOQUIA,Periodo Actual,4279711095.0,3776948084.0,502763011.0,22511642.0,301395060.0,35822180.0,12383265.0,2739153.0,178413301,,,9055577.0,91310586.0,,303257.0,,,,,96461549,9009636.0,87451913,,87451913,2025,0.11747592298633887,0.041688164700753004,0.02043406927681879,76995474,0.13580589165539783,G4731,Comercio al por menor de combustible para automotores
Plenas-Separados,"Estado de resultado integral, resultado del periodo, por funcion de gasto",811013636,2025-12-31,INVERSIONES CFNS S.A.S,K6613 - Otras actividades relacionadas con el mercado de valores,08. SOCIEDAD POR ACCIONES SIMPLIFICADA SAS,Carrera 48 No. 26 - 85 T sur piso 10 sector E,ANTIOQUIA,MEDELLIN-ANTIOQUIA,Periodo Actual,13936740.0,0.0,13936740.0,348639.0,0.0,949128.0,0.0,-531653.0,12804598,,6441056.0,18328103.0,1677931.0,,-4302974.0,,,,,31592852,5480913.0,26111939,,26111939,2025,1.0,0.9187656510776552,1.8736045158336885,-16279487,2.603978000043859,K6613,Otras actividades relacionadas con el mercado de valores
Plenas-Separados,"Estado de resultado integral, resultado del periodo, por funcion de gasto",811014359,2025-12-31,CONSTRUCCIONES Y VIAS INGENIEROS CONTRATISTAS SAS EN REORGANIZACION,F4210 - Construcción de carreteras y vías de ferrocarril,08. SOCIEDAD POR ACCIONES SIMPLIFICADA SAS,CL 46 A SUR 49 80,ANTIOQUIA,ENVIGADO-ANTIOQUIA,Periodo Actual,1665743.0,1266137.0,399606.0,504327.0,0.0,3070060.0,0.0,0.0,-2166127,0.0,0.0,0.0,1052812.0,0.0,0.0,0.0,0.0,0.0,0.0,-3218939,0.0,-3218939,0.0,-3218939,2025,0.23989655066838042,-1.3003968799508687,-1.9324343551196073,-4117603,0.21824930669615308,F4210,Construcción de carreteras y vías de ferrocarril
Plenas-Separados,"Estado de resultado integral, resultado del periodo, por funcion de gasto",811014994,2025-12-31,COMPAÑÍA DE GALLETAS NOEL S.A.S.,C1089 - Elaboración de otros productos alimenticios n.c.p.,08. SOCIEDAD POR ACCIONES SIMPLIFICADA SAS,CRA 52 NRO 2 - 38,ANTIOQUIA,MEDELLIN-ANTIOQUIA,Periodo Actual,1142933016.0,818450913.0,324482103.0,0.0,163456253.0,80944843.0,0.0,-2490133.0,77590874,0.0,0.0,81962219.0,235769507.0,0.0,257551806.0,0.0,0.0,0.0,0.0,181335392,-22807987.0,204143379,-322141.0,203821238,2025,0.2839029920892582,0.06788750776624691,0.17833174398384866,176956261,0.15181704703853344,C1089,Elaboración de otros productos alimenticios n.c.p.
Plenas-Separados,"Estado de resultado integral, resultado del periodo, por funcion de gasto",811015126,2025-12-31,ALJACIA SAS,L6810 - Actividades inmobiliarias realizadas con bienes propios o arrendados,08. SOCIEDAD POR ACCIONES SIMPLIFICADA SAS,CL 10 SUR 50 FF 127,ANTIOQUIA,MEDELLIN-ANTIOQUIA,Periodo Actual,466342.0,0.0,466342.0,486341.0,0.0,385448.0,601814.0,0.0,-34579,,,1430400.0,1431771.0,,5117394.0,,,,,5081444,144289.0,4937155,,4937155,2025,1.0,-0.07414944397030505,10.586983372717876,5992070,-0.17605184852646916,L6810,Actividades inmobiliarias realizadas con bienes propios o arrendados
Plenas-Separados,"Estado de resultado integral, resultado del periodo, por funcion de gasto",811020107,2025-12-31,FLORES EL CAPIRO SA,A0125 - Cultivo de flor de corte,01. SOCIEDAD ANÓNIMA,Calle 11A  31A 89 OF 602 ED BOSKO,ANTIOQUIA,MEDELLIN-ANTIOQUIA,Periodo Actual,244051446.0,155699360.0,88352086.0,4027192.0,52088463.0,15579150.0,726672.0,0.0,23984993,,,12662058.0,21149210.0,,,,,,,15497841,5472397.0,10025444,,10025444,2025,0.36202238277252413,0.09827843019623002,0.04107922392723705,16467751,-0.3912074575332114,A0125,Cultivo de flor de corte
Plenas-Separados,"Estado de resultado integral, resultado del periodo, por funcion de gasto",811020576,2025-12-31,CHOUCAIR CARDENAS TESTING S.A,"J6201 - Actividades de desarrollo de sistemas informáticos (planificación, análisis, diseño, programación, pruebas)",01. SOCIEDAD ANÓNIMA,CARRERA 52 14 30 OF 424 CEOH,ANTIOQUIA,MEDELLIN-ANTIOQUIA,Periodo Actual,61954691.0,45773259.0,16181432.0,657187.0,2553052.0,10675958.0,426376.0,-129979.0,3053254,,,136717.0,730539.0,,391420.0,,,,,2850852,866929.0,1983923,,1983923,2025,0.26118170777415384,0.04928204710116301,0.032022159548822544,1840317,0.07803329535074664,J6201,"Actividades de desarrollo de sistemas informáticos (planificación, análisis, diseño, programación, pruebas)"
Plenas-Separados,"Estado de resultado integral, resultado del periodo, por funcion de gasto",811020804,2025-12-31,CONALTURA CONSTRUCCION Y VIVIENDA S.A.S,F4111 - Construcción de edificios residenciales,08. SOCIEDAD POR ACCIONES SIMPLIFICADA SAS,CL 5 A 39 194 OFICINA 501,ANTIOQUIA,MEDELLIN-ANTIOQUIA,Periodo Actual,370815747.0,280891525.0,89924222.0,7201302.0,0.0,43404734.0,2230077.0,0.0,51490713,,,717890.0,18270030.0,,,,,,,33938573,1062129.0,32876444,,32876444,2025,0.2425037845008238,0.13885794607314775,0.08865978391149608,38608601,-0.14846839438704346,F4111,Construcción de edificios residenciales
Plenas-Separados,"Estado de resultado integral, resultado del periodo, por funcion de gasto",811021607,2025-12-31,C.I. FLORANDINA S.A.S.,G4620 - Comercio al por mayor de materias primas agropecuarias; animales vivos,08. SOCIEDAD POR ACCIONES SIMPLIFICADA SAS,CALLE 97 N.23-60 OF 702 TORRE PROKSOL,ANTIOQUIA,RIONEGRO-ANTIOQUIA,Periodo Actual,26635787.0,22576787.0,4059000.0,22545.0,971412.0,2090809.0,296396.0,0.0,722928,,,681055.0,965208.0,,,,,,,438775,249959.0,188816,,188816,2025,0.15238896451604753,0.027141229204153045,0.007088808751924619,417943,-0.548225475722766,G4620,Comercio al por mayor de materias primas agropecuarias; animales vivos
Plenas-Separados,"Estado de resultado integral, resultado del periodo, por funcion de gasto",811023657,2025-12-31,AGROPECUARIA LA LEYNDA S.A.S,A0122 - Cultivo de plátano y banano,08. SOCIEDAD POR ACCIONES SIMPLIFICADA SAS,Carrera 43 A 16 A SUR 38 OF 1007,ANTIOQUIA,MEDELLIN-ANTIOQUIA,Periodo Actual,41417063.0,36149290.0,5267773.0,1513558.0,0.0,4047080.0,792663.0,-377821.0,1563767,,,59711.0,959604.0,,-262656.0,,,,,401218,160720.0,240498,,240498,2025,0.12718847302137284,0.037756588389669256,0.005806737189452569,1630079,-0.8524623653209445,A0122,Cultivo de plátano y banano
Plenas-Separados,"Estado de resultado integral, resultado del periodo, por funcion de gasto",811023986,2025-12-31,ONDADEMAR SAS,"C1410 - Confección de prendas de vestir, excepto prendas de piel",08. SOCIEDAD POR ACCIONES SIMPLIFICADA SAS,CL 14 A 52 A 123,ANTIOQUIA,MEDELLIN-ANTIOQUIA,Periodo Actual,8730998.0,4835959.0,3895039.0,449283.0,2737112.0,871621.0,3048650.0,0.0,-2313061,,,3716696.0,6844494.0,,,-35219.0,,,,-5476078,-1843387.0,-3632691,,-3632691,2025,0.4461161255563224,-0.2649251551769912,-0.41606824328673536,-8090516,0.550993904467898,C1410,"Confección de prendas de vestir, excepto prendas de piel"
Plenas-Separados,"Estado de resultado integral, resultado del periodo, por funcion de gasto",811025289,2025-12-31,NOVAVENTA S.A.S,"G4799 - Otros tipos de comercio al por menor no realizado en establecimientos, puestos de venta o mercados",08. SOCIEDAD POR ACCIONES SIMPLIFICADA SAS,CARRERA 52 # 2 - 38 GUAYABAL,ANTIOQUIA,MEDELLIN-ANTIOQUIA,Periodo Actual,1696534157.0,969942741.0,726591416.0,0.0,471342490.0,100648438.0,0.0,2494668.0,157095156,0.0,0.0,11155077.0,85247843.0,0.0,16237296.0,0.0,0.0,0.0,0.0,99239686,33156502.0,66083184,0.0,66083184,2025,0.428279862802668,0.09259769710607718,0.03895187357551092,76331378,-0.1342592557414593,G4799,"Otros tipos de comercio al por menor no realizado en establecimientos, puestos de venta o mercados"
Plenas-Separados,"Estado de resultado integral, resultado del periodo, por funcion de gasto",811025446,2025-12-31,TRONEX S.A.S.,G4690 - Comercio al por mayor no especializado,08. SOCIEDAD POR ACCIONES SIMPLIFICADA SAS,Cra 67 No 1 Sur 92,ANTIOQUIA,MEDELLIN-ANTIOQUIA,Periodo Actual,161173982.0,96173226.0,65000756.0,6311039.0,49744933.0,20303574.0,818498.0,222498.0,667288,,,7591555.0,10359427.0,,-28929.0,,,,,-2129513,2954036.0,-5083549,,-5083549,2025,0.40329558898656487,0.004140171954056456,-0.03154075451210233,-3512021,-0.4474711284471249,G4690,Comercio al por mayor no especializado
Plenas-Separados,"Estado de resultado integral, resultado del periodo, por funcion de gasto",811027317,2025-12-31,AQUATERRA SAS,"G4664 - Comercio al por mayor de productos químicos básicos, cauchos y plásticos en formas primarias y productos químicos de uso agropecuario",08. SOCIEDAD POR ACCIONES SIMPLIFICADA SAS,CR 50FF 10BSUR 61 BODEGA 10,ANTIOQUIA,MEDELLIN-ANTIOQUIA,Periodo Actual,38809817.0,26807330.0,12002487.0,304678.0,9375939.0,3100613.0,535937.0,0.0,-705324,,,10209446.0,7529677.0,,,,,,,1974445,1477037.0,497408,,497408,2025,0.3092641998286155,-0.018173855341806947,0.012816551028828609,-15301105,1.0325079789989025,G4664,"Comercio al por mayor de productos químicos básicos, cauchos y plásticos en formas primarias y productos químicos de uso agropecuario"
Plenas-Separados,"Estado de resultado integral, resultado del periodo, por funcion de gasto",811028650,2025-12-31,MADECENTRO COLOMBIA SAS,"G4752 - Comercio al por menor de artículos de ferretería, pinturas y productos de vidrio en establecimientos especializados",08. SOCIEDAD POR ACCIONES SIMPLIFICADA SAS,CALLE 7 SUR 42 70 INT 505    CALLE 7 SUR 42 70 INT 505,ANTIOQUIA,MEDELLIN-ANTIOQUIA,Periodo Actual,948140016.0,510682789.0,437457227.0,9156373.0,353651256.0,17539333.0,4778928.0,2466944.0,73111027,,,2859038.0,9610679.0,,6796510.0,,,,,73155896,26785358.0,46370538,,46370538,2025,0.4613846263398295,0.07710994765144476,0.048906846264782054,41969597,0.10486021583671627,G4752,"Comercio al por menor de artículos de ferretería, pinturas y productos de vidrio en establecimientos especializados"
Plenas-Separados,"Estado de resultado integral, resultado del periodo, por funcion de gasto",811029525,2025-12-31,PRODUCTOS LACTEOS AURA SAS,C1040 - Elaboración de productos lácteos,08. SOCIEDAD POR ACCIONES SIMPLIFICADA SAS,VDA LA LAJA KM 37 AUTOPISTA MEDELLIN-BOGOTA,ANTIOQUIA,RIONEGRO-ANTIOQUIA,Periodo Actual,520466193.0,483612737.0,36853456.0,96785.0,7633227.0,12165770.0,978619.0,35966.0,16208591,,,8507994.0,23928799.0,-16626.0,1906487.0,,,,,2710899,2158981.0,551918,,551918,2025,0.07080854913471776,0.03114244732510417,0.0010604300671648043,27285925,-0.9797727949483113,C1040,Elaboración de productos lácteos
Plenas-Separados,"Estado de resultado integral, resultado del periodo, por funcion de gasto",811030498,2025-12-31,C.I. TROPICAL S.A.S,G4620 - Comercio al por mayor de materias primas agropecuarias; animales vivos,08. SOCIEDAD POR ACCIONES SIMPLIFICADA SAS,Carrera 48 A Calle 16 SUR - 86. Piso 10 OF 1002,ANTIOQUIA,MEDELLIN-ANTIOQUIA,Periodo Actual,482390714.0,436271971.0,46118743.0,1517353.0,19679163.0,3466849.0,2848156.0,-407412.0,21234516,,,3175189.0,6856759.0,,5816306.0,,,,,23369252,5517772.0,17851480,,17851480,2025,0.09560454142572902,0.044019329940915904,0.03700626791087028,13287198,0.34350974524500955,G4620,Comercio al por mayor de materias primas agropecuarias; animales vivos
Plenas-Separados,"Estado de resultado integral, resultado del periodo, por funcion de gasto",811032292,2025-12-31,CONSTRUCTORA CAPITAL MEDELLIN S.A.S,F4111 - Construcción de edificios residenciales,08. SOCIEDAD POR ACCIONES SIMPLIFICADA SAS,CALLE 19 NRO 43G - 169,ANTIOQUIA,MEDELLIN-ANTIOQUIA,Periodo Actual,923865386.0,671968919.0,251896467.0,7776784.0,4852651.0,51302316.0,1295004.0,0.0,202223280,,,26407141.0,1959911.0,,2409784.0,,,,,229080294,53579010.0,175501284,,175501284,2025,0.27265494607457885,0.21888825262255251,0.1899641296876123,121315711,0.4466492637544695,F4111,Construcción de edificios residenciales
Plenas-Separados,"Estado de resultado integral, resultado del periodo, por funcion de gasto",811034480,2025-12-31,CALORCOL SAS,C2399 - Fabricación de otros productos minerales no metálicos n.c.p.,08. SOCIEDAD POR ACCIONES SIMPLIFICADA SAS,CL 46 71 121,ANTIOQUIA,COPACABANA-ANTIOQUIA,Periodo Actual,29122787.0,19199054.0,9923733.0,4238879.0,3749363.0,3388108.0,4710868.0,0.0,2314273,0.0,0.0,0.0,0.0,0.0,,0.0,0.0,0.0,0.0,2314273,708714.0,1605559,0.0,1605559,2025,0.34075492156708764,0.07946605522335483,0.05513067825548427,1738560,-0.07650066721884778,C2399,Fabricación de otros productos minerales no metálicos n.c.p.
Plenas-Separados,"Estado de resultado integral, resultado del periodo, por funcion de gasto",811035407,2025-12-31,TECHNO FOOD SAS,G4659 - Comercio al por mayor de otros tipos de maquinaria y equipo n.c.p.,08. SOCIEDAD POR ACCIONES SIMPLIFICADA SAS,Carrera 50 FF 10 B SUR 87,ANTIOQUIA,MEDELLIN-ANTIOQUIA,Periodo Actual,44035928.0,32153606.0,11882322.0,3226392.0,6737443.0,2874199.0,403430.0,0.0,5093642,,,4510110.0,3351927.0,,-502350.0,,,,,5749475,2328611.0,3420864,,3420864,2025,0.26983244227304576,0.11567014098124605,0.07768347700087075,7060543,-0.5154956212291321,G4659,Comercio al por mayor de otros tipos de maquinaria y equipo n.c.p.
Plenas-Separados,"Estado de resultado integral, resultado del periodo, por funcion de gasto",811035741,2025-12-31,INDUSTRIA DE ALIMENTOS ZENU S.A.S.,C1011 - Procesamiento y conservación de carne y productos cárnicos,08. SOCIEDAD POR ACCIONES SIMPLIFICADA SAS,CARRERA 52 NRO 2 - 38,ANTIOQUIA,MEDELLIN-ANTIOQUIA,Periodo Actual,268517630.0,146578764.0,121938866.0,0.0,64307160.0,17857906.0,3364.0,0.0,39770436,0.0,0.0,3311851.0,42303819.0,0.0,22188148.0,0.0,0.0,0.0,0.0,22966616,-91021.0,23057637,0.0,23057637,2025,0.45411865880091373,0.14811107933583356,0.08587010469293953,19470915,0.18420921667009485,C1011,Procesamiento y conservación de carne y productos cárnicos
Plenas-Separados,"Estado de resultado integral, resultado del periodo, por funcion de gasto",811036030,2025-12-31,COMPAÑIA NACIONAL DE CHOCOLATES S.A.S.,"C1082 - Elaboración de cacao, chocolate y productos de confitería",08. SOCIEDAD POR ACCIONES SIMPLIFICADA SAS,CRA 43 A  # 1 A SUR 143,ANTIOQUIA,MEDELLIN-ANTIOQUIA,Periodo Actual,2082270994.0,1488982224.0,593288770.0,0.0,202019459.0,87287150.0,0.0,-22028806.0,281953355,0.0,0.0,106159665.0,201448411.0,0.0,185579808.0,0.0,0.0,0.0,0.0,372244417,58360172.0,313884245,-251490.0,313632755,2025,0.2849238988150646,0.13540665735268845,0.15062052725304398,74221547,3.2256294523206313,C1082,"Elaboración de cacao, chocolate y productos de confitería"
Plenas-Separados,"Estado de resultado integral, resultado del periodo, por funcion de gasto",811036875,2025-12-31,SERVICIOS GENERALES SURAMERICANA S. A.S,K6619 - Otras actividades auxiliares de las actividades de servicios financieros n.c.p.,08. SOCIEDAD POR ACCIONES SIMPLIFICADA SAS,CR 63 49 A 31 P 1 ED CAMACOL,ANTIOQUIA,MEDELLIN-ANTIOQUIA,Periodo Actual,69397116.0,33613240.0,35783876.0,40751341.0,3388910.0,47541141.0,1221499.0,0.0,24383667,,,1783.0,,3659595.0,,,,,,20725855,7299955.0,13425900,,13425900,2025,0.5156392378034845,0.3513642699503536,0.19346481199593366,6716975,0.998801543849724,K6619,Otras actividades auxiliares de las actividades de servicios financieros n.c.p.
Plenas-Separados,"Estado de resultado integral, resultado del periodo, por funcion de gasto",811037763,2025-12-31,INVERSIONES POSADA E HIJOS Y CIA. S.A.S,L6810 - Actividades inmobiliarias realizadas con bienes propios o arrendados,08. SOCIEDAD POR ACCIONES SIMPLIFICADA SAS,CR 42 1SUR 48 AP 202,ANTIOQUIA,MEDELLIN-ANTIOQUIA,Periodo Actual,4137029.0,0.0,4137029.0,3671034.0,87551.0,5375179.0,516.0,0.0,2344817,,,737110.0,1065589.0,,,,,,,2016338,1063531.0,952807,,952807,2025,1.0,0.5667876633207067,0.2303118977411084,6185405,-0.8459588337384537,L6810,Actividades inmobiliarias realizadas con bienes propios o arrendados
Plenas-Separados,"Estado de resultado integral, resultado del periodo, por funcion de gasto",811038173,2025-12-31,CMSA SAS,G4610 - Comercio al por mayor a cambio de una retribución o por contrata,08. SOCIEDAD POR ACCIONES SIMPLIFICADA SAS,calle 16  45-72,ANTIOQUIA,MEDELLIN-ANTIOQUIA,Periodo Actual,24560587.0,19335604.0,5224983.0,342755.0,2362062.0,2286002.0,131634.0,0.0,788040,,,910090.0,992090.0,,91523.0,,,,,797563,191014.0,606549,,606549,2025,0.21273852290256742,0.03208555235263717,0.02469603026996057,202751,1.9915956024877806,G4610,Comercio al por mayor a cambio de una retribución o por contrata
Plenas-Separados,"Estado de resultado integral, resultado del periodo, por funcion de gasto",811039652,2025-12-31,MAS S.A.S. BIC,G4642 - Comercio al por mayor de prendas de vestir,08. SOCIEDAD POR ACCIONES SIMPLIFICADA SAS,CR 37 A 2 SUR 101,ANTIOQUIA,MEDELLIN-ANTIOQUIA,Periodo Actual,20714978.0,7440968.0,13274010.0,185079.0,9096394.0,1847983.0,0.0,0.0,2514712,,,149715.0,2314508.0,,,,,,,349919,-598989.0,948908,,948908,2025,0.6407928601227576,0.12139583252272824,0.045807820795175355,-11001785,1.0862503675539923,G4642,Comercio al por mayor de prendas de vestir
Plenas-Separados,"Estado de resultado integral, resultado del periodo, por funcion de gasto",811041746,2025-12-31,BIKE HOUSE SAS,G4649 - Comercio al por mayor de otros utensilios domésticos n.c.p.,08. SOCIEDAD POR ACCIONES SIMPLIFICADA SAS,CR 34 16A SUR 21,ANTIOQUIA,MEDELLIN-ANTIOQUIA,Periodo Actual,69244519.0,45168241.0,24076278.0,0.0,17810292.0,3192801.0,0.0,3766032.0,6839217,,,,5021293.0,,0.0,,,,,1817924,1093881.0,724043,,724043,2025,0.34769940419399836,0.0987690736937605,0.010456322181976598,-4791554,1.1511081791001416,G4649,Comercio al por mayor de otros utensilios domésticos n.c.p.
Plenas-Separados,"Estado de resultado integral, resultado del periodo, por funcion de gasto",811041784,2025-12-31,Suplemedicos SAS,"G4645 - Comercio al por mayor de productos farmacéuticos, medicinales, cosméticos y de tocador",08. SOCIEDAD POR ACCIONES SIMPLIFICADA SAS,Calle 66 a 43 02,ANTIOQUIA,ITAGUI-ANTIOQUIA,Periodo Actual,79729816.0,29708875.0,50020941.0,0.0,17160250.0,7376363.0,0.0,0.0,25484328,,,2758380.0,10754679.0,,1132482.0,,,,,18620511,6493611.0,12126900,,12126900,2025,0.6273806150512125,0.319633598552391,0.15209993711762737,9411238,0.2885552357723819,G4645,"Comercio al por mayor de productos farmacéuticos, medicinales, cosméticos y de tocador"
Plenas-Separados,"Estado de resultado integral, resultado del periodo, por funcion de gasto",811044853,2025-12-31,PETRICORP S.A.S.,N8211 - Actividades combinadas de servicios administrativos de oficina,08. SOCIEDAD POR ACCIONES SIMPLIFICADA SAS,CR  25 3 45 PISO 3 MALL DEL  ESTE,ANTIOQUIA,MEDELLIN-ANTIOQUIA,Periodo Actual,68922.0,0.0,68922.0,130293.0,0.0,323961.0,262.0,-771813.0,-896821,,,1003231.0,653086.0,,-118214803.0,,,,,-118761479,53107.0,-118814586,,-118814586,2025,1.0,-13.012115144656278,-1723.8992774440671,-86714248,-0.3701852779718507,N8211,Actividades combinadas de servicios administrativos de oficina
Plenas-Separados,"Estado de resultado integral, resultado del periodo, por funcion de gasto",811046960,2025-12-31,INVERFAM S.A.S EN PROCESO DE NEGOCIACION DE EMERGENCIA,L6810 - Actividades inmobiliarias realizadas con bienes propios o arrendados,08. SOCIEDAD POR ACCIONES SIMPLIFICADA SAS,CRA 22  17  325  LOCAL 121,ANTIOQUIA,MEDELLIN-ANTIOQUIA,Periodo Actual,30749766.0,25617538.0,5132228.0,3120799.0,0.0,22836971.0,3764772.0,0.0,-18348716,,,224631.0,5595645.0,,,,,,,-23719730,-2438495.0,-21281235,,-21281235,2025,0.16690299366830955,-0.5967107522053989,-0.6920779494712253,-60807592,0.65002338852688,L6810,Actividades inmobiliarias realizadas con bienes propios o arrendados
Plenas-Separados,"Estado de resultado integral, resultado del periodo, por funcion de gasto",813000008,2025-12-31,ATP INGENIERIA SAS,B0910 - Actividades de apoyo para la extracción de petróleo y de gas natural,08. SOCIEDAD POR ACCIONES SIMPLIFICADA SAS,Cr 7 Bis A Nº 124 - 69,BOGOTA D.C.,BOGOTA D.C.,Periodo Actual,54432576.0,34653612.0,19778964.0,61454.0,955681.0,7534730.0,193550.0,0.0,11156457,,,212415.0,797514.0,,50105.0,,,,,10621463,4268305.0,6353158,,6353158,2025,0.3633663047657344,0.2049591957580696,0.11671610029993804,4581865,0.3865877759384006,B0910,Actividades de apoyo para la extracción de petróleo y de gas natural
Plenas-Separados,"Estado de resultado integral, resultado del periodo, por funcion de gasto",813003433,2025-12-31,CONSTRUCTORA DISARCO SAS,F4111 - Construcción de edificios residenciales,08. SOCIEDAD POR ACCIONES SIMPLIFICADA SAS,Calle 127C # 11B-85 Apto 201,BOGOTA D.C.,BOGOTA D.C.,Periodo Actual,131760.0,104953.0,26807.0,40568.0,0.0,182153.0,10346.0,0.0,-125124,,,13103.0,72017.0,,,,,,,-184038,3708.0,-187746,,-187746,2025,0.20345324833029751,-0.9496357012750455,-1.4249089253187615,-991898,0.8107204571437789,F4111,Construcción de edificios residenciales
Plenas-Separados,"Estado de resultado integral, resultado del periodo, por funcion de gasto",813003683,2025-12-31,IBOMA SAS,L6810 - Actividades inmobiliarias realizadas con bienes propios o arrendados,08. SOCIEDAD POR ACCIONES SIMPLIFICADA SAS,CL 37  13 48 OF 301,SANTANDER,BUCARAMANGA-SANTANDER,Periodo Actual,5195896.0,0.0,5195896.0,54224.0,0.0,2751326.0,352414.0,0.0,2146380,0.0,0.0,141015.0,429824.0,0.0,0.0,0.0,243220.0,0.0,0.0,2100791,438357.0,1662434,0.0,1662434,2025,1.0,0.41309140906592434,0.31995136161308846,1052483,0.5795352514007353,L6810,Actividades inmobiliarias realizadas con bienes propios o arrendados
Plenas-Separados,"Estado de resultado integral, resultado del periodo, por funcion de gasto",815001802,2025-12-31,MADERKIT SA,C3110 - Fabricación de muebles,01. SOCIEDAD ANÓNIMA,CL 10 20 551,VALLE,YUMBO-VALLE,Periodo Actual,138756378.0,88607603.0,50148775.0,0.0,26549068.0,5770566.0,2793435.0,1063886.0,16099592,,,668787.0,4060632.0,,,,,,,12707747,4986890.0,7720857,,7720857,2025,0.36141599919824946,0.1160277619815069,0.05564325843097461,8760776,-0.11870169948415528,C3110,Fabricación de muebles
Plenas-Separados,"Estado de resultado integral, resultado del periodo, por funcion de gasto",815002936,2025-12-31,GLASSHOLDCO S.A.S,M7010 - Actividades de administración empresarial,08. SOCIEDAD POR ACCIONES SIMPLIFICADA SAS,CR 48 N° 32 B SUR 139 P 11,ANTIOQUIA,ENVIGADO-ANTIOQUIA,Periodo Actual,566288.0,0.0,566288.0,176055.0,0.0,77193.0,220797.0,0.0,444353,,,2076005.0,2087926.0,,2078827.0,,,,,2511259,130701.0,2380558,,2380558,2025,1.0,0.7846767016076626,4.203793829288277,1070132,1.224546130757701,M7010,Actividades de administración empresarial
Plenas-Separados,"Estado de resultado integral, resultado del periodo, por funcion de gasto",816005473,2025-12-31,LA OFRENDA SA,S9603 - Pompas fúnebres y actividades relacionadas,01. SOCIEDAD ANÓNIMA,KM 7 VIA PEREIRA ARMENIA,RISARALDA,PEREIRA-RISARALDA,Periodo Actual,43083437.0,19712959.0,23370478.0,492442.0,9335535.0,8330335.0,215946.0,0.0,5981104,,,217996.0,984009.0,,,70630.0,,,,5285721,2043073.0,3242648,,3242648,2025,0.5424469268781875,0.13882606441078504,0.07526437595960601,3176697,0.02076087206302647,S9603,Pompas fúnebres y actividades relacionadas
Plenas-Separados,"Estado de resultado integral, resultado del periodo, por funcion de gasto",816006799,2025-12-31,CI BUSSCAR DE COLOMBIA SAS,C2920 - Fabricación de carrocerías para vehículos automotores; fabricación de remolques y semirremolques,08. SOCIEDAD POR ACCIONES SIMPLIFICADA SAS,KM 14 VIA PEREIRA CERRITOS,RISARALDA,PEREIRA-RISARALDA,Periodo Actual,183378638.0,146417998.0,36960640.0,37816103.0,20880266.0,17244784.0,46276624.0,0.0,-9624931,,,,,,,,,,,-9624931,184240.0,-9809171,,-9809171,2025,0.2015536836956985,-0.05248665332545441,-0.05349135050288682,10340634,-1.9486044085884868,C2920,Fabricación de carrocerías para vehículos automotores; fabricación de remolques y semirremolques
Plenas-Separados,"Estado de resultado integral, resultado del periodo, por funcion de gasto",817000747,2025-12-31,COMPAÑIA INTERNACIONAL DE ALIMENTOS SAS,C1089 - Elaboración de otros productos alimenticios n.c.p.,08. SOCIEDAD POR ACCIONES SIMPLIFICADA SAS,PARQUE IND. Y COMERCIAL DEL CAUCA ETAPA 2 LOTE 7,CAUCA,CALOTO-CAUCA,Periodo Actual,264159615.0,243020720.0,21138895.0,0.0,5614816.0,6420595.0,0.0,2628826.0,11732310,,,,6963234.0,,-7009497.0,,,,,-2240421,-50467.0,-2189954,,-2189954,2025,0.08002318976729278,0.04441371554845732,-0.008290267988163142,5706188,-1.3837858128754257,C1089,Elaboración de otros productos alimenticios n.c.p.
Plenas-Separados,"Estado de resultado integral, resultado del periodo, por funcion de gasto",817000790,2025-12-31,FORSA S.A,C2511 - Fabricación de productos metálicos para uso estructural,01. SOCIEDAD ANÓNIMA,ZONA FRANCA PERMANENTE DEL CAUCA- ETAPA 1C,CAUCA,GUACHENE-CAUCA,Periodo Actual,164599246.0,118185878.0,46413368.0,546958.0,14558989.0,12008708.0,315757.0,-313494.0,19763378,,,1264654.0,2896753.0,,,,,,,18131279,3400940.0,14730339,,14730339,2025,0.2819780110049836,0.12006967516728478,0.08949214141600624,-2064958,8.133481165234354,C2511,Fabricación de productos metálicos para uso estructural
Plenas-Separados,"Estado de resultado integral, resultado del periodo, por funcion de gasto",817000808,2025-12-31,TECNOSUR S.A.S.,C1709 - Fabricación de otros artículos de papel y cartón,08. SOCIEDAD POR ACCIONES SIMPLIFICADA SAS,KM 24 VIA CALI STDER Q. EN LA Y DE VILLA RICA LOTE 2 ZF PARQUE SUR,CAUCA,SANTANDER-DE-QUILICHAO-CAUCA,Periodo Actual,874732380.0,540841412.0,333890968.0,3368052.0,56392533.0,23683736.0,129902.0,-2211.0,257050638,,,26961073.0,21192292.0,,12957278.0,,,,,275776697,53569250.0,222207447,,222207447,2025,0.38170642316910686,0.2938620358377496,0.25402906315186363,172609950,0.2873385746302574,C1709,Fabricación de otros artículos de papel y cartón
Plenas-Separados,"Estado de resultado integral, resultado del periodo, por funcion de gasto",817001528,2025-12-31,PAVCO DE OCCIDENTE SAS,C2229 - Fabricación de artículos de plástico n.c.p.,08. SOCIEDAD POR ACCIONES SIMPLIFICADA SAS,PARQUE INDUSTRIAL Y COMERCIAL DEL CAUCA ETAPA III LT7 LT8,CAUCA,GUACHENE-CAUCA,Periodo Actual,101828681.0,83424936.0,18403745.0,4263893.0,6474509.0,11479475.0,1927138.0,-395783.0,2390733,,,38919.0,464074.0,,1697541.0,,,,,3663119,771345.0,2891774,,2891774,2025,0.18073243038471645,0.023477992413551935,0.028398423426500046,3952639,-0.2683941032813773,C2229,Fabricación de artículos de plástico n.c.p.
Plenas-Separados,"Estado de resultado integral, resultado del periodo, por funcion de gasto",817001644,2025-12-31,GENFAR SA,"G4645 - Comercio al por mayor de productos farmacéuticos, medicinales, cosméticos y de tocador",01. SOCIEDAD ANÓNIMA,"Avenida Carrera 68, 17 - 64",BOGOTA D.C.,BOGOTA D.C.,Periodo Actual,711691113.0,464734314.0,246956799.0,0.0,79861199.0,49720195.0,527857.0,0.0,116847548,0.0,0.0,0.0,4347174.0,0.0,-865650.0,0.0,0.0,0.0,0.0,111634724,42642815.0,68991909,0.0,68991909,2025,0.3469999758167558,0.16418295221848583,0.09694080443013765,57862241,0.19234768318081563,G4645,"Comercio al por mayor de productos farmacéuticos, medicinales, cosméticos y de tocador"
Plenas-Separados,"Estado de resultado integral, resultado del periodo, por funcion de gasto",817002753,2025-12-31,SOFTYS COLOMBIA SA,C1709 - Fabricación de otros artículos de papel y cartón,01. SOCIEDAD ANÓNIMA,KM 2 VIA SAN JULIAN PARQUE EMPRESARIAL EL PARAISO,CAUCA,SANTANDER-DE-QUILICHAO-CAUCA,Periodo Actual,511469539.0,358786421.0,152683118.0,2181552.0,85986770.0,17998537.0,4772698.0,0.0,46106665,,,16435299.0,9123491.0,,,-154.0,,,,53418319,16736692.0,36681627,,36681627,2025,0.298518496914828,0.09014547589705044,0.07171810675513171,7167212,4.11797711578784,C1709,Fabricación de otros artículos de papel y cartón
Plenas-Separados,"Estado de resultado integral, resultado del periodo, por funcion de gasto",817003055,2025-12-31,TECNOFAR TQ S.A.S. ,"C2100 - Fabricación de productos farmacéuticos, sustancias químicas medicinales y productos botánicos de uso farmacéutico",08. SOCIEDAD POR ACCIONES SIMPLIFICADA SAS, KM 24 VIA CALI STDER Q EN LA Y VILLA RICA LOTE 8B ZF PARQUE SUR,CAUCA,SANTANDER-DE-QUILICHAO-CAUCA,Periodo Actual,580277165.0,324391552.0,255885613.0,14237576.0,65740035.0,25520608.0,440201.0,65859.0,178488204,,,5965578.0,8810864.0,,16798037.0,,,,,192440955,35877678.0,156563277,,156563277,2025,0.44097136408943477,0.3075912938948752,0.26980775126658657,88976883,0.7595949837892163,C2100,"Fabricación de productos farmacéuticos, sustancias químicas medicinales y productos botánicos de uso farmacéutico"
Plenas-Separados,"Estado de resultado integral, resultado del periodo, por funcion de gasto",819003334,2025-12-31,CINCINNATI COFFEE COMPANY S.A.S.,A0123 - Cultivo de café,08. SOCIEDAD POR ACCIONES SIMPLIFICADA SAS,CRR 1C NRO. 22-58 OF 702,MAGDALENA,SANTA-MARTA-MAGDALENA,Periodo Actual,1124075.0,959399.0,164676.0,5042.0,0.0,71087.0,3286.0,0.0,95345,,,8618.0,73417.0,,,-223168.0,,,,-192622,-175687.0,-16935,,-16935,2025,0.1464991214998999,0.0848208527011098,-0.0150657207036897,593833,-1.02851811873035,A0123,Cultivo de café
Plenas-Separados,"Estado de resultado integral, resultado del periodo, por funcion de gasto",819004200,2025-12-31,BANANERA DE EXPORTACION S.A.,A0122 - Cultivo de plátano y banano,01. SOCIEDAD ANÓNIMA,CR. 1C NRO..22-58 OF. 702,MAGDALENA,SANTA-MARTA-MAGDALENA,Periodo Actual,58548257.0,49034659.0,9513598.0,551035.0,0.0,2766056.0,1216453.0,0.0,6082124,,,76352.0,,-271170.0,2892008.0,,,,,9321654,-74876.0,9396530,,9396530,2025,0.16249156657216968,0.10388223854383914,0.16049205358922983,1744181,4.387359454093354,A0122,Cultivo de plátano y banano
Plenas-Separados,"Estado de resultado integral, resultado del periodo, por funcion de gasto",819004322,2025-12-31,AGROPECUARIA EL MAYOR S.A.S.,A0122 - Cultivo de plátano y banano,08. SOCIEDAD POR ACCIONES SIMPLIFICADA SAS,CR. 1C NRO. 22-58 OF.702 EDIF. BAHIA CENTRO,MAGDALENA,SANTA-MARTA-MAGDALENA,Periodo Actual,4201869.0,4094927.0,106942.0,516940.0,0.0,678160.0,8456.0,134011.0,71277,,,92966.0,118324.0,,153363.0,,,,,199282,-5029.0,204311,,204311,2025,0.025451055232802354,0.016963165676988027,0.048623838582307066,525636,-0.6113070642041261,A0122,Cultivo de plátano y banano
Plenas-Separados,"Estado de resultado integral, resultado del periodo, por funcion de gasto",819004712,2025-12-31,C.I. TEQUENDAMA S.A.S.,C1032 - Elaboración de aceites y grasas de origen vegetal refinados,08. SOCIEDAD POR ACCIONES SIMPLIFICADA SAS,Cra 1C # 22 - 58 Piso 11 Edificio Bahia Centro,MAGDALENA,SANTA-MARTA-MAGDALENA,Periodo Actual,1035887942.0,995848177.0,40039765.0,5280724.0,0.0,23000083.0,5398091.0,0.0,16922315,,,9120798.0,65719680.0,,,38373053.0,,,,-1303514,-3948449.0,2644935,,2644935,2025,0.0386526026383653,0.01633604786182558,0.0025533022373958668,-1655660,2.597510962395661,C1032,Elaboración de aceites y grasas de origen vegetal refinados
Plenas-Separados,"Estado de resultado integral, resultado del periodo, por funcion de gasto",820003863,2025-12-31,INVERSIONES GYR SAS,F4290 - Construcción de otras obras de ingeniería civil,08. SOCIEDAD POR ACCIONES SIMPLIFICADA SAS,CRA 47A 96 41 OF 608,BOGOTA D.C.,BOGOTA D.C.,Periodo Actual,10364585.0,8317251.0,2047334.0,96891.0,0.0,953718.0,377401.0,0.0,813106,,,13.0,100786.0,,,,,,,712333,815178.0,-102845,,-102845,2025,0.19753169084917535,0.07845041552556133,-0.0099227320727265,-4626285,0.9777694197395966,F4290,Construcción de otras obras de ingeniería civil
Plenas-Separados,"Estado de resultado integral, resultado del periodo, por funcion de gasto",821000169,2025-12-31,NUTRIUM S.A.S,"C1020 - Procesamiento y conservación de frutas, legumbres, hortalizas y tubérculos",08. SOCIEDAD POR ACCIONES SIMPLIFICADA SAS,CALLE 52 NO. 47-42 PISO 32,ANTIOQUIA,MEDELLIN-ANTIOQUIA,Periodo Actual,155116607.0,127100825.0,28015782.0,9597620.0,19285700.0,26762744.0,303007.0,0.0,-8738049,,,2928202.0,14350635.0,,10543406.0,,,,,-9617076,-7854730.0,-1762346,,-1762346,2025,0.18061110632725483,-0.05633213083367663,-0.011361426955400076,-9258852,0.8096582600089083,C1020,"Procesamiento y conservación de frutas, legumbres, hortalizas y tubérculos"
Plenas-Separados,"Estado de resultado integral, resultado del periodo, por funcion de gasto",830000324,2025-12-31,TELESET SAS,"J5911 - Actividades de producción de películas cinematográficas, videos, programas, anuncios y comerciales de televisión",08. SOCIEDAD POR ACCIONES SIMPLIFICADA SAS,CRA 11 94  34 P6,BOGOTA D.C.,BOGOTA D.C.,Periodo Actual,87405488.0,75090520.0,12314968.0,0.0,0.0,6922901.0,24327932.0,0.0,-18935865,,,5076613.0,,,3666713.0,,,,,-10192539,2365774.0,-12558313,,-12558313,2025,0.1408946770024326,-0.21664389082754162,-0.14367876991888656,1646511,-8.627226905863369,J5911,"Actividades de producción de películas cinematográficas, videos, programas, anuncios y comerciales de televisión"
Plenas-Separados,"Estado de resultado integral, resultado del periodo, por funcion de gasto",830000640,2025-12-31,DDB WORLDWIDE COLOMBIA SAS,M7310 - Publicidad,08. SOCIEDAD POR ACCIONES SIMPLIFICADA SAS,Dg 97 17 60 Piso 10,BOGOTA D.C.,BOGOTA D.C.,Periodo Actual,72980745.0,20617428.0,52363317.0,3662703.0,28852384.0,21189036.0,405707.0,0.0,5578893,,,1055153.0,1394656.0,,2191632.0,,,,,7431022,2108899.0,5322123,,5322123,2025,0.7174949639113715,0.07644335502467123,0.07292502974585968,11094666,-0.5202989436545453,M7310,Publicidad
Plenas-Separados,"Estado de resultado integral, resultado del periodo, por funcion de gasto",830001637,2025-12-31,SONDA DE COLOMBIA S.A.,J6202 - Actividades de consultoría informática y actividades de administración de instalaciones informáticas,01. SOCIEDAD ANÓNIMA,Ak 45 No. 118 - 68,BOGOTA D.C.,BOGOTA D.C.,Periodo Actual,288566365.0,240328752.0,48237613.0,259311.0,26666801.0,9295129.0,2447685.0,-436951.0,9650358,,,6310630.0,4842105.0,,1477001.0,,,,,12595884,6069956.0,6525928,,6525928,2025,0.16716297826324977,0.0334424214686282,0.022614998806253804,7421069,-0.1206215708275991,J6202,Actividades de consultoría informática y actividades de administración de instalaciones informáticas
Plenas-Separados,"Estado de resultado integral, resultado del periodo, por funcion de gasto",830002181,2025-12-31,GRUPO MOK COLOMBIA SAS,M7020 - Actividades de consultoría de gestión,08. SOCIEDAD POR ACCIONES SIMPLIFICADA SAS,CL 94 A 13 42,BOGOTA D.C.,BOGOTA D.C.,Periodo Actual,141182422.0,69533494.0,71648928.0,3697954.0,42213482.0,17872809.0,249204.0,0.0,15011387,,,,2718509.0,,,,,,,12292878,7920217.0,4372661,,4372661,2025,0.5074918462583111,0.10632617564812707,0.030971709778431198,229766,18.030931469408007,M7020,Actividades de consultoría de gestión
Plenas-Separados,"Estado de resultado integral, resultado del periodo, por funcion de gasto",830002571,2025-12-31,AGENCIA DE ADUANAS AVIATUR SAS NIVEL 1,H5229 - Otras actividades complementarias al transporte,08. SOCIEDAD POR ACCIONES SIMPLIFICADA SAS,CL 24B 102 22,BOGOTA D.C.,BOGOTA D.C.,Periodo Actual,26069079.0,568850.0,25500229.0,322858.0,15492795.0,6639770.0,614766.0,0.0,3075756,0.0,0.0,188071.0,453425.0,0.0,,0.0,0.0,0.0,0.0,2810402,1217974.0,1592428,0.0,1592428,2025,0.9781791293815942,0.11798483559775932,0.06108493514481275,435402,2.65737410485023,H5229,Otras actividades complementarias al transporte
Plenas-Separados,"Estado de resultado integral, resultado del periodo, por funcion de gasto",830003460,2025-12-31,AGROINDUSTRIAS VILLA CLAUDIA S.A.,A0126 - Cultivo de palma para aceite (palma africana) y otros frutos oleaginosos,01. SOCIEDAD ANÓNIMA,CRA 29 45 45 PISO 11 OFIC 1106,BOGOTA D.C.,BOGOTA D.C.,Periodo Actual,19537713.0,14132726.0,5404987.0,0.0,0.0,1896057.0,30876.0,227115.0,3705169,,,343009.0,1945385.0,,1648786.0,,,,,3751579,1156432.0,2595147,,2595147,2025,0.27664379142021384,0.189641899233549,0.13282757301225584,4568907,-0.4319982875554263,A0126,Cultivo de palma para aceite (palma africana) y otros frutos oleaginosos
Plenas-Separados,"Estado de resultado integral, resultado del periodo, por funcion de gasto",830004993,2025-12-31,CASA TORO SA BIC,G4511 - Comercio de vehículos automotores nuevos,05. SOCIEDAD EN COMANDITA POR ACCIONES,Carrera 72 No. 170-97,BOGOTA D.C.,BOGOTA D.C.,Periodo Actual,1564759548.0,1319973779.0,244785769.0,8748070.0,1085647.0,21469787.0,180472019.0,0.0,50506386,,,7180786.0,27589232.0,,,,,18568260.0,,48666200,11757572.0,36908628,,36908628,2025,0.1564366674182454,0.032277410330906635,0.023587411910778767,10263462,2.5961187365432834,G4511,Comercio de vehículos automotores nuevos
Plenas-Separados,"Estado de resultado integral, resultado del periodo, por funcion de gasto",830006185,2025-12-31,CREDIESTADO SAS,"K6499 - Otras actividades de servicio financiero, excepto las de seguros y pensiones n.c.p.",08. SOCIEDAD POR ACCIONES SIMPLIFICADA SAS,Calle 90 19a - 46 Oficina 501,BOGOTA D.C.,BOGOTA D.C.,Periodo Actual,7477702.0,0.0,7477702.0,37256.0,0.0,5633126.0,208134.0,0.0,1673698,,,,2184385.0,,812104.0,,,,,301417,0.0,301417,,301417,2025,1.0,0.22382518051668815,0.040308774005703894,1018332,-0.7040091050855714,K6499,"Otras actividades de servicio financiero, excepto las de seguros y pensiones n.c.p."
Plenas-Separados,"Estado de resultado integral, resultado del periodo, por funcion de gasto",830006505,2025-12-31,BRANDCONNECTION SAS,M7310 - Publicidad,08. SOCIEDAD POR ACCIONES SIMPLIFICADA SAS,Cll 100 No 7A-81 Piso 5,BOGOTA D.C.,BOGOTA D.C.,Periodo Actual,23018634.0,10637487.0,12381147.0,510930.0,7072346.0,289211.0,0.0,0.0,5530520,,,,470813.0,,15306204.0,,,,,20365911,1850239.0,18515672,,18515672,2025,0.5378749668638027,0.2402627367027948,0.8043775316988836,28196704,-0.34333913637565583,M7310,Publicidad
Plenas-Separados,"Estado de resultado integral, resultado del periodo, por funcion de gasto",830006973,2025-12-31,NEGOCIOS DIGITALES COLOMBIA S.A.S.,J6399 - Otras actividades de servicios de información n.c.p.,08. SOCIEDAD POR ACCIONES SIMPLIFICADA SAS,Carrera 48 26 85 T.SUR PISO 10 SECTOR E,ANTIOQUIA,MEDELLIN-ANTIOQUIA,Periodo Actual,2221434.0,19128.0,2202306.0,11187.0,0.0,2479191.0,166623.0,0.0,-432321,,,355281.0,,,,3230989.0,,,,3153949,,3153949,,3153949,2025,0.9913893458009556,-0.1946134794011436,1.4197806461952054,-8284501,1.3807047642338386,J6399,Otras actividades de servicios de información n.c.p.
Plenas-Separados,"Estado de resultado integral, resultado del periodo, por funcion de gasto",830007073,2025-12-31,OBCIPOL SAS,F4290 - Construcción de otras obras de ingeniería civil,08. SOCIEDAD POR ACCIONES SIMPLIFICADA SAS,CL 37 64 140,SANTANDER,BARRANCABERMEJA-SANTANDER,Periodo Actual,48993831.0,33935041.0,15058790.0,303590.0,0.0,9245728.0,130277.0,240000.0,6226375,,,522789.0,154609.0,,-794881.0,,,,,5799674,2401000.0,3398674,,3398674,2025,0.3073609410131655,0.12708487727771278,0.06936942734688373,4055288,-0.16191550390502474,F4290,Construcción de otras obras de ingeniería civil
Plenas-Separados,"Estado de resultado integral, resultado del periodo, por funcion de gasto",830007691,2025-12-31,SOLETANCHE BACHY COLOMBIA SAS,F4390 - Otras actividades especializadas para la construcción de edificios y obras de ingeniería civil,08. SOCIEDAD POR ACCIONES SIMPLIFICADA SAS,Calle 125 #19-24,BOGOTA D.C.,BOGOTA D.C.,Periodo Actual,278903181.0,239842872.0,39060309.0,17697510.0,0.0,28961768.0,670494.0,0.0,27125557,,,5549908.0,,,,,,,,32675465,17566568.0,15108897,,15108897,2025,0.14004970778730558,0.09725796924489004,0.05417255172862299,-25683902,1.5882633020481078,F4390,Otras actividades especializadas para la construcción de edificios y obras de ingeniería civil
Plenas-Separados,"Estado de resultado integral, resultado del periodo, por funcion de gasto",830008146,2025-12-31,ANIXTER COLOMBIA SAS,"G4652 - Comercio al por mayor de equipo, partes y piezas electrónicos y de telecomunicaciones",08. SOCIEDAD POR ACCIONES SIMPLIFICADA SAS,AUT MEDELLIN KM 1.8  COSTADO SUR,CUNDINAMARCA,COTA-CUNDINAMARCA,Periodo Actual,157722050.0,123485525.0,34236525.0,5084906.0,12051688.0,30677391.0,98393.0,0.0,-3506041,,,11348980.0,9640668.0,,,,,,,-1797729,7948.0,-1805677,,-1805677,2025,0.21706872945158903,-0.022229238080534713,-0.011448475340004774,6934160,-1.260403134626256,G4652,"Comercio al por mayor de equipo, partes y piezas electrónicos y de telecomunicaciones"
Plenas-Separados,"Estado de resultado integral, resultado del periodo, por funcion de gasto",830010181,2025-12-31,WHIRLPOOL COLOMBIA S.A.S,G4644 - Comercio al por mayor de aparatos y equipo de uso doméstico,08. SOCIEDAD POR ACCIONES SIMPLIFICADA SAS,CARRERA 7 N° 116-50 OF 5-127 WEWORK,BOGOTA D.C.,BOGOTA D.C.,Periodo Actual,409492844.0,306184220.0,103308624.0,16211723.0,75475230.0,16740473.0,417150.0,0.0,26887494,,,3830070.0,3474379.0,,863474.0,,,,-4312665.0,23793994,8988442.0,14805552,,14805552,2025,0.2522843207487162,0.06566047342209477,0.036155825961149156,-6893008,3.147908721417413,G4644,Comercio al por mayor de aparatos y equipo de uso doméstico
Plenas-Separados,"Estado de resultado integral, resultado del periodo, por funcion de gasto",830011100,2025-12-31,AGENCIA DE CARGA AVIATUR S.A.,H5229 - Otras actividades complementarias al transporte,01. SOCIEDAD ANÓNIMA,CL 24B 102 22,BOGOTA D.C.,BOGOTA D.C.,Periodo Actual,6769496.0,665517.0,6103979.0,859111.0,3408173.0,2272115.0,93825.0,0.0,1188977,,,148027.0,366954.0,,,,,,,970050,156436.0,813614,-5051.0,808563,2025,0.9016888406463347,0.17563744775091086,0.119442126858484,366716,1.204875162250897,H5229,Otras actividades complementarias al transporte
Plenas-Separados,"Estado de resultado integral, resultado del periodo, por funcion de gasto",830011625,2025-12-31,CONSTRUCTORA MP SA,F4210 - Construcción de carreteras y vías de ferrocarril,01. SOCIEDAD ANÓNIMA,AV CL 127 No. 13A-54 OF 501,BOGOTA D.C.,BOGOTA D.C.,Periodo Actual,1529246.0,809172.0,720074.0,118003.0,0.0,519916.0,127203.0,-55813.0,135145,,,10074.0,8844.0,,,,,,,136375,26356.0,110019,,110019,2025,0.47086865030217506,0.0883736168020057,0.07194329754663409,166388,-0.33878044089718007,F4210,Construcción de carreteras y vías de ferrocarril
Plenas-Separados,"Estado de resultado integral, resultado del periodo, por funcion de gasto",830012157,2025-12-31,THOMAS GREG & SONS LIMITED (GUERNSEY) SA,M7020 - Actividades de consultoría de gestión,01. SOCIEDAD ANÓNIMA,KR 42 BIS 17 A 75,BOGOTA D.C.,BOGOTA D.C.,Periodo Actual,471654367.0,372273999.0,99380368.0,0.0,325190.0,38265585.0,0.0,-20937841.0,39851752,,,17431296.0,,,,,,,,57283048,29634696.0,27648352,,27648352,2025,0.21070592144013797,0.08449355033746565,0.05861994276838743,34022243,-0.1873448202694925,M7020,Actividades de consultoría de gestión
Plenas-Separados,"Estado de resultado integral, resultado del periodo, por funcion de gasto",830020791,2025-12-31,INVERSIONES COMERCIALES SAN CARLOS SAS,"K6499 - Otras actividades de servicio financiero, excepto las de seguros y pensiones n.c.p.",08. SOCIEDAD POR ACCIONES SIMPLIFICADA SAS,AUTOPISTA NORTE 103 60 ED AMAD,BOGOTA D.C.,BOGOTA D.C.,Periodo Actual,0.0,0.0,0.0,131329.0,0.0,77047.0,9659.0,0.0,44623,,,204696.0,,,780114.0,,,,,1029433,46511.0,982922,,982922,2025,,,,731607,0.3435109286816556,K6499,"Otras actividades de servicio financiero, excepto las de seguros y pensiones n.c.p."
Plenas-Separados,"Estado de resultado integral, resultado del periodo, por funcion de gasto",830021747,2025-12-31,INMOBILIARIA FINANCIERA S.A.S,L6810 - Actividades inmobiliarias realizadas con bienes propios o arrendados,08. SOCIEDAD POR ACCIONES SIMPLIFICADA SAS,CRA 68B No 15-55,BOGOTA D.C.,BOGOTA D.C.,Periodo Actual,0.0,0.0,0.0,4713554.0,0.0,336339.0,35782.0,0.0,4341433,,,370598.0,,,,,,,,4712031,912.0,4711119,,4711119,2025,,,,3117482,0.5111936492335801,L6810,Actividades inmobiliarias realizadas con bienes propios o arrendados
Plenas-Separados,"Estado de resultado integral, resultado del periodo, por funcion de gasto",830024043,2025-12-31,EMERALD ENERGY PLC SUCURSAL COLOMBIA,B0610 - Extracción de petróleo crudo,02. SUCURSAL EXTRANJERA,CRA 9 A 99 02 OFICINA 603,BOGOTA D.C.,BOGOTA D.C.,Periodo Actual,76990774.0,49618212.0,27372562.0,2617550.0,0.0,29352165.0,0.0,-135590308.0,-134952361,,,309791.0,17981668.0,,,,,,,-152624238,-117618681.0,-35005557,,-35005557,2025,0.35553041718998696,-1.7528380868076479,-0.4546721013611319,-87963066,0.6020425549968893,B0610,Extracción de petróleo crudo
Plenas-Separados,"Estado de resultado integral, resultado del periodo, por funcion de gasto",830026818,2025-12-31,ANCLA Y VIENTO SAS,G4631 - Comercio al por mayor de productos alimenticios,08. SOCIEDAD POR ACCIONES SIMPLIFICADA SAS,KR 116 N 22 H 31,BOGOTA D.C.,BOGOTA D.C.,Periodo Actual,143760724.0,117501808.0,26258916.0,1017407.0,12944345.0,8861099.0,4372017.0,0.0,1098862,,,2034436.0,1275828.0,,,,,,,1857470,830207.0,1027263,,1027263,2025,0.18265709346316314,0.0076436871589489214,0.00714564431381133,2710275,-0.620974624346238,G4631,Comercio al por mayor de productos alimenticios
Plenas-Separados,"Estado de resultado integral, resultado del periodo, por funcion de gasto",830027231,2025-12-31,AZELIS COLOMBIA S.A.S,"G4664 - Comercio al por mayor de productos químicos básicos, cauchos y plásticos en formas primarias y productos químicos de uso agropecuario",05. SOCIEDAD EN COMANDITA POR ACCIONES,AZELIS COLOMBIA S.A.S,CUNDINAMARCA,TENJO-CUNDINAMARCA,Periodo Actual,500856450.0,403642877.0,97213573.0,1984710.0,15464979.0,53514843.0,0.0,0.0,30218461,,5228334.0,,,,192410.0,,,,,35639205,15083865.0,20555340,,20555340,2025,0.19409468122053733,0.060333576616613406,0.04104038192979246,13532530,0.5189576524123722,G4664,"Comercio al por mayor de productos químicos básicos, cauchos y plásticos en formas primarias y productos químicos de uso agropecuario"
Plenas-Separados,"Estado de resultado integral, resultado del periodo, por funcion de gasto",830027386,2025-12-31,OMYA ANDINA S.A.S.,"G4664 - Comercio al por mayor de productos químicos básicos, cauchos y plásticos en formas primarias y productos químicos de uso agropecuario",08. SOCIEDAD POR ACCIONES SIMPLIFICADA SAS,AUT MEDELLIN BOGOTA KM 30,ANTIOQUIA,GUARNE-ANTIOQUIA,Periodo Actual,329436697.0,294682262.0,34754435.0,4100296.0,0.0,29576013.0,0.0,0.0,9278718,,,11828095.0,14250199.0,,,9128848.0,,,,15985462,5483893.0,10501569,,10501569,2025,0.10549655007013381,0.028165405021651248,0.03187735032445399,12553774,-0.163473151579756,G4664,"Comercio al por mayor de productos químicos básicos, cauchos y plásticos en formas primarias y productos químicos de uso agropecuario"
Plenas-Separados,"Estado de resultado integral, resultado del periodo, por funcion de gasto",830027574,2025-12-31,"TIVIT COLOMBIA TERCERIZACION DE PROCESOS, SERVICIOS Y TECNOLOGIA S.A.S.",J6202 - Actividades de consultoría informática y actividades de administración de instalaciones informáticas,08. SOCIEDAD POR ACCIONES SIMPLIFICADA SAS,CR 14 85 68 oficina 606,BOGOTA D.C.,BOGOTA D.C.,Periodo Actual,135453023.0,116944609.0,18508414.0,0.0,4599992.0,6091403.0,0.0,3265722.0,11082741,,,,3211036.0,,12930171.0,,,,,20801876,3757246.0,17044630,,17044630,2025,0.13664083377452566,0.08181981291034014,0.12583425325250955,7203301,1.3662248738460325,J6202,Actividades de consultoría informática y actividades de administración de instalaciones informáticas
Plenas-Separados,"Estado de resultado integral, resultado del periodo, por funcion de gasto",830031632,2025-12-31,INFOMEDIA SERVICE S.A.,J6190 - Otras actividades de telecomunicaciones,01. SOCIEDAD ANÓNIMA,"KM 1.5 VIA SIBERIA - COTA, PARQUE INDUSTRIAL POTRERO CHICO, PARQUE EMPRESARIAL SAN MIGUEL BOD 2A",CUNDINAMARCA,COTA-CUNDINAMARCA,Periodo Actual,35613776.0,36886456.0,-1272680.0,0.0,6150711.0,2035898.0,0.0,0.0,-9459289,,,1279116.0,6859584.0,,,,,,,-15039757,208827.0,-15248584,,-15248584,2025,-0.0357356097258544,-0.2656075839866011,-0.4281653256874531,-440507,-33.61598567105631,J6190,Otras actividades de telecomunicaciones
Plenas-Separados,"Estado de resultado integral, resultado del periodo, por funcion de gasto",830036191,2025-12-31,INVERSIONES DAVANIC SAS EN REORGANIZACION,L6810 - Actividades inmobiliarias realizadas con bienes propios o arrendados,08. SOCIEDAD POR ACCIONES SIMPLIFICADA SAS,CALLE 79B 8 10 P 3,BOGOTA D.C.,BOGOTA D.C.,Periodo Actual,3975437.0,268714.0,3706723.0,870114.0,0.0,3269106.0,1358072.0,0.0,-50341,,,,,,,,,,,-50341,,-50341,,-50341,2025,0.9324064247528008,-0.012663010380997108,-0.012663010380997108,-758856,0.9336619859367258,L6810,Actividades inmobiliarias realizadas con bienes propios o arrendados
Plenas-Separados,"Estado de resultado integral, resultado del periodo, por funcion de gasto",830037774,2025-12-31,DRUMMOND COAL MINING LLC,B0510 - Extracción de hulla (carbón de piedra),02. SUCURSAL EXTRANJERA,CALLE 72 10-07 OFICINA 1302,BOGOTA D.C.,BOGOTA D.C.,Periodo Actual,707931545.0,534344129.0,173587416.0,3319.0,0.0,357317.0,5991.0,17078392.0,190305819,,,,87974.0,,2387420.0,,,,,192605265,40802979.0,151802286,,151802286,2025,0.24520367431853882,0.2688195212433993,0.21443074132259496,219907209,-0.3096984555881476,B0510,Extracción de hulla (carbón de piedra)
Plenas-Separados,"Estado de resultado integral, resultado del periodo, por funcion de gasto",830038177,2025-12-31,INVERMEYER S.A.S.,K6613 - Otras actividades relacionadas con el mercado de valores,08. SOCIEDAD POR ACCIONES SIMPLIFICADA SAS,CL 93  14-71 OF  402,BOGOTA D.C.,BOGOTA D.C.,Periodo Actual,0.0,0.0,0.0,11191.0,0.0,24376.0,310.0,0.0,-13495,,,,,,,,,,,-13495,3917.0,-17412,,-17412,2025,,,,-48167,0.6385076919882907,K6613,Otras actividades relacionadas con el mercado de valores
Plenas-Separados,"Estado de resultado integral, resultado del periodo, por funcion de gasto",830038178,2025-12-31,INVERSIONES BELMARGO 37 Y CIA SAS,M7010 - Actividades de administración empresarial,08. SOCIEDAD POR ACCIONES SIMPLIFICADA SAS,CALLE 99 No. 14 76 PISO 3,BOGOTA D.C.,BOGOTA D.C.,Periodo Actual,0.0,0.0,0.0,5319107.0,0.0,812027.0,27429.0,0.0,4479651,0.0,0.0,120616.0,312543.0,0.0,0.0,0.0,0.0,0.0,0.0,4287724,1464.0,4286260,0.0,4286260,2025,,,,6077947,-0.2947849002302916,M7010,Actividades de administración empresarial
Plenas-Separados,"Estado de resultado integral, resultado del periodo, por funcion de gasto",830038885,2025-12-31,Valorem S.A.S.,K6613 - Otras actividades relacionadas con el mercado de valores,08. SOCIEDAD POR ACCIONES SIMPLIFICADA SAS,Calle 75 # 5 - 59,BOGOTA D.C.,BOGOTA D.C.,Periodo Actual,75691958.0,48656188.0,27035770.0,3410466.0,0.0,66173923.0,18778220.0,0.0,-54505907,,,16784988.0,51944418.0,,,204329273.0,,,,114663936,6655320.0,108008616,,108008616,2025,0.3571815383610502,-0.7201016916486689,1.4269496899525311,229185911,-0.5287292507260622,K6613,Otras actividades relacionadas con el mercado de valores
Plenas-Separados,"Estado de resultado integral, resultado del periodo, por funcion de gasto",830040767,2025-12-31,SKY ELECTRONICS ZONA FRANCA SAS,H5210 - Almacenamiento y depósito,08. SOCIEDAD POR ACCIONES SIMPLIFICADA SAS,CRA 106 15 25,BOGOTA D.C.,BOGOTA D.C.,Periodo Actual,0.0,0.0,0.0,8549.0,0.0,131297.0,11955.0,0.0,-134703,,,875.0,392.0,,,,,,462612.0,328392,,328392,,328392,2025,,,,-68504,5.79376386780334,H5210,Almacenamiento y depósito
Plenas-Separados,"Estado de resultado integral, resultado del periodo, por funcion de gasto",830041598,2025-12-31,SAINT GOBAIN COLOMBIA SAS,C3290 - Otras industrias manufactureras n.c.p.,08. SOCIEDAD POR ACCIONES SIMPLIFICADA SAS,KM 20 CARRETERA OCCIDENTE,CUNDINAMARCA,MOSQUERA-CUNDINAMARCA,Periodo Actual,88002625.0,58791755.0,29210870.0,3907948.0,19029575.0,7969546.0,0.0,0.0,6119697,,,2037845.0,,,18796657.0,-2654089.0,,,,24300110,4715383.0,19584727,0.0,19584727,2025,0.3319318031706441,0.06953993701892415,0.2225470774309289,47935602,-0.5914367154500323,C3290,Otras industrias manufactureras n.c.p.
Plenas-Separados,"Estado de resultado integral, resultado del periodo, por funcion de gasto",830041784,2025-12-31,INTERPUBLIC COLOMBIA S.A.S,M7310 - Publicidad,08. SOCIEDAD POR ACCIONES SIMPLIFICADA SAS,CL 100 7 A 81 P 5,BOGOTA D.C.,BOGOTA D.C.,Periodo Actual,42897694.0,14467281.0,28430413.0,24542725.0,19930695.0,9667204.0,0.0,0.0,23375239,,,166077.0,3640080.0,,,,,,,19901236,3631391.0,16269845,,16269845,2025,0.6627492144449536,0.5449066562878648,0.3792708531139226,27762960,-0.41397296974097864,M7310,Publicidad
Plenas-Separados,"Estado de resultado integral, resultado del periodo, por funcion de gasto",830042244,2025-12-31,DIGITAL WARE SAS,J6202 - Actividades de consultoría informática y actividades de administración de instalaciones informáticas,08. SOCIEDAD POR ACCIONES SIMPLIFICADA SAS,CL 72 12 65 PI 4,BOGOTA D.C.,BOGOTA D.C.,Periodo Actual,86377924.0,49031265.0,37346659.0,13394292.0,10041200.0,11307534.0,0.0,-3794431.0,25597786,,,,7953604.0,,,,,,,17644182,2673675.0,14970507,,14970507,2025,0.4323634705552775,0.2963463905430281,0.17331404028649727,-5948347,3.516750788076082,J6202,Actividades de consultoría informática y actividades de administración de instalaciones informáticas
Plenas-Separados,"Estado de resultado integral, resultado del periodo, por funcion de gasto",830042976,2025-12-31,MECM PROFESIONALES CONTRATISTAS SAS EN REORGANIZACION,F4290 - Construcción de otras obras de ingeniería civil,08. SOCIEDAD POR ACCIONES SIMPLIFICADA SAS,CL 78 80A 47,BOGOTA D.C.,BOGOTA D.C.,Periodo Actual,11354558.0,7636910.0,3717648.0,1360348.0,0.0,2805192.0,1083135.0,0.0,1189669,,,,30490.0,,,,,,,1159179,-2213145.0,3372324,,3372324,2025,0.32741459420965574,0.10477457598965983,0.2970017855384595,374585,8.002827128689082,F4290,Construcción de otras obras de ingeniería civil
Plenas-Separados,"Estado de resultado integral, resultado del periodo, por funcion de gasto",830043084,2025-12-31,CI CARBOCOQUE S.A.,C1910 - Fabricación de productos de hornos de coque,01. SOCIEDAD ANÓNIMA,Kr 7 74b 36 piso 2,BOGOTA D.C.,BOGOTA D.C.,Periodo Actual,216181703.0,249278707.0,-33097004.0,3254761.0,9027855.0,7743450.0,29020264.0,0.0,-75633812,,,110102.0,11214961.0,,-6536538.0,,,,,-93275209,337562.0,-93612771,,-93612771,2025,-0.15309808157076088,-0.3498622267768887,-0.4330281874040006,-12341862,-6.584979559810343,C1910,Fabricación de productos de hornos de coque
Plenas-Separados,"Estado de resultado integral, resultado del periodo, por funcion de gasto",830045253,2025-12-31,MOLPARTES SAS,"G4530 - Comercio de partes, piezas (autopartes) y accesorios (lujos) para vehículos automotores",08. SOCIEDAD POR ACCIONES SIMPLIFICADA SAS,CL 90 19 A 46 OF 601,BOGOTA D.C.,BOGOTA D.C.,Periodo Actual,78574443.0,51435657.0,27138786.0,0.0,10591448.0,8308755.0,0.0,-15386.0,8223197,0.0,0.0,1165558.0,4707104.0,,-244838.0,0.0,,,,4436813,355203.0,4081610,,4081610,2025,0.3453894798846999,0.1046548557779786,0.05194577071325851,2317810,0.7609769566961917,G4530,"Comercio de partes, piezas (autopartes) y accesorios (lujos) para vehículos automotores"
Plenas-Separados,"Estado de resultado integral, resultado del periodo, por funcion de gasto",830045768,2025-12-31,VPC COLOMBIA SAS,G4631 - Comercio al por mayor de productos alimenticios,08. SOCIEDAD POR ACCIONES SIMPLIFICADA SAS,Av Cra 80 No 2 51,BOGOTA D.C.,BOGOTA D.C.,Periodo Actual,259322900.0,218040289.0,41282611.0,0.0,24233967.0,8921881.0,1668190.0,0.0,6458573,0.0,0.0,0.0,858170.0,0.0,,0.0,0.0,0.0,0.0,5600403,2713908.0,2886495,,2886495,2025,0.15919385060093036,0.02490552511945532,0.011130891255650774,-1685873,2.712166337559235,G4631,Comercio al por mayor de productos alimenticios
Plenas-Separados,"Estado de resultado integral, resultado del periodo, por funcion de gasto",830048145,2025-12-31,SIIGO SAS,J6202 - Actividades de consultoría informática y actividades de administración de instalaciones informáticas,08. SOCIEDAD POR ACCIONES SIMPLIFICADA SAS,CARRERA 18 N 79 A 42,BOGOTA D.C.,BOGOTA D.C.,Periodo Actual,441389934.0,72231723.0,369158211.0,0.0,137600584.0,180117659.0,0.0,0.0,51439968,,,10728283.0,55378449.0,,47037836.0,,,,,53827638,6071695.0,47755943,,47755943,2025,0.8363539414109068,0.11654087245224763,0.10819445420338925,37122346,0.2864473328275104,J6202,Actividades de consultoría informática y actividades de administración de instalaciones informáticas
Plenas-Separados,"Estado de resultado integral, resultado del periodo, por funcion de gasto",830049252,2025-12-31,HOLDING CONCORDE S.A.S.,K6613 - Otras actividades relacionadas con el mercado de valores,08. SOCIEDAD POR ACCIONES SIMPLIFICADA SAS,KM 20 VIA OCCIDENTE,CUNDINAMARCA,MOSQUERA-CUNDINAMARCA,Periodo Actual,0.0,0.0,0.0,0.0,0.0,133244.0,0.0,0.0,-133244,,,253509.0,546684.0,,30370378.0,,,,37.0,29943996,1655769.0,28288227,,28288227,2025,,,,63621727,-0.555368451409689,K6613,Otras actividades relacionadas con el mercado de valores
Plenas-Separados,"Estado de resultado integral, resultado del periodo, por funcion de gasto",830050619,2025-12-31,INDIGO PARK COLOMBIA SAS,"H5221 - Actividades de estaciones, vías y servicios complementarios para el transporte terrestre",08. SOCIEDAD POR ACCIONES SIMPLIFICADA SAS,Calle 97 A 9 A 50 Piso 7,BOGOTA D.C.,BOGOTA D.C.,Periodo Actual,91420592.0,74274517.0,17146075.0,6812487.0,0.0,8068559.0,10377550.0,0.0,5512453,0.0,0.0,0.0,7098113.0,0.0,,0.0,0.0,0.0,0.0,-1585660,791026.0,-2376686,0.0,-2376686,2025,0.18755156387523722,0.060297717170766076,-0.025997272036917023,-1824095,-0.3029398139899512,H5221,"Actividades de estaciones, vías y servicios complementarios para el transporte terrestre"
Plenas-Separados,"Estado de resultado integral, resultado del periodo, por funcion de gasto",830050633,2025-12-31,VERYTEL SA EN REORGANIZACION,J6190 - Otras actividades de telecomunicaciones,01. SOCIEDAD ANÓNIMA,CR 97 24 C 23  BG 4,BOGOTA D.C.,BOGOTA D.C.,Periodo Actual,7181065.0,2952178.0,4228887.0,47419.0,1527263.0,1759321.0,658148.0,0.0,331574,0.0,0.0,174408.0,42079.0,0.0,0.0,0.0,0.0,0.0,0.0,463903,405711.0,58192,0.0,58192,2025,0.5888941264283223,0.04617337400510927,0.00810353338954598,875737,-0.9335508263325634,J6190,Otras actividades de telecomunicaciones
Plenas-Separados,"Estado de resultado integral, resultado del periodo, por funcion de gasto",830053755,2025-12-31,MEDINISTROS SAS,"G4773 - Comercio al por menor de productos farmacéuticos y medicinales, cosméticos y artículos de tocador en establecimientos especializados",08. SOCIEDAD POR ACCIONES SIMPLIFICADA SAS,CL 72 22 42 OF 301,BOGOTA D.C.,BOGOTA D.C.,Periodo Actual,104126409.0,49756655.0,54369754.0,6646714.0,24858541.0,25319483.0,0.0,0.0,10838444,,,,236529.0,,-12166.0,,,,,10589749,4606098.0,5983651,,5983651,2025,0.5221514361452723,0.10408929016269063,0.05746525840529082,8106704,-0.261888555447442,G4773,"Comercio al por menor de productos farmacéuticos y medicinales, cosméticos y artículos de tocador en establecimientos especializados"
Plenas-Separados,"Estado de resultado integral, resultado del periodo, por funcion de gasto",830055898,2025-12-31,COLLIERS INTERNATIONAL COLOMBIA SAS,L6820 - Actividades inmobiliarias realizadas a cambio de una retribución o por contrata,08. SOCIEDAD POR ACCIONES SIMPLIFICADA SAS,CR 7 99 53 TORRE 2 PISO 16,BOGOTA D.C.,BOGOTA D.C.,Periodo Actual,47381355.0,5165720.0,42215635.0,1362482.0,11923870.0,28676441.0,422133.0,0.0,2555673,,,10343.0,314382.0,,,,,,,2251634,988816.0,1262818,,1262818,2025,0.8909756802016321,0.05393836879506717,0.02665221372415373,-543004,3.325614544275917,L6820,Actividades inmobiliarias realizadas a cambio de una retribución o por contrata
Plenas-Separados,"Estado de resultado integral, resultado del periodo, por funcion de gasto",830057904,2025-12-31,SPINSTAR HOLDINGS LTD,"K6499 - Otras actividades de servicio financiero, excepto las de seguros y pensiones n.c.p.",02. SUCURSAL EXTRANJERA,CL 94 19 71,BOGOTA D.C.,BOGOTA D.C.,Periodo Actual,6601775.0,0.0,6601775.0,10340673.0,0.0,1290327.0,3052527.0,0.0,12599594,0.0,0.0,0.0,0.0,0.0,0.0,0.0,0.0,0.0,0.0,12599594,1418265.0,11181329,0.0,11181329,2025,1.0,1.9085161187710882,1.693685258888708,10404533,0.0746593816368308,K6499,"Otras actividades de servicio financiero, excepto las de seguros y pensiones n.c.p."
Plenas-Separados,"Estado de resultado integral, resultado del periodo, por funcion de gasto",830058056,2025-12-31,OMD COLOMBIA S A S,M7310 - Publicidad,08. SOCIEDAD POR ACCIONES SIMPLIFICADA SAS,Calle 98 No. 9 - 03 Piso 4,BOGOTA D.C.,BOGOTA D.C.,Periodo Actual,92514135.0,33802765.0,58711370.0,671030.0,0.0,49864644.0,991596.0,0.0,8526160,,-1392282.0,1925220.0,7681508.0,8608.0,5156191.0,,,,,6525173,1209085.0,5316088,,5316088,2025,0.6346205366347532,0.09216061956370235,0.05746244073946106,4229801,0.2568175193111922,M7310,Publicidad
Plenas-Separados,"Estado de resultado integral, resultado del periodo, por funcion de gasto",830060020,2025-12-31,GLOBAL TECHNOLOGY SERVICES GTS S.A.,"G4651 - Comercio al por mayor de computadores, equipo periférico y programas de informática",01. SOCIEDAD ANÓNIMA,CL 33 BIS 13 A 54,BOGOTA D.C.,BOGOTA D.C.,Periodo Actual,72743863.0,57984420.0,14759443.0,0.0,4411239.0,3289117.0,0.0,-640657.0,6418430,,,686090.0,1504.0,,,,,,,7103016,3188651.0,3914365,,3914365,2025,0.20289605736225474,0.08823328505388833,0.053810243758982114,4371953,-0.1046644371520005,G4651,"Comercio al por mayor de computadores, equipo periférico y programas de informática"
Plenas-Separados,"Estado de resultado integral, resultado del periodo, por funcion de gasto",830060858,2025-12-31,AMBIENTTI CONSTRUCTORA INMOBILIARIA SAS,F4111 - Construcción de edificios residenciales,08. SOCIEDAD POR ACCIONES SIMPLIFICADA SAS,KR 16A 78 11 PISO 6,BOGOTA D.C.,BOGOTA D.C.,Periodo Actual,36704104.0,34988074.0,1716030.0,605827.0,192375.0,2788265.0,273695.0,0.0,-932478,,,149461.0,1175470.0,,,,,,,-1958487,2179.0,-1960666,,-1960666,2025,0.046753082434596416,-0.02540527893011637,-0.05341816816996813,590120,-4.322486951806412,F4111,Construcción de edificios residenciales
Plenas-Separados,"Estado de resultado integral, resultado del periodo, por funcion de gasto",830065609,2025-12-31,CHANEME COMERCIAL S.A.,"G4530 - Comercio de partes, piezas (autopartes) y accesorios (lujos) para vehículos automotores",01. SOCIEDAD ANÓNIMA,AV LAS AMERICAS 50-51,BOGOTA D.C.,BOGOTA D.C.,Periodo Actual,206054586.0,127909413.0,78145173.0,1656233.0,31833532.0,33373023.0,1495270.0,160337.0,13259918,,,377757.0,3218432.0,1981210.0,16908206.0,,,,,25346239,1571871.0,23774368,,23774368,2025,0.3792450074370099,0.06435148208737271,0.1153789802086715,12219660,0.9455834286715015,G4530,"Comercio de partes, piezas (autopartes) y accesorios (lujos) para vehículos automotores"
Plenas-Separados,"Estado de resultado integral, resultado del periodo, por funcion de gasto",830065974,2025-12-31,BRIGHTSTAR LOTTERY FOREIGN HOLDINGS CORPORATION SUCURSAL COLOMBIA,J6190 - Otras actividades de telecomunicaciones,02. SUCURSAL EXTRANJERA,Cl 67 No. 7- 35 Oficina 1204,BOGOTA D.C.,BOGOTA D.C.,Periodo Actual,1948443.0,1164199.0,784244.0,24821671.0,0.0,4670100.0,35591895.0,0.0,-14656080,,,9515.0,3306497.0,,,-1539.0,,,,-17954601,25819.0,-17980420,,-17980420,2025,0.40249778926045054,-7.521944444872136,-9.228096485244885,-12192315,-0.4747338794970438,J6190,Otras actividades de telecomunicaciones
Plenas-Separados,"Estado de resultado integral, resultado del periodo, por funcion de gasto",830067633,2025-12-31,CIBERC SA,"G4652 - Comercio al por mayor de equipo, partes y piezas electrónicos y de telecomunicaciones",01. SOCIEDAD ANÓNIMA,AK 7 156 80 TO 1 OF 1402,BOGOTA D.C.,BOGOTA D.C.,Periodo Actual,64340791.0,45581843.0,18758948.0,0.0,4103667.0,3203010.0,21725.0,0.0,11430546,,,805.0,9318009.0,,,518435.0,,,,2631777,2529732.0,102045,,102045,2025,0.2915560674409489,0.17765628650726412,0.0015860078561981,3614747,-0.9717698085094199,G4652,"Comercio al por mayor de equipo, partes y piezas electrónicos y de telecomunicaciones"
Plenas-Separados,"Estado de resultado integral, resultado del periodo, por funcion de gasto",830068119,2025-12-31,VITALIS S.A. C.I.,"G4645 - Comercio al por mayor de productos farmacéuticos, medicinales, cosméticos y de tocador",01. SOCIEDAD ANÓNIMA,VDA LA DIANA LA VICTORIA BIS LOTE 2 VIA BRICEÑO SOPO  CUNDINAMARCA SOPO-CUNDINAMARCA,BOGOTA D.C.,BOGOTA D.C.,Periodo Actual,268040564.0,185950885.0,82089679.0,0.0,29296559.0,32665913.0,986042.0,1547044.0,20688209,,,177665.0,26414201.0,,-37028300.0,,,,,-42576627,7244779.0,-49821406,,-49821406,2025,0.30625841766248485,0.07718312740156748,-0.18587263530754247,-16996561,-1.9312639186244793,G4645,"Comercio al por mayor de productos farmacéuticos, medicinales, cosméticos y de tocador"
Plenas-Separados,"Estado de resultado integral, resultado del periodo, por funcion de gasto",830068589,2025-12-31,INVERSIONES KUZUCA S.A.S,L6810 - Actividades inmobiliarias realizadas con bienes propios o arrendados,08. SOCIEDAD POR ACCIONES SIMPLIFICADA SAS,CARRERA 13  34 76,BOGOTA D.C.,BOGOTA D.C.,Periodo Actual,0.0,0.0,0.0,0.0,0.0,26525.0,0.0,0.0,-26525,,,,,,-4191288.0,,,,,-4217813,,-4217813,,-4217813,2025,,,,-3156137,-0.3363846372955293,L6810,Actividades inmobiliarias realizadas con bienes propios o arrendados
Plenas-Separados,"Estado de resultado integral, resultado del periodo, por funcion de gasto",830070851,2025-12-31,PROMOTORA HERRERA VARGAS SAS,A0126 - Cultivo de palma para aceite (palma africana) y otros frutos oleaginosos,08. SOCIEDAD POR ACCIONES SIMPLIFICADA SAS,CR 9 74 08 OF 208,BOGOTA D.C.,BOGOTA D.C.,Periodo Actual,9539263.0,4080926.0,5458337.0,306951.0,0.0,1027847.0,150749.0,0.0,4586692,,,777742.0,,,9231513.0,,,,,14595947,1943785.0,12652162,,12652162,2025,0.572196929678949,0.48082247024743946,1.3263248953299642,6581651,0.9223386350932312,A0126,Cultivo de palma para aceite (palma africana) y otros frutos oleaginosos
Plenas-Separados,"Estado de resultado integral, resultado del periodo, por funcion de gasto",830070966,2025-12-31,NEOS GROUP S.A.S EN REORGANIZACION,F4111 - Construcción de edificios residenciales,08. SOCIEDAD POR ACCIONES SIMPLIFICADA SAS,CL 79B 8 10,BOGOTA D.C.,BOGOTA D.C.,Periodo Actual,428934.0,0.0,428934.0,5204.0,0.0,799002.0,6971023.0,0.0,-7335887,,,,,,,,,,,-7335887,,-7335887,,-7335887,2025,1.0,-17.10260086633375,-17.10260086633375,-7498739,0.02171725139386769,F4111,Construcción de edificios residenciales
Plenas-Separados,"Estado de resultado integral, resultado del periodo, por funcion de gasto",830071246,2025-12-31,MORAVO SAS,A0141 - Cría de ganado bovino y bufalino,08. SOCIEDAD POR ACCIONES SIMPLIFICADA SAS,CL 98 9 03 OF 707,BOGOTA D.C.,BOGOTA D.C.,Periodo Actual,5963689.0,5343728.0,619961.0,0.0,0.0,429318.0,160398.0,0.0,30245,,,317574.0,,,,,,,,347819,147330.0,200489,,200489,2025,0.10395595746189984,0.005071525359555134,0.03361828559470489,-753660,1.2660204866916116,A0141,Cría de ganado bovino y bufalino
Plenas-Separados,"Estado de resultado integral, resultado del periodo, por funcion de gasto",830073329,2025-12-31,IKUSI REDES COLOMBIA S.A.S,"G4652 - Comercio al por mayor de equipo, partes y piezas electrónicos y de telecomunicaciones",08. SOCIEDAD POR ACCIONES SIMPLIFICADA SAS,AVENIDA CALLE 116 7 15 OFICINA 404,BOGOTA D.C.,BOGOTA D.C.,Periodo Actual,111755053.0,77979168.0,33775885.0,1935297.0,19823523.0,9959523.0,0.0,0.0,5928136,,,,1040880.0,,,,,,,4887256,2386040.0,2501216,,2501216,2025,0.302231389930977,0.05304579829602873,0.02238123407270005,837865,1.985225543494477,G4652,"Comercio al por mayor de equipo, partes y piezas electrónicos y de telecomunicaciones"
Plenas-Separados,"Estado de resultado integral, resultado del periodo, por funcion de gasto",830075074,2025-12-31,AGROPECUARIA SANTAMARIA SA,C1031 - Extracción de aceites de origen vegetal crudos,01. SOCIEDAD ANÓNIMA,CL 126 A  7C 87 PISO 6,BOGOTA D.C.,BOGOTA D.C.,Periodo Actual,167713127.0,138172076.0,29541051.0,12868403.0,6565484.0,12065613.0,389798.0,0.0,23388559,,,251178.0,7873841.0,,,,,,,15765896,2628197.0,13137699,0.0,13137699,2025,0.17614036258473673,0.13945574457031024,0.0783343512520639,9744122,0.3482691411293906,C1031,Extracción de aceites de origen vegetal crudos
Plenas-Separados,"Estado de resultado integral, resultado del periodo, por funcion de gasto",830077975,2025-12-31,AXEDE SAS,M6910 - Actividades jurídicas,05. SOCIEDAD EN COMANDITA POR ACCIONES,CRA 9 115-06,BOGOTA D.C.,BOGOTA D.C.,Periodo Actual,3196114.0,3704887.0,-508773.0,9760492.0,4320924.0,1327959.0,6978609.0,0.0,-3375773,,,,,,,,,,,-3375773,,-3375773,,-3375773,2025,-0.1591848726296997,-1.0562116995826807,-1.0562116995826807,386501,-9.734189562252103,M6910,Actividades jurídicas
Plenas-Separados,"Estado de resultado integral, resultado del periodo, por funcion de gasto",830077981,2025-12-31,EDITORIAL PLANETA COLOMBIANA S.A.,J5811 - Edición de libros,01. SOCIEDAD ANÓNIMA,CALLE 73 7 60,BOGOTA D.C.,BOGOTA D.C.,Periodo Actual,89420231.0,43996661.0,45423570.0,1237129.0,22859398.0,14276054.0,1495283.0,0.0,8029964,,,460598.0,2028635.0,,-342390.0,,,,,6119537,4217786.0,1901751,,1901751,2025,0.5079786698381488,0.08980030481021684,0.021267569751637076,5390103,-0.6471772431806961,J5811,Edición de libros
Plenas-Separados,"Estado de resultado integral, resultado del periodo, por funcion de gasto",830078515,2025-12-31,Liberty Networks De Colombia S.A.S,"J6311 - Procesamiento de datos, alojamiento (hosting) y actividades relacionadas",08. SOCIEDAD POR ACCIONES SIMPLIFICADA SAS,CL 108 45 30 To 3,BOGOTA D.C.,BOGOTA D.C.,Periodo Actual,381665299.0,73196021.0,308469278.0,0.0,141560058.0,119056556.0,0.0,0.0,47852664,,,22482253.0,22982087.0,,-3466661.0,,,,,43886169,38677985.0,5208184,,5208184,2025,0.8082193450864392,0.1253786082344363,0.013645945842197197,-5308827,1.9810423281828546,J6311,"Procesamiento de datos, alojamiento (hosting) y actividades relacionadas"
Plenas-Separados,"Estado de resultado integral, resultado del periodo, por funcion de gasto",830079015,2025-12-31,MELTEC COMUNICACIONES SA,"G4652 - Comercio al por mayor de equipo, partes y piezas electrónicos y de telecomunicaciones",08. SOCIEDAD POR ACCIONES SIMPLIFICADA SAS,CL 130 A  No. 58A  29,BOGOTA D.C.,BOGOTA D.C.,Periodo Actual,92954519.0,71168466.0,21786053.0,682157.0,15482277.0,4780355.0,88937.0,0.0,2116641,,,3865358.0,4132763.0,,1585269.0,,,,,3434505,204117.0,3230388,,3230388,2025,0.234373253009894,0.02277071650491785,0.03475235023269821,1651983,0.9554608007467389,G4652,"Comercio al por mayor de equipo, partes y piezas electrónicos y de telecomunicaciones"
Plenas-Separados,"Estado de resultado integral, resultado del periodo, por funcion de gasto",830081806,2025-12-31,SEMILLAS ARROYAVE SAS,G4620 - Comercio al por mayor de materias primas agropecuarias; animales vivos,08. SOCIEDAD POR ACCIONES SIMPLIFICADA SAS,Cl 162 N 18a-52,BOGOTA D.C.,BOGOTA D.C.,Periodo Actual,13124043.0,6283601.0,6840442.0,1062085.0,3939927.0,2499409.0,981505.0,0.0,481686,0.0,0.0,0.0,0.0,0.0,0.0,0.0,0.0,0.0,0.0,481686,384566.0,97120,0.0,97120,2025,0.5212145373190259,0.036702561855367286,0.007400158624899355,117435,-0.1729893132371099,G4620,Comercio al por mayor de materias primas agropecuarias; animales vivos
Plenas-Separados,"Estado de resultado integral, resultado del periodo, por funcion de gasto",830090773,2025-12-31,MASSY ENERGY COLOMBIA SAS,B0910 - Actividades de apoyo para la extracción de petróleo y de gas natural,08. SOCIEDAD POR ACCIONES SIMPLIFICADA SAS,CARRERA 45a No 93-64,BOGOTA D.C.,BOGOTA D.C.,Periodo Actual,229435124.0,211445565.0,17989559.0,62284.0,0.0,8687632.0,0.0,0.0,9364211,0.0,0.0,1351117.0,1283569.0,0.0,0.0,0.0,0.0,0.0,0.0,9431759,3826811.0,5604948,0.0,5604948,2025,0.0784080427023022,0.04081419983454669,0.0244293371576359,3594067,0.5595001428743538,B0910,Actividades de apoyo para la extracción de petróleo y de gas natural
Plenas-Separados,"Estado de resultado integral, resultado del periodo, por funcion de gasto",830091676,2025-12-31,MEDIREX BIC SAS,"G4645 - Comercio al por mayor de productos farmacéuticos, medicinales, cosméticos y de tocador",08. SOCIEDAD POR ACCIONES SIMPLIFICADA SAS,CL 85 A 24 26,BOGOTA D.C.,BOGOTA D.C.,Periodo Actual,75631647.0,38988343.0,36643304.0,3778001.0,6320357.0,17628979.0,5907894.0,0.0,10564075,,,78074.0,,,489646.0,,,,,11131795,3195805.0,7935990,,7935990,2025,0.4844969725437818,0.13967797104828353,0.10492948804883226,4112421,0.9297610823405483,G4645,"Comercio al por mayor de productos farmacéuticos, medicinales, cosméticos y de tocador"
Plenas-Separados,"Estado de resultado integral, resultado del periodo, por funcion de gasto",830092675,2025-12-31,AXURE TECHNOLOGIES SA,J6190 - Otras actividades de telecomunicaciones,01. SOCIEDAD ANÓNIMA,CL 23B 101 67,BOGOTA D.C.,BOGOTA D.C.,Periodo Actual,19675944.0,11668912.0,8007032.0,26146.0,1791919.0,2410118.0,0.0,0.0,3831141,,,78211.0,654106.0,,,,,,,3255246,1086295.0,2168951,,2168951,2025,0.40694525253781977,0.19471192843403093,0.11023364368184825,2655447,-0.18320681979342837,J6190,Otras actividades de telecomunicaciones
Plenas-Separados,"Estado de resultado integral, resultado del periodo, por funcion de gasto",830092963,2025-12-31,SUPERPOLO SAS,C2920 - Fabricación de carrocerías para vehículos automotores; fabricación de remolques y semirremolques,08. SOCIEDAD POR ACCIONES SIMPLIFICADA SAS,Via Siberia Cota Km 1.6 CostadoOriental Hacienda Potrero Chico L,CUNDINAMARCA,COTA-CUNDINAMARCA,Periodo Actual,339950485.0,253031717.0,86918768.0,4062604.0,27624791.0,18062183.0,10461709.0,0.0,34832689,,,4512392.0,6725915.0,,-136456.0,,,,,32482710,11139866.0,21342844,,21342844,2025,0.2556806706717892,0.10246400736860252,0.0627822137097407,19012031,0.12259673887550468,C2920,Fabricación de carrocerías para vehículos automotores; fabricación de remolques y semirremolques
Plenas-Separados,"Estado de resultado integral, resultado del periodo, por funcion de gasto",830094751,2025-12-31,ZX VENTURES COLOMBIA S.A.S.,"G4711 - Comercio al por menor en establecimientos no especializados con surtido compuesto principalmente por alimentos, bebidas (alcohólicas y no alcohólicas) o tabaco",08. SOCIEDAD POR ACCIONES SIMPLIFICADA SAS,CRA 53 A 127 - 35,BOGOTA D.C.,BOGOTA D.C.,Periodo Actual,258477569.0,164592790.0,93884779.0,0.0,81431650.0,2987135.0,14717697.0,2738285.0,-2513418,,,1824165.0,2072258.0,,-4784266.0,,,,,-7545777,317336.0,-7863113,,-7863113,2025,0.3632221525574623,-0.009723930822020383,-0.030420871839753335,-25584861,0.6926654008399733,G4711,"Comercio al por menor en establecimientos no especializados con surtido compuesto principalmente por alimentos, bebidas (alcohólicas y no alcohólicas) o tabaco"
Plenas-Separados,"Estado de resultado integral, resultado del periodo, por funcion de gasto",830094920,2025-12-31,KMA CONSTRUCCIONES SAS,F4290 - Construcción de otras obras de ingeniería civil,08. SOCIEDAD POR ACCIONES SIMPLIFICADA SAS,CRA 2 # 41 - 612,BOLIVAR,CARTAGENA-BOLIVAR,Periodo Actual,936653605.0,532969169.0,403684436.0,40554229.0,2337087.0,50947103.0,11752898.0,-4238773.0,374962804,,,49656664.0,45695841.0,,68433665.0,,,,,447357292,151512314.0,295844978,,295844978,2025,0.43098583493948117,0.40032174327669406,0.3158531354822469,198432009,0.4909135854185702,F4290,Construcción de otras obras de ingeniería civil
Plenas-Separados,"Estado de resultado integral, resultado del periodo, por funcion de gasto",830095563,2025-12-31,CANACOL ENERGY COLOMBIA S.A.S,B0610 - Extracción de petróleo crudo,08. SOCIEDAD POR ACCIONES SIMPLIFICADA SAS,CLL 113 7 45 TO B OF 1501,BOGOTA D.C.,BOGOTA D.C.,Periodo Actual,43764746.0,7828837.0,35935909.0,0.0,0.0,12848801.0,1177175.0,445168.0,22355101,,,75817052.0,,,,,,,,98172153,18499351.0,79672802,,79672802,2025,0.8211154475796569,0.5108015707437215,1.8204790220877782,4607488,16.292025936909656,B0610,Extracción de petróleo crudo
Plenas-Separados,"Estado de resultado integral, resultado del periodo, por funcion de gasto",830095970,2025-12-31,DISTRIBUIDORA Y EDITORA RICHMOND SAS,J5811 - Edición de libros,08. SOCIEDAD POR ACCIONES SIMPLIFICADA SAS,Cra 11A No 98-50 Ofc 501,BOGOTA D.C.,BOGOTA D.C.,Periodo Actual,27112078.0,3768865.0,23343213.0,0.0,15267609.0,16675839.0,0.0,10263797.0,1663562,,,10347.0,659303.0,,827907.0,,,,,1842513,348839.0,1493674,,1493674,2025,0.860989445368223,0.06135870514978601,0.05509256796915382,1484662,0.006070068473497671,J5811,Edición de libros
Plenas-Separados,"Estado de resultado integral, resultado del periodo, por funcion de gasto",830096048,2025-12-31,CAETANO RENTING COLOMBIA SAS,N7710 - Alquiler y arrendamiento de vehículos automotores,08. SOCIEDAD POR ACCIONES SIMPLIFICADA SAS,CL 127 54A 50,BOGOTA D.C.,BOGOTA D.C.,Periodo Actual,4498268.0,2793480.0,1704788.0,0.0,0.0,2080696.0,0.0,718799.0,342891,,,,1041923.0,,-2537.0,,,,,-701569,,-701569,,-701569,2025,0.37898764591171535,0.07622733905583215,-0.15596425112954587,-1300318,0.4604635173857472,N7710,Alquiler y arrendamiento de vehículos automotores
Plenas-Separados,"Estado de resultado integral, resultado del periodo, por funcion de gasto",830096590,2025-12-31,SAPIA CI S.A.S.,G4759 - Comercio al por menor de otros artículos domésticos en establecimientos especializados,08. SOCIEDAD POR ACCIONES SIMPLIFICADA SAS,CALLE 161A 15 69,BOGOTA D.C.,BOGOTA D.C.,Periodo Actual,108183083.0,28589345.0,79593738.0,0.0,26022092.0,7809481.0,18069934.0,356238.0,28048469,,,1529654.0,12226898.0,,523322.0,1297205.0,,,,19171752,6162944.0,13008808,,13008808,2025,0.7357318334142872,0.2592685309217893,0.12024807982223985,16668533,-0.2195589137928335,G4759,Comercio al por menor de otros artículos domésticos en establecimientos especializados
Plenas-Separados,"Estado de resultado integral, resultado del periodo, por funcion de gasto",830098375,2025-12-31,FLORES IPANEMA SAS,A0125 - Cultivo de flor de corte,08. SOCIEDAD POR ACCIONES SIMPLIFICADA SAS,CL 92 11 51 OF 302,BOGOTA D.C.,BOGOTA D.C.,Periodo Actual,528251016.0,564867758.0,-36616742.0,3052507.0,0.0,2392386.0,2844745.0,0.0,-38801366,,,69713704.0,40866239.0,,,,,,,-9953901,-3052053.0,-6901848,,-6901848,2025,-0.069316936249868,-0.07345251561238833,-0.01306547037478864,-36178512,0.8092279748818857,A0125,Cultivo de flor de corte
Plenas-Separados,"Estado de resultado integral, resultado del periodo, por funcion de gasto",830098378,2025-12-31,TERRENOS LA HERRADURA SAS,L6810 - Actividades inmobiliarias realizadas con bienes propios o arrendados,08. SOCIEDAD POR ACCIONES SIMPLIFICADA SAS,CL 92 11 51 OF 302,BOGOTA D.C.,BOGOTA D.C.,Periodo Actual,2187729.0,0.0,2187729.0,324182.0,0.0,1008420.0,2.0,0.0,1503489,,,1422.0,,,,,,,,1504911,416362.0,1088549,,1088549,2025,1.0,0.6872373132138395,0.49757031149653363,6744217,-0.8385951994130675,L6810,Actividades inmobiliarias realizadas con bienes propios o arrendados
Plenas-Separados,"Estado de resultado integral, resultado del periodo, por funcion de gasto",830099228,2025-12-31,LATIN TECNO SAS ESP,E3811 - Recolección de desechos no peligrosos,08. SOCIEDAD POR ACCIONES SIMPLIFICADA SAS,CARRERA 62 19 04 IN 04,BOGOTA D.C.,BOGOTA D.C.,Periodo Actual,10237981.0,4385541.0,5852440.0,11214.0,0.0,2016073.0,17579.0,0.0,3830002,,,1290.0,52634.0,,19573354.0,,,,,23352012,2411143.0,20940869,,20940869,2025,0.5716400528580782,0.37409739283556004,2.045410027621657,26222434,-0.20141398773279398,E3811,Recolección de desechos no peligrosos
Plenas-Separados,"Estado de resultado integral, resultado del periodo, por funcion de gasto",830101217,2025-12-31,GEOMETRY GLOBAL COLOMBIA S.A.S.,M7310 - Publicidad,08. SOCIEDAD POR ACCIONES SIMPLIFICADA SAS,Avenida Carrera 9 # 101-67 Piso 1-3,BOGOTA D.C.,BOGOTA D.C.,Periodo Actual,61140283.0,29389874.0,31750409.0,0.0,0.0,29472183.0,0.0,9038351.0,11316577,,,140175.0,0.0,,12810.0,,,,,11469562,3569464.0,7900098,,7900098,2025,0.5193042531386386,0.1850919957305399,0.1292126501933267,12738090,-0.3798051356208034,M7310,Publicidad
Plenas-Separados,"Estado de resultado integral, resultado del periodo, por funcion de gasto",830104409,2025-12-31,IMPORTADORA NACIONAL DE LLANTAS SAS,"G4530 - Comercio de partes, piezas (autopartes) y accesorios (lujos) para vehículos automotores",08. SOCIEDAD POR ACCIONES SIMPLIFICADA SAS,CALLE 99 N° 10 19 OF 301,BOGOTA D.C.,BOGOTA D.C.,Periodo Actual,41103054.0,28409162.0,12693892.0,1363610.0,3883617.0,6212618.0,324907.0,0.0,3636360,,,631888.0,2590491.0,,,,,,,1677757,758664.0,919093,-15363.0,903730,2025,0.30883087178874835,0.088469338555719,0.021986930703494684,1293697,-0.30143611680323906,G4530,"Comercio de partes, piezas (autopartes) y accesorios (lujos) para vehículos automotores"
Plenas-Separados,"Estado de resultado integral, resultado del periodo, por funcion de gasto",830105621,2025-12-31,OSP INTERNATIONAL CALA SAS,"J6201 - Actividades de desarrollo de sistemas informáticos (planificación, análisis, diseño, programación, pruebas)",08. SOCIEDAD POR ACCIONES SIMPLIFICADA SAS,CRA 11B 96 03 OF 502,BOGOTA D.C.,BOGOTA D.C.,Periodo Actual,21668932.0,17621771.0,4047161.0,75061.0,448086.0,839699.0,0.0,0.0,2834437,,,6766.0,434992.0,,,,,,,2406211,886811.0,1519400,,1519400,2025,0.18677251836869488,0.13080649290883373,0.07011882265355764,1033553,0.4700745873699752,J6201,"Actividades de desarrollo de sistemas informáticos (planificación, análisis, diseño, programación, pruebas)"
Plenas-Separados,"Estado de resultado integral, resultado del periodo, por funcion de gasto",830106920,2025-12-31,LABORATORIOS BIOPAS SA,"G4645 - Comercio al por mayor de productos farmacéuticos, medicinales, cosméticos y de tocador",01. SOCIEDAD ANÓNIMA,CL 127 A  53 A 45 TO 2 OFC 1202,BOGOTA D.C.,BOGOTA D.C.,Periodo Actual,363483390.0,286772758.0,76710632.0,15906165.0,0.0,69475972.0,2631759.0,0.0,20509066,,,20030304.0,7187922.0,,,,,,,33351448,16278118.0,17073330,,17073330,2025,0.21104301904964626,0.05642366766745518,0.04697141731840897,-12343093,2.3832294709275867,G4645,"Comercio al por mayor de productos farmacéuticos, medicinales, cosméticos y de tocador"
Plenas-Separados,"Estado de resultado integral, resultado del periodo, por funcion de gasto",830109997,2025-12-31,OTTO BOCK HELTHCARE ANDINA SAS,"G4645 - Comercio al por mayor de productos farmacéuticos, medicinales, cosméticos y de tocador",08. SOCIEDAD POR ACCIONES SIMPLIFICADA SAS,CARRERA  22 164 34,BOGOTA D.C.,BOGOTA D.C.,Periodo Actual,58851252.0,32528933.0,26322319.0,946424.0,13903734.0,6200370.0,790896.0,0.0,6373743,,,5657931.0,6665460.0,,,,,,,5366214,617215.0,4748999,,4748999,2025,0.4472686324498245,0.10830258972230532,0.08069495275988352,2633274,0.8034579766480814,G4645,"Comercio al por mayor de productos farmacéuticos, medicinales, cosméticos y de tocador"
Plenas-Separados,"Estado de resultado integral, resultado del periodo, por funcion de gasto",830111031,2025-12-31,CONCESIONES COLOMBIANAS SAS,L6810 - Actividades inmobiliarias realizadas con bienes propios o arrendados,08. SOCIEDAD POR ACCIONES SIMPLIFICADA SAS,CRA 7 71 21 TORRE B OFC 406,BOGOTA D.C.,BOGOTA D.C.,Periodo Actual,9452222.0,503928.0,8948294.0,1607190.0,0.0,7250480.0,134246.0,0.0,3170758,,,2311974.0,6608927.0,,,-810038.0,,,,-1936233,-173454.0,-1762779,,-1762779,2025,0.9466868213632731,0.3354510717162589,-0.1864936096507255,-527840,-2.339608593513186,L6810,Actividades inmobiliarias realizadas con bienes propios o arrendados
Plenas-Separados,"Estado de resultado integral, resultado del periodo, por funcion de gasto",830111922,2025-12-31,INVERSIONES MSJ & CIA S EN C,N8230 - Organización de convenciones y eventos comerciales,04. SOCIEDAD EN COMANDITA,CR 18A 137 80,BOGOTA D.C.,BOGOTA D.C.,Periodo Actual,32236.0,7964.0,24272.0,31517.0,0.0,19728.0,163.0,0.0,35898,0.0,0.0,137923.0,26511.0,0.0,2652331.0,0.0,0.0,0.0,0.0,2799641,57460.0,2742181,0.0,2742181,2025,0.752947015758779,1.1135997021963022,85.06579600446706,3150796,-0.12968627610292763,N8230,Organización de convenciones y eventos comerciales
Plenas-Separados,"Estado de resultado integral, resultado del periodo, por funcion de gasto",830113477,2025-12-31,SCORPIO INVERSIONES & CIA S EN C,L6810 - Actividades inmobiliarias realizadas con bienes propios o arrendados,04. SOCIEDAD EN COMANDITA,CARRERA 68D No. 13-54 IN 7,BOGOTA D.C.,BOGOTA D.C.,Periodo Actual,8931524.0,5274247.0,3657277.0,13594133.0,0.0,3424067.0,6989749.0,0.0,6837594,,,,,,,,,,,6837594,9552531.0,-2714937,,-2714937,2025,0.4094796140054038,0.7655573673653007,-0.3039724239670632,7006028,-1.3875144375671922,L6810,Actividades inmobiliarias realizadas con bienes propios o arrendados
Plenas-Separados,"Estado de resultado integral, resultado del periodo, por funcion de gasto",830113598,2025-12-31,ADMINEGOCIOS S.A.S.,"M7490 - Otras actividades profesionales, científicas y técnicas n.c.p.",08. SOCIEDAD POR ACCIONES SIMPLIFICADA SAS,CR 13 26 45 P11,BOGOTA D.C.,BOGOTA D.C.,Periodo Actual,0.0,0.0,0.0,3387408.0,0.0,17425603.0,105679.0,-234658.0,-14378532,,,5771375.0,73174434.0,,758757967.0,,,,,676976376,15134059.0,661842317,,661842317,2025,,,,405779882,0.6310377777674054,M7490,"Otras actividades profesionales, científicas y técnicas n.c.p."
Plenas-Separados,"Estado de resultado integral, resultado del periodo, por funcion de gasto",830113599,2025-12-31,INVERPROGRESO S.A.,"M7490 - Otras actividades profesionales, científicas y técnicas n.c.p.",08. SOCIEDAD POR ACCIONES SIMPLIFICADA SAS,CR 13 26 45 P11,BOGOTA D.C.,BOGOTA D.C.,Periodo Actual,239.0,0.0,239.0,31484.0,0.0,14539206.0,1773.0,0.0,-14509256,,,76324.0,18092322.0,,47771390.0,,,,,15246136,-2964702.0,18210838,,18210838,2025,1.0,-60708.18410041841,76195.97489539749,-42219782,1.4313342499020956,M7490,"Otras actividades profesionales, científicas y técnicas n.c.p."
Plenas-Separados,"Estado de resultado integral, resultado del periodo, por funcion de gasto",830113600,2025-12-31,INVERSEGOVIA S.A.,"G4799 - Otros tipos de comercio al por menor no realizado en establecimientos, puestos de venta o mercados",08. SOCIEDAD POR ACCIONES SIMPLIFICADA SAS,CR 13 26 45 P11,BOGOTA D.C.,BOGOTA D.C.,Periodo Actual,0.0,0.0,0.0,2601.0,0.0,1106518.0,21.0,0.0,-1103938,,,543268.0,102.0,,43702528.0,,,,,43141756,449430.0,42692326,,42692326,2025,,,,2349899,17.167728059801718,G4799,"Otros tipos de comercio al por menor no realizado en establecimientos, puestos de venta o mercados"
Plenas-Separados,"Estado de resultado integral, resultado del periodo, por funcion de gasto",830113601,2025-12-31,ACTIUNIDOS S.A.S.,K6494 - Otras actividades de distribución de fondos,08. SOCIEDAD POR ACCIONES SIMPLIFICADA SAS,CR 13 26 45 P11,BOGOTA D.C.,BOGOTA D.C.,Periodo Actual,3047731.0,0.0,3047731.0,240654.0,0.0,42845978.0,1157680.0,-809146.0,-41524419,,,42448609.0,32005948.0,,460859264.0,,,,,429777506,12896112.0,416881394,,416881394,2025,1.0,-13.624699489554688,136.7841827247877,255395262,0.6322988560375095,K6494,Otras actividades de distribución de fondos
Plenas-Separados,"Estado de resultado integral, resultado del periodo, por funcion de gasto",830113603,2025-12-31,RENDIFIN S.A.S.,K6494 - Otras actividades de distribución de fondos,08. SOCIEDAD POR ACCIONES SIMPLIFICADA SAS,CR 13 26 45 P11,BOGOTA D.C.,BOGOTA D.C.,Periodo Actual,491862.0,0.0,491862.0,5.0,0.0,2879211.0,3.0,-694248.0,-3081595,,,15848299.0,21474023.0,,249527004.0,,,,,240819685,16995815.0,223823870,,223823870,2025,1.0,-6.265161773017635,455.0542021949246,185519913,0.2064681703467595,K6494,Otras actividades de distribución de fondos
Plenas-Separados,"Estado de resultado integral, resultado del periodo, por funcion de gasto",830113604,2025-12-31,Relantano S.A.S.,"G4799 - Otros tipos de comercio al por menor no realizado en establecimientos, puestos de venta o mercados",08. SOCIEDAD POR ACCIONES SIMPLIFICADA SAS,Cra 13 No. 26 45 piso 11,BOGOTA D.C.,BOGOTA D.C.,Periodo Actual,0.0,0.0,0.0,0.0,0.0,239765.0,303.0,-6672.0,-246740,,,486360.0,1931.0,,17419962.0,,,,,17657651,1546703.0,16110948,,16110948,2025,,,,16364215,-0.015476880498086832,G4799,"Otros tipos de comercio al por menor no realizado en establecimientos, puestos de venta o mercados"
Plenas-Separados,"Estado de resultado integral, resultado del periodo, por funcion de gasto",830113608,2025-12-31,BIENES Y COMERCIO S.A.S.,L6810 - Actividades inmobiliarias realizadas con bienes propios o arrendados,01. SOCIEDAD ANÓNIMA,CR 13 26 45 P11,BOGOTA D.C.,BOGOTA D.C.,Periodo Actual,5911006.0,0.0,5911006.0,489451.0,0.0,31272941.0,14981718.0,-2759026.0,-42613228,,,10324754.0,47249630.0,,-17784354.0,,,,,-97322458,-17063626.0,-80258832,,-80258832,2025,1.0,-7.20913292931863,-13.577863395841588,-35678882,-1.2494772117579245,L6810,Actividades inmobiliarias realizadas con bienes propios o arrendados
Plenas-Separados,"Estado de resultado integral, resultado del periodo, por funcion de gasto",830114143,2025-12-31,GRUPO INMOBILIARIO Y CONSTRUCTOR UNO S.A.S,L6810 - Actividades inmobiliarias realizadas con bienes propios o arrendados,08. SOCIEDAD POR ACCIONES SIMPLIFICADA SAS,CALLE 123 # 7 - 07 OF 408,BOGOTA D.C.,BOGOTA D.C.,Periodo Actual,167926.0,203650.0,-35724.0,299915.0,0.0,1241720.0,2049658.0,0.0,-3027187,,,171.0,44493.0,,,,,,,-3071509,,-3071509,,-3071509,2025,-0.2127365625334969,-18.026910663030144,-18.290848349868394,-4912826,0.3747979268958437,L6810,Actividades inmobiliarias realizadas con bienes propios o arrendados
Plenas-Separados,"Estado de resultado integral, resultado del periodo, por funcion de gasto",830116134,2025-12-31,PETROWORKS SAS,B0910 - Actividades de apoyo para la extracción de petróleo y de gas natural,08. SOCIEDAD POR ACCIONES SIMPLIFICADA SAS,CARRERA 54 No.68-196 LOCAL 106,ATLANTICO,BARRANQUILLA-ATLANTICO,Periodo Actual,231772655.0,199535604.0,32237051.0,5010905.0,0.0,30501417.0,11268418.0,0.0,-4521879,0.0,0.0,0.0,21544287.0,0.0,,0.0,0.0,0.0,0.0,-26066166,-8857221.0,-17208945,0.0,-17208945,2025,0.13908910436392938,-0.01950997627394828,-0.07424924652996705,-7010874,-1.454607656620273,B0910,Actividades de apoyo para la extracción de petróleo y de gas natural
Plenas-Separados,"Estado de resultado integral, resultado del periodo, por funcion de gasto",830116807,2025-12-31,PARTEQUIPOS MAQUINARIA SAS,G4659 - Comercio al por mayor de otros tipos de maquinaria y equipo n.c.p.,08. SOCIEDAD POR ACCIONES SIMPLIFICADA SAS,DG 16 96 G 85,BOGOTA D.C.,BOGOTA D.C.,Periodo Actual,258584128.0,200355966.0,58228162.0,212261.0,28788794.0,7706805.0,399240.0,0.0,21545584,,,1326157.0,3006840.0,,,,,,,19864901,7215503.0,12649398,,12649398,2025,0.22518072725639215,0.08332137075327377,0.04891792121131271,6646225,0.9032455265959247,G4659,Comercio al por mayor de otros tipos de maquinaria y equipo n.c.p.
Plenas-Separados,"Estado de resultado integral, resultado del periodo, por funcion de gasto",830119051,2025-12-31,AXESS NETWORKS SOLUTIONS COLOMBIA SAS,J6130 - Actividades de telecomunicación satelital,08. SOCIEDAD POR ACCIONES SIMPLIFICADA SAS,KRA 7 No 71-52 Torre B Oficina 509,BOGOTA D.C.,BOGOTA D.C.,Periodo Actual,48869881.0,24555089.0,24314792.0,90862.0,19712979.0,20401168.0,474142.0,0.0,-16182635,,,108158.0,9041876.0,-5896583.0,9379321.0,,,,,-9840449,-469435.0,-9371014,,-9371014,2025,0.49754146117114545,-0.33113718856814894,-0.1917543854874539,-31100590,0.6986869380934574,J6130,Actividades de telecomunicación satelital
Plenas-Separados,"Estado de resultado integral, resultado del periodo, por funcion de gasto",830121796,2025-12-31,DOMINA S.A.S,C3110 - Fabricación de muebles,01. SOCIEDAD ANÓNIMA,KR 116  19A 60,BOGOTA D.C.,BOGOTA D.C.,Periodo Actual,82150394.0,40483894.0,41666500.0,2613617.0,15721218.0,17962263.0,994149.0,0.0,9602487,,,713840.0,3170253.0,,,-3013.0,,,,7143061,2743191.0,4399870,,4399870,2025,0.5071978108832929,0.11688911680691391,0.0535587206069882,2523847,0.7433188303411419,C3110,Fabricación de muebles
Plenas-Separados,"Estado de resultado integral, resultado del periodo, por funcion de gasto",830124992,2025-12-31,ODINSA SERVICIOS SAS,F4390 - Otras actividades especializadas para la construcción de edificios y obras de ingeniería civil,08. SOCIEDAD POR ACCIONES SIMPLIFICADA SAS,CALLE 24A 59 42 ST 1,BOGOTA D.C.,BOGOTA D.C.,Periodo Actual,0.0,0.0,0.0,0.0,0.0,28309.0,1116.0,-5565.0,-34990,,,1482.0,974.0,,,,,,,-34482,50909.0,-85391,,-85391,2025,,,,-518717,0.8353803711850585,F4390,Otras actividades especializadas para la construcción de edificios y obras de ingeniería civil
Plenas-Separados,"Estado de resultado integral, resultado del periodo, por funcion de gasto",830126461,2025-12-31,HITOS URBANOS SAS,M7112 - Actividades de ingeniería y otras actividades conexas de consultoría técnica,08. SOCIEDAD POR ACCIONES SIMPLIFICADA SAS,CARRERA 19B # 83 - 49 PISO 7,BOGOTA D.C.,BOGOTA D.C.,Periodo Actual,31274427.0,3309264.0,27965163.0,549533.0,0.0,24018248.0,133074.0,1784982.0,6148356,,,55552.0,5099727.0,,54599.0,,,,,1158780,207612.0,951168,,951168,2025,0.8941862627890832,0.19659372176507023,0.030413602781595328,2049526,-0.5359083027002342,M7112,Actividades de ingeniería y otras actividades conexas de consultoría técnica
Plenas-Separados,"Estado de resultado integral, resultado del periodo, por funcion de gasto",830129327,2025-12-31,FARMATODO COLOMBIA SA,"G4711 - Comercio al por menor en establecimientos no especializados con surtido compuesto principalmente por alimentos, bebidas (alcohólicas y no alcohólicas) o tabaco",01. SOCIEDAD ANÓNIMA,CRA 11 A 98 50 OF 301-302,BOGOTA D.C.,BOGOTA D.C.,Periodo Actual,1969364676.0,1321046609.0,648318067.0,0.0,291150207.0,118835417.0,111612278.0,45245.0,126765410,,,,77576438.0,,,,,,,49188972,22045648.0,27143324,,27143324,2025,0.32920163284171755,0.0643686827253725,0.013782781996034948,19555956,0.3879824642681749,G4711,"Comercio al por menor en establecimientos no especializados con surtido compuesto principalmente por alimentos, bebidas (alcohólicas y no alcohólicas) o tabaco"
Plenas-Separados,"Estado de resultado integral, resultado del periodo, por funcion de gasto",830131884,2025-12-31,SOCIEDAD DE COMERCIALIZACION INTERNACIONAL CALAFATE S.A.S,A0125 - Cultivo de flor de corte,08. SOCIEDAD POR ACCIONES SIMPLIFICADA SAS,Calle 4 No. 1 A 40,BOGOTA D.C.,BOGOTA D.C.,Periodo Actual,195659731.0,178860537.0,16799194.0,1189350.0,2551468.0,6107525.0,8556980.0,0.0,772571,,,11792634.0,9356241.0,,,,,,,3208964,4739370.0,-1530406,,-1530406,2025,0.08585923078878198,0.003948543709282724,-0.007821772994260122,-2180459,0.29812667883230093,A0125,Cultivo de flor de corte
Plenas-Separados,"Estado de resultado integral, resultado del periodo, por funcion de gasto",830132604,2025-12-31,INVERSIONES SECTOR SALUD S.A.S,K6494 - Otras actividades de distribución de fondos,08. SOCIEDAD POR ACCIONES SIMPLIFICADA SAS,AC 100 N° 11B-67,BOGOTA D.C.,BOGOTA D.C.,Periodo Actual,18352738.0,0.0,18352738.0,3.0,0.0,354388.0,106918.0,0.0,17891435,,,304840.0,544985.0,,,,,,,17651290,62338.0,17588952,,17588952,2025,1.0,0.9748646223795054,0.9583829944066111,8414527,1.0903078687607752,K6494,Otras actividades de distribución de fondos
Plenas-Separados,"Estado de resultado integral, resultado del periodo, por funcion de gasto",830132841,2025-12-31,PRIMEOTHER S.A.S.,K6613 - Otras actividades relacionadas con el mercado de valores,08. SOCIEDAD POR ACCIONES SIMPLIFICADA SAS,CALLE 75 N° 5-59,BOGOTA D.C.,BOGOTA D.C.,Periodo Actual,420619.0,0.0,420619.0,23817.0,0.0,3370707.0,9.0,0.0,-2926280,,,307.0,0.0,,54356098.0,,,,,51430125,162648.0,51267477,,51267477,2025,1.0,-6.9570799226853755,121.88578499782463,64192285,-0.20134519280626947,K6613,Otras actividades relacionadas con el mercado de valores
Plenas-Separados,"Estado de resultado integral, resultado del periodo, por funcion de gasto",830132842,2025-12-31,PRIMEVALUESERVICE SAS,A0141 - Cría de ganado bovino y bufalino,08. SOCIEDAD POR ACCIONES SIMPLIFICADA SAS,CL 75 No.5-59,BOGOTA D.C.,BOGOTA D.C.,Periodo Actual,1050564.0,607723.0,442841.0,213724.0,0.0,2164582.0,2368.0,0.0,-1510385,,,95.0,750.0,,-594397.0,,,,,-2105437,-977411.0,-1128026,,-1128026,2025,0.4215269131628344,-1.4376896600302314,-1.0737337277881214,8807446,-1.1280764026256873,A0141,Cría de ganado bovino y bufalino
Plenas-Separados,"Estado de resultado integral, resultado del periodo, por funcion de gasto",830132938,2025-12-31,EQUIPOS Y TRITURADOS SAS,F4210 - Construcción de carreteras y vías de ferrocarril,08. SOCIEDAD POR ACCIONES SIMPLIFICADA SAS,CL 36 18 23 OF 201,BOGOTA D.C.,BOGOTA D.C.,Periodo Actual,22893661.0,19202154.0,3691507.0,296128.0,0.0,738150.0,60417.0,0.0,3189068,,,841.0,,,,,,,,3189909,1246084.0,1943825,,1943825,2025,0.16124581385214012,0.13929917106748457,0.08490669098315032,1022132,0.9017357836365557,F4210,Construcción de carreteras y vías de ferrocarril
Plenas-Separados,"Estado de resultado integral, resultado del periodo, por funcion de gasto",830133698,2025-12-31,INVERSIONES PROVI SAS,F4111 - Construcción de edificios residenciales,08. SOCIEDAD POR ACCIONES SIMPLIFICADA SAS,CR 14 93 B 32 OF 501,BOGOTA D.C.,BOGOTA D.C.,Periodo Actual,0.0,0.0,0.0,0.0,0.0,18709.0,3.0,0.0,-18712,,,4089.0,173.0,,,,,,,-14796,8274.0,-23070,,-23070,2025,,,,3071,-8.51221100618691,F4111,Construcción de edificios residenciales
Plenas-Separados,"Estado de resultado integral, resultado del periodo, por funcion de gasto",830135256,2025-12-31,IINSTITUTO DE INVERSIONES ESTRATEGICAS SAS,L6810 - Actividades inmobiliarias realizadas con bienes propios o arrendados,08. SOCIEDAD POR ACCIONES SIMPLIFICADA SAS,CALLE 38 A N 6 N 35 BOD 6 PISO 3 OF 304,VALLE,CALI-VALLE,Periodo Actual,19836163.0,0.0,19836163.0,4653213.0,0.0,12833730.0,37.0,0.0,11655609,,,6203957.0,2462011.0,,,,,,,15397555,702495.0,14695060,,14695060,2025,1.0,0.5875939313465008,0.7408217002451533,-13099613,2.1217934453483474,L6810,Actividades inmobiliarias realizadas con bienes propios o arrendados
Plenas-Separados,"Estado de resultado integral, resultado del periodo, por funcion de gasto",830136799,2025-12-31,BIOMAX BIOCOMBUSTIBLES S.A.,"G4661 - Comercio al por mayor de combustibles sólidos, líquidos, gaseosos y productos conexos",01. SOCIEDAD ANÓNIMA,Carrera 14 99-33 Piso 9,BOGOTA D.C.,BOGOTA D.C.,Periodo Actual,4463549815.0,4204981866.0,258567949.0,2095628.0,55539445.0,31473503.0,15161591.0,0.0,158489038,,,5202054.0,85263047.0,,42012655.0,,,,,120440700,29991491.0,90449209,,90449209,2025,0.05792876963780452,0.035507397602551456,0.020263963156866883,104735066,-0.13639994268968142,G4661,"Comercio al por mayor de combustibles sólidos, líquidos, gaseosos y productos conexos"
Plenas-Separados,"Estado de resultado integral, resultado del periodo, por funcion de gasto",830140271,2025-12-31,HNN ARANGO & CIA S.A.S.,K6613 - Otras actividades relacionadas con el mercado de valores,08. SOCIEDAD POR ACCIONES SIMPLIFICADA SAS,CRA 7 No 26 20 PI 22,BOGOTA D.C.,BOGOTA D.C.,Periodo Actual,38697573.0,11252831.0,27444742.0,21294.0,0.0,354632.0,2371105.0,0.0,24740299,,,3091578.0,70426444.0,,,,,,,-42594567,247071.0,-42841638,,-42841638,2025,0.7092109368202497,0.6393243059454917,-1.1070884988058554,-72895244,0.4122848673090387,K6613,Otras actividades relacionadas con el mercado de valores
Plenas-Separados,"Estado de resultado integral, resultado del periodo, por funcion de gasto",830140289,2025-12-31,MECTRONICS S.A.,G4520 - Mantenimiento y reparación de vehículos automotores,01. SOCIEDAD ANÓNIMA,CALLE 20C NRO 44 41,BOGOTA D.C.,BOGOTA D.C.,Periodo Actual,68310590.0,57202789.0,11107801.0,102828.0,0.0,4243935.0,1033.0,0.0,6965661,,,977235.0,292524.0,,373154.0,,,,,8023526,2898546.0,5124980,,5124980,2025,0.16260730583647426,0.10197044118635193,0.0750246777256645,3148543,0.627730667804124,G4520,Mantenimiento y reparación de vehículos automotores
Plenas-Separados,"Estado de resultado integral, resultado del periodo, por funcion de gasto",830146338,2025-12-31,G4S HOLDING COLOMBIA S.A.,M7020 - Actividades de consultoría de gestión,01. SOCIEDAD ANÓNIMA,AV CL 100 N 19A 30 PISO 2,BOGOTA D.C.,BOGOTA D.C.,Periodo Actual,11267903.0,83489.0,11184414.0,55569.0,0.0,19463.0,2635.0,0.0,11217885,,,,,,,,,,,11217885,-24249.0,11242134,,11242134,2025,0.9925905467947319,0.9955610196502401,0.9977130616051629,4544054,1.4740317786716444,M7020,Actividades de consultoría de gestión
Plenas-Separados,"Estado de resultado integral, resultado del periodo, por funcion de gasto",830500354,2025-12-31,GRUPO EMPRRESARIAL ALIANZA T,N7710 - Alquiler y arrendamiento de vehículos automotores,01. SOCIEDAD ANÓNIMA,Avenida Calle 68 67 C 08,BOGOTA D.C.,BOGOTA D.C.,Periodo Actual,385180.0,122495.0,262685.0,2456815.0,0.0,302203.0,763753.0,0.0,1653544,,,,,,,,,,,1653544,844425.0,809119,,809119,2025,0.6819798535749519,4.292912404590062,2.1006256814995585,941158,-0.14029419077349392,N7710,Alquiler y arrendamiento de vehículos automotores
Plenas-Separados,"Estado de resultado integral, resultado del periodo, por funcion de gasto",830501720,2025-12-31,DESARROLLOS Y CONSTRUCCIONES SAS,M7112 - Actividades de ingeniería y otras actividades conexas de consultoría técnica,08. SOCIEDAD POR ACCIONES SIMPLIFICADA SAS,CALLE 72 10 71 PISO 9,BOGOTA D.C.,BOGOTA D.C.,Periodo Actual,5254055.0,0.0,5254055.0,44889.0,0.0,4412266.0,113921.0,0.0,772757,,,54191.0,15906.0,,182507.0,,,,,993549,45321.0,948228,,948228,2025,1.0,0.14707820911657757,0.1804754613341505,-108063,9.774770272896365,M7112,Actividades de ingeniería y otras actividades conexas de consultoría técnica
Plenas-Separados,"Estado de resultado integral, resultado del periodo, por funcion de gasto",830507278,2025-12-31,ALIMENTOS GLCOL S.A.S.,C1040 - Elaboración de productos lácteos,08. SOCIEDAD POR ACCIONES SIMPLIFICADA SAS,DIAGONAL 63 F 86 35,BOGOTA D.C.,BOGOTA D.C.,Periodo Actual,350457126.0,301190255.0,49266871.0,2895354.0,59376208.0,21570190.0,12173054.0,0.0,-40957227,,,5066588.0,7796797.0,,,-50979.0,,,,-43738415,21363605.0,-65102020,,-65102020,2025,0.14057888210839234,-0.11686801026839443,-0.1857631509538773,-42473968,-0.5327510723744954,C1040,Elaboración de productos lácteos
Plenas-Separados,"Estado de resultado integral, resultado del periodo, por funcion de gasto",830507323,2025-12-31,INCOLPLAS SAS - BIC,G4759 - Comercio al por menor de otros artículos domésticos en establecimientos especializados,08. SOCIEDAD POR ACCIONES SIMPLIFICADA SAS,CALLE 86D 30 29,BOGOTA D.C.,BOGOTA D.C.,Periodo Actual,16220698.0,9685446.0,6535252.0,0.0,0.0,2392256.0,940185.0,0.0,3202811,,,,44910.0,,,,,,,3157901,1218100.0,1939801,,1939801,2025,0.40289585565306746,0.19745210717812514,0.11958801033099808,1927379,0.006445021970250792,G4759,Comercio al por menor de otros artículos domésticos en establecimientos especializados
Plenas-Separados,"Estado de resultado integral, resultado del periodo, por funcion de gasto",830511290,2025-12-31,Inversiones Manuelita S.A.,K6613 - Otras actividades relacionadas con el mercado de valores,01. SOCIEDAD ANÓNIMA,KM 7 VIA PALMIRA CERRITO,VALLE,PALMIRA-VALLE,Periodo Actual,134825309.0,0.0,134825309.0,6.0,0.0,615709.0,2575573.0,0.0,131634033,,,4973354.0,88149.0,,,,,,,136519238,1433971.0,135085267,,135085267,2025,1.0,0.9763302897381084,1.0019281098031825,154736608,-0.12699865438435876,K6613,Otras actividades relacionadas con el mercado de valores
Plenas-Separados,"Estado de resultado integral, resultado del periodo, por funcion de gasto",830511701,2025-12-31,Valores Manuelita SAS,K6613 - Otras actividades relacionadas con el mercado de valores,08. SOCIEDAD POR ACCIONES SIMPLIFICADA SAS,KM 7 VIA PALMIRA CERRITO,VALLE,PALMIRA-VALLE,Periodo Actual,8803946.0,0.0,8803946.0,1.0,0.0,39037.0,0.0,0.0,8764910,,,101606.0,134837.0,,0.0,,,,,8731679,-19566.0,8751245,,8751245,2025,1.0,0.9955660791195221,0.9940139342063207,7061111,0.2393580840182232,K6613,Otras actividades relacionadas con el mercado de valores
Plenas-Separados,"Estado de resultado integral, resultado del periodo, por funcion de gasto",830512304,2025-12-31,CLOSTER PHARMA S.A.S,"G4645 - Comercio al por mayor de productos farmacéuticos, medicinales, cosméticos y de tocador",08. SOCIEDAD POR ACCIONES SIMPLIFICADA SAS,CR 21 98 71 PISO 7,BOGOTA D.C.,BOGOTA D.C.,Periodo Actual,91886707.0,47843878.0,44042829.0,23415022.0,45264536.0,9390161.0,10931124.0,0.0,1872030,,,,,,,,,,,1872030,1539371.0,332659,,332659,2025,0.4793166545842153,0.020373240712609278,0.003620316919181792,393572,-0.15476964824733466,G4645,"Comercio al por mayor de productos farmacéuticos, medicinales, cosméticos y de tocador"
Plenas-Separados,"Estado de resultado integral, resultado del periodo, por funcion de gasto",830513068,2025-12-31,SOLUCIONES EN INGENIERIA SOLINGENIA SAS,F4321 - Instalaciones eléctricas,08. SOCIEDAD POR ACCIONES SIMPLIFICADA SAS,CL 8B 65 191 OFC 207,ANTIOQUIA,MEDELLIN-ANTIOQUIA,Periodo Actual,8274549.0,5035928.0,3238621.0,91888.0,0.0,1971371.0,552490.0,0.0,806648,,,86431.0,196393.0,,,,,,,696686,,696686,,696686,2025,0.39139547061719016,0.09748543394933065,0.08419625045425437,504551,0.3808039226956244,F4321,Instalaciones eléctricas
Plenas-Separados,"Estado de resultado integral, resultado del periodo, por funcion de gasto",830513773,2025-12-31,APPLUS NORCONTROL COLOMBIA LIMITADA,M7112 - Actividades de ingeniería y otras actividades conexas de consultoría técnica,03. SOCIEDAD LIMITADA,Dg Cl 71 A Bis No 20 69,BOGOTA D.C.,BOGOTA D.C.,Periodo Actual,299497334.0,240654044.0,58843290.0,425798.0,0.0,40595974.0,2316982.0,0.0,16356132,,,1496912.0,6914804.0,,,,,,,10938240,5052036.0,5886204,,5886204,2025,0.19647350183090445,0.05461194522686469,0.019653610672874973,9315860,-0.36815237669952106,M7112,Actividades de ingeniería y otras actividades conexas de consultoría técnica
Plenas-Separados,"Estado de resultado integral, resultado del periodo, por funcion de gasto",830515294,2025-12-31,GODOY CORDOBA ABOGADOS SAS,M6910 - Actividades jurídicas,08. SOCIEDAD POR ACCIONES SIMPLIFICADA SAS,CL 84 A 10 33 PI 5,BOGOTA D.C.,BOGOTA D.C.,Periodo Actual,78633152.0,0.0,78633152.0,0.0,0.0,71773142.0,2532551.0,0.0,4327459,0.0,0.0,639783.0,0.0,0.0,495588.0,0.0,0.0,0.0,0.0,5462830,1832297.0,3630533,0.0,3630533,2025,1.0,0.0550335181781852,0.04617051342415982,7217177,-0.4969594067043111,M6910,Actividades jurídicas
Plenas-Separados,"Estado de resultado integral, resultado del periodo, por funcion de gasto",832004332,2025-12-31,MINAS Y MINERALES SA,"G4661 - Comercio al por mayor de combustibles sólidos, líquidos, gaseosos y productos conexos",01. SOCIEDAD ANÓNIMA,CRA 10 8A 28,CUNDINAMARCA,ZIPAQUIRA-CUNDINAMARCA,Periodo Actual,180864435.0,152437726.0,28426709.0,1535880.0,32708081.0,6992286.0,1982096.0,0.0,-11719874,,,1154310.0,2958293.0,,,,,,,-13523857,-209562.0,-13314295,,-13314295,2025,0.15717135875828767,-0.06479921826532674,-0.07361477672489895,917549,-15.510718228672257,G4661,"Comercio al por mayor de combustibles sólidos, líquidos, gaseosos y productos conexos"
Plenas-Separados,"Estado de resultado integral, resultado del periodo, por funcion de gasto",832004501,2025-12-31,INTERCARBON MINING SAS,B0510 - Extracción de hulla (carbón de piedra),08. SOCIEDAD POR ACCIONES SIMPLIFICADA SAS,CRA 2 1 F - 237 LC 62,CUNDINAMARCA,UBATE-CUNDINAMARCA,Periodo Actual,18649697.0,32036399.0,-13386702.0,3134627.0,0.0,1189476.0,607284.0,0.0,-12048835,,,1001.0,27438.0,,280.0,,,,,-12074992,39135.0,-12114127,,-12114127,2025,-0.7177972918273149,-0.6460606303684183,-0.6495615987755726,-19496009,0.378635545357001,B0510,Extracción de hulla (carbón de piedra)
Plenas-Separados,"Estado de resultado integral, resultado del periodo, por funcion de gasto",832006599,2025-12-31,INZIGNIA CONSTRUCTION SA,F4210 - Construcción de carreteras y vías de ferrocarril,01. SOCIEDAD ANÓNIMA,Aut Norte Km 21 in olimpica,CUNDINAMARCA,CHIA-CUNDINAMARCA,Periodo Actual,251125924.0,101437120.0,149688804.0,83701881.0,0.0,26419034.0,62020153.0,0.0,144951498,,,,187228947.0,,,,,,,-42277449,5802432.0,-48079881,,-48079881,2025,0.5960706947961294,0.5772064297113347,-0.1914572587097778,49141143,-1.9784037990325134,F4210,Construcción de carreteras y vías de ferrocarril
Plenas-Separados,"Estado de resultado integral, resultado del periodo, por funcion de gasto",832010019,2025-12-31,COLUMBIA COAL COMPANY S A,B0510 - Extracción de hulla (carbón de piedra),01. SOCIEDAD ANÓNIMA,KR 7 74B 36 P 2,BOGOTA D.C.,BOGOTA D.C.,Periodo Actual,60758086.0,68722928.0,-7964842.0,783120.0,0.0,0.0,145114.0,0.0,-7326836,,,3850.0,287714.0,,9668.0,,,,,-7601032,-589574.0,-7011458,,-7011458,2025,-0.13109106169012633,-0.1205903029927572,-0.1153995864846697,1603736,-5.37195274035128,B0510,Extracción de hulla (carbón de piedra)
Plenas-Separados,"Estado de resultado integral, resultado del periodo, por funcion de gasto",840000922,2025-12-31,CI TOP SAS,G4610 - Comercio al por mayor a cambio de una retribución o por contrata,08. SOCIEDAD POR ACCIONES SIMPLIFICADA SAS,CALLE 25 NORTE AV 6 N 67 OF 401,VALLE,CALI-VALLE,Periodo Actual,303656542.0,290778107.0,12878435.0,7645060.0,11307264.0,3530742.0,326103.0,-783.0,5358603,,,283392.0,2474219.0,,3181.0,,,,,3170957,1270159.0,1900798,,1900798,2025,0.04241118902025829,0.017646920974289434,0.00625969718116595,-5696515,1.3336773448327617,G4610,Comercio al por mayor a cambio de una retribución o por contrata
Plenas-Separados,"Estado de resultado integral, resultado del periodo, por funcion de gasto",844000670,2025-12-31,MONTAJES JM SA,B0610 - Extracción de petróleo crudo,01. SOCIEDAD ANÓNIMA,AV 15  124 67 OF 617,BOGOTA D.C.,BOGOTA D.C.,Periodo Actual,29221563.0,36155835.0,-6934272.0,19710782.0,0.0,5755679.0,5803761.0,0.0,1217070,,,1358209.0,1053635.0,,,,,,,1521644,1816675.0,-295031,,-295031,2025,-0.23729983231903098,0.04164972284336741,-0.010096345633530965,3744886,-1.078782371479399,B0610,Extracción de petróleo crudo
Plenas-Separados,"Estado de resultado integral, resultado del periodo, por funcion de gasto",860000006,2025-12-31,TEAM FOODS COLOMBIA SA,C1032 - Elaboración de aceites y grasas de origen vegetal refinados,01. SOCIEDAD ANÓNIMA,CALLE 45 A SUR NO 56 - 21,BOGOTA D.C.,BOGOTA D.C.,Periodo Actual,1236583900.0,962743081.0,273840819.0,0.0,160352066.0,139738254.0,0.0,66056498.0,39806997,,,17997840.0,29397828.0,77778.0,,,,,7935819.0,36265050,15316405.0,20948645,,20948645,2025,0.22144944552488513,0.032191100822192495,0.016940738917917336,40465567,-0.48230936687480497,C1032,Elaboración de aceites y grasas de origen vegetal refinados
Plenas-Separados,"Estado de resultado integral, resultado del periodo, por funcion de gasto",860000537,2025-12-31,CHAID NEME HERMANOS S.A.,K6613 - Otras actividades relacionadas con el mercado de valores,01. SOCIEDAD ANÓNIMA,CR 7 26 20 P22,BOGOTA D.C.,BOGOTA D.C.,Periodo Actual,49545452.0,31955409.0,17590043.0,9741759.0,0.0,4110712.0,11232590.0,0.0,11988500,,,4016672.0,27702459.0,,,,,,,-11697287,486219.0,-12183506,,-12183506,2025,0.35502840906567973,0.24196973720211493,-0.24590563832175757,-32692989,0.6273358180862569,K6613,Otras actividades relacionadas con el mercado de valores
Plenas-Separados,"Estado de resultado integral, resultado del periodo, por funcion de gasto",860000656,2025-12-31,HMV INGENIEROS LTDA,M7112 - Actividades de ingeniería y otras actividades conexas de consultoría técnica,03. SOCIEDAD LIMITADA,Carrera 43 A 11 A 80,ANTIOQUIA,MEDELLIN-ANTIOQUIA,Periodo Actual,367408726.0,282138510.0,85270216.0,3852985.0,0.0,58672053.0,602695.0,0.0,29848453,0.0,0.0,9430494.0,11766408.0,0.0,8499748.0,0.0,0.0,0.0,0.0,36012287,9919322.0,26092965,0.0,26092965,2025,0.23208544045303922,0.08124045752794669,0.07101890388961529,15319930,0.703203931088458,M7112,Actividades de ingeniería y otras actividades conexas de consultoría técnica
Plenas-Separados,"Estado de resultado integral, resultado del periodo, por funcion de gasto",860000996,2025-12-31,RACAFE & CIA SCA,C1061 - Trilla de café,05. SOCIEDAD EN COMANDITA POR ACCIONES,CR 11 82 01 P. 5,BOGOTA D.C.,BOGOTA D.C.,Periodo Actual,2252104654.0,2079543415.0,172561239.0,2681198.0,28971448.0,58240481.0,1828833.0,0.0,86201675,,,2048676.0,39891769.0,,,,,,,48358582,18506199.0,29852383,,29852383,2025,0.07662221144719503,0.038276052068404454,0.01325532672159737,9440253,2.1622439568092084,C1061,Trilla de café
Plenas-Separados,"Estado de resultado integral, resultado del periodo, por funcion de gasto",860001022,2025-12-31,CASA EDITORIAL EL TIEMPO S A,"J5813 - Edición de periódicos, revistas y otras publicaciones periódicas",01. SOCIEDAD ANÓNIMA,Diagonal 44 68 B 65,BOGOTA D.C.,BOGOTA D.C.,Periodo Actual,210772684.0,120698802.0,90073882.0,1022111.0,92965715.0,27956613.0,366881.0,1736129.0,-28457087,,,2430050.0,8475865.0,,,,,,,-34502902,2804724.0,-37307626,,-37307626,2025,0.42735083261548257,-0.13501316422957352,-0.177004084646946,-29196958,-0.27779154252987587,J5813,"Edición de periódicos, revistas y otras publicaciones periódicas"
Plenas-Separados,"Estado de resultado integral, resultado del periodo, por funcion de gasto",860001300,2025-12-31,IGNACIO GOMEZ IHM SAS,"C2813 - Fabricación de otras bombas, compresores, grifos y válvulas",08. SOCIEDAD POR ACCIONES SIMPLIFICADA SAS,CR 42 BIS 17A 24,BOGOTA D.C.,BOGOTA D.C.,Periodo Actual,105440828.0,70355390.0,35085438.0,2308150.0,14914773.0,7950746.0,816868.0,0.0,13711201,,,4346504.0,3960144.0,,,,,,,14097561,5436038.0,8661523,,8661523,2025,0.3327500235487529,0.13003692459622945,0.08214581736782264,10678067,-0.18884916155704962,C2813,"Fabricación de otras bombas, compresores, grifos y válvulas"
Plenas-Separados,"Estado de resultado integral, resultado del periodo, por funcion de gasto",860001307,2025-12-31,DISTRIBUIDORA NISSAN S.A.,G4511 - Comercio de vehículos automotores nuevos,01. SOCIEDAD ANÓNIMA,CALLE 13 No. 50 - 69,BOGOTA D.C.,BOGOTA D.C.,Periodo Actual,1933817971.0,1526441091.0,407376880.0,81066842.0,289132999.0,37956913.0,3706127.0,0.0,157647683,,,38761194.0,81682710.0,,,,,,,114726167,42692240.0,72033927,,72033927,2025,0.21065937234482346,0.08152146963371042,0.037249590230434365,39315261,0.8322128651263437,G4511,Comercio de vehículos automotores nuevos
Plenas-Separados,"Estado de resultado integral, resultado del periodo, por funcion de gasto",860001317,2025-12-31,PUBLICAR PUBLICIDAD MULTIMEDIA SAS,M7310 - Publicidad,08. SOCIEDAD POR ACCIONES SIMPLIFICADA SAS,Av 68 No 75A 50 PISO 4,BOGOTA D.C.,BOGOTA D.C.,Periodo Actual,10949553.0,2752561.0,8196992.0,3723848.0,0.0,9771423.0,524399.0,0.0,1625018,,-508289.0,17638.0,15914008.0,,1924065.0,,,,,-12855576,-38349.0,-12817227,,-12817227,2025,0.7486143041638321,0.14840952868121648,-1.1705707986435612,-59424529,0.7843108356820128,M7310,Publicidad
Plenas-Separados,"Estado de resultado integral, resultado del periodo, por funcion de gasto",860001386,2025-12-31,JEN SA,"G4663 - Comercio al por mayor de materiales de construcción, artículos de ferretería, pinturas, productos de vidrio, equipo y materiales de fontanería y calefacción",01. SOCIEDAD ANÓNIMA,CRA 7 71 21 TO A PISO 13,BOGOTA D.C.,BOGOTA D.C.,Periodo Actual,32824575.0,21962319.0,10862256.0,103391.0,7930337.0,4146889.0,759833.0,0.0,-1871412,,,963805.0,555260.0,,87351.0,,,,,-1375516,-147531.0,-1227985,,-1227985,2025,0.3309184048841455,-0.05701252796113887,-0.037410537684037036,-3957115,0.6896766962799918,G4663,"Comercio al por mayor de materiales de construcción, artículos de ferretería, pinturas, productos de vidrio, equipo y materiales de fontanería y calefacción"
Plenas-Separados,"Estado de resultado integral, resultado del periodo, por funcion de gasto",860001474,2025-12-31,INVERCLINCO SAS,N8299 - Otras actividades de servicio de apoyo a las empresas n.c.p.,08. SOCIEDAD POR ACCIONES SIMPLIFICADA SAS,CR 18 82 39,BOGOTA D.C.,BOGOTA D.C.,Periodo Actual,0.0,0.0,0.0,0.0,0.0,6605302.0,2951120.0,0.0,-9556422,,,1223027.0,17735674.0,,58620956.0,,183424.0,,,32735311,12606661.0,20128650,,20128650,2025,,,,21255279,-0.05300466768749542,N8299,Otras actividades de servicio de apoyo a las empresas n.c.p.
Plenas-Separados,"Estado de resultado integral, resultado del periodo, por funcion de gasto",860001697,2025-12-31,GASEOSAS LUX S.A.S.,"C1104 - Elaboración de bebidas no alcohólicas, producción de aguas minerales y otras aguas embotelladas",08. SOCIEDAD POR ACCIONES SIMPLIFICADA SAS,CALLE 52 47-42 PISO 32,ANTIOQUIA,MEDELLIN-ANTIOQUIA,Periodo Actual,3450913186.0,1639957055.0,1810956131.0,0.0,1233647871.0,166331256.0,963108.0,0.0,410013896,0.0,0.0,1063096.0,74901697.0,455703.0,-48264051.0,0.0,0.0,0.0,0.0,287455541,118739578.0,168715963,0.0,168715963,2025,0.5247759168056916,0.11881315869184546,0.048890236846427584,135143749,0.24841854875581407,C1104,"Elaboración de bebidas no alcohólicas, producción de aguas minerales y otras aguas embotelladas"
Plenas-Separados,"Estado de resultado integral, resultado del periodo, por funcion de gasto",860001963,2025-12-31,PROTELA S.A,C1312 - Tejeduría de productos textiles,01. SOCIEDAD ANÓNIMA,TV 93 65 A 82,BOGOTA D.C.,BOGOTA D.C.,Periodo Actual,224305585.0,165207016.0,59098569.0,849274.0,19610639.0,26622201.0,0.0,2025582.0,15740585,0.0,0.0,2079201.0,13046585.0,0.0,0.0,0.0,0.0,0.0,0.0,4773201,1614201.0,3159000,0.0,3159000,2025,0.2634734618845982,0.07017473506065397,0.014083465643532684,626051,4.0459147896896575,C1312,Tejeduría de productos textiles
Plenas-Separados,"Estado de resultado integral, resultado del periodo, por funcion de gasto",860001965,2025-12-31,TEXTILES LAFAYETTE SAS,C1311 - Preparación e hilatura de fibras textiles,08. SOCIEDAD POR ACCIONES SIMPLIFICADA SAS,CL 15 No 72 -95,BOGOTA D.C.,BOGOTA D.C.,Periodo Actual,412591170.0,253098538.0,159492632.0,19290302.0,99971709.0,44242576.0,5838115.0,-2636711.0,26093823,,,766688.0,7045167.0,,-972439.0,,,,,18842905,4851544.0,13991361,,13991361,2025,0.3865633673158832,0.0632437747031765,0.03391095597125843,17634530,-0.2065929174182697,C1311,Preparación e hilatura de fibras textiles
Plenas-Separados,"Estado de resultado integral, resultado del periodo, por funcion de gasto",860001978,2025-12-31,CABARRIA IQA SAS,"G4664 - Comercio al por mayor de productos químicos básicos, cauchos y plásticos en formas primarias y productos químicos de uso agropecuario",08. SOCIEDAD POR ACCIONES SIMPLIFICADA SAS,MP CAJICA KM 6 PARQUE INDUSTRIAL EL CORTIJO LT 1,CUNDINAMARCA,CAJICA-CUNDINAMARCA,Periodo Actual,52123908.0,34639423.0,17484485.0,997719.0,6772438.0,4805743.0,919908.0,0.0,5984115,,,1682484.0,2248309.0,,199869.0,,,,,5618159,2249273.0,3368886,,3368886,2025,0.33544079235194724,0.11480557060303306,0.06463226049742855,2991346,0.12621074258878778,G4664,"Comercio al por mayor de productos químicos básicos, cauchos y plásticos en formas primarias y productos químicos de uso agropecuario"
Plenas-Separados,"Estado de resultado integral, resultado del periodo, por funcion de gasto",860002097,2025-12-31,SEISSA S.A,M7010 - Actividades de administración empresarial,01. SOCIEDAD ANÓNIMA,CARRERA 56 # 9 - 09 TORRE 1 PISO 5,BOGOTA D.C.,BOGOTA D.C.,Periodo Actual,0.0,0.0,0.0,4413130.0,0.0,3730526.0,0.0,0.0,682604,,,,,,221903907.0,,,,,222586511,249622.0,222336889,,222336889,2025,,,,90074934,1.4683547256332155,M7010,Actividades de administración empresarial
Plenas-Separados,"Estado de resultado integral, resultado del periodo, por funcion de gasto",860002120,2025-12-31,IBM DE COLOMBIA SAS,J6202 - Actividades de consultoría informática y actividades de administración de instalaciones informáticas,08. SOCIEDAD POR ACCIONES SIMPLIFICADA SAS,CR 11 98-07 P 5,BOGOTA D.C.,BOGOTA D.C.,Periodo Actual,756093996.0,548350967.0,207743029.0,1761683.0,136299726.0,30870434.0,274.0,0.0,42334278,0.0,0.0,5576129.0,22490376.0,0.0,0.0,,,,,25420031,36355383.0,-10935352,0.0,-10935352,2025,0.2747582047986531,0.05599076070430799,-0.014462953095583105,131164327,-1.0833713880146696,J6202,Actividades de consultoría informática y actividades de administración de instalaciones informáticas
Plenas-Separados,"Estado de resultado integral, resultado del periodo, por funcion de gasto",860002130,2025-12-31,NESTLE DE COLOMBIA S.A,C1089 - Elaboración de otros productos alimenticios n.c.p.,01. SOCIEDAD ANÓNIMA,CALLE 93 15 73,BOGOTA D.C.,BOGOTA D.C.,Periodo Actual,2258230091.0,1365602173.0,892627918.0,0.0,500771996.0,181622628.0,4067356.0,0.0,206165938,,,,67924272.0,,32600691.0,,,,,170842357,45526115.0,125316242,,125316242,2025,0.39527766526427,0.09129536393198297,0.05549312379612605,72675343,0.7243295569998204,C1089,Elaboración de otros productos alimenticios n.c.p.
Plenas-Separados,"Estado de resultado integral, resultado del periodo, por funcion de gasto",860002134,2025-12-31,ABBOTT LABORATORIES DE COLOMBIA SAS,"G4645 - Comercio al por mayor de productos farmacéuticos, medicinales, cosméticos y de tocador",08. SOCIEDAD POR ACCIONES SIMPLIFICADA SAS,CL 100 9A 45 T2 P14,BOGOTA D.C.,BOGOTA D.C.,Periodo Actual,1062993276.0,618987832.0,444005444.0,8347402.0,267068317.0,105437924.0,0.0,8742149.0,88588754,,,25020332.0,2262411.0,,7351292.0,,-96258804.0,,,22439163,13201092.0,9238071,,9238071,2025,0.4176935583927438,0.08333895989761651,0.008690620353463083,76371749,-0.879038111330932,G4645,"Comercio al por mayor de productos farmacéuticos, medicinales, cosméticos y de tocador"
Plenas-Separados,"Estado de resultado integral, resultado del periodo, por funcion de gasto",860002175,2025-12-31,SCHLUMBERGER SURENCO S.A.,B0910 - Actividades de apoyo para la extracción de petróleo y de gas natural,02. SUCURSAL EXTRANJERA,CALLE 100 13 21 P4,BOGOTA D.C.,BOGOTA D.C.,Periodo Actual,838666055.0,913708061.0,-75042006.0,0.0,0.0,7863981.0,0.0,0.0,-82905987,,,57495752.0,306426.0,,,,,,,-25716661,-85401462.0,59684801,,59684801,2025,-0.08947781486160186,-0.09885458759863602,0.07116634880375598,-187457461,1.3183911735580374,B0910,Actividades de apoyo para la extracción de petróleo y de gas natural
Plenas-Separados,"Estado de resultado integral, resultado del periodo, por funcion de gasto",860002274,2025-12-31,ETERNA S A,"C2023 - Fabricación de jabones y detergentes, preparados para limpiar y pulir; perfumes y preparados de tocador",01. SOCIEDAD ANÓNIMA,AC 26 57 83 ED T 7 OF 502,BOGOTA D.C.,BOGOTA D.C.,Periodo Actual,354072691.0,265449699.0,88622992.0,0.0,67061506.0,17572082.0,0.0,-1350927.0,2638477,,,66773465.0,49096715.0,19540118.0,6960492.0,,,,,7735601,25019823.0,-17284222,,-17284222,2025,0.2502960387871314,0.007451794693762474,-0.04881546202048099,-214495477,0.9194191773097388,C2023,"Fabricación de jabones y detergentes, preparados para limpiar y pulir; perfumes y preparados de tocador"
Plenas-Separados,"Estado de resultado integral, resultado del periodo, por funcion de gasto",860002291,2025-12-31,EMPRESA COLOMBIANA DE CABLES SAS,C2410 - Industrias básicas de hierro y de acero,08. SOCIEDAD POR ACCIONES SIMPLIFICADA SAS,KM 5.5 VIA CAJICA ZIPAQUIRA,CUNDINAMARCA,CAJICA-CUNDINAMARCA,Periodo Actual,84954967.0,65153653.0,19801314.0,3802947.0,6545362.0,8873259.0,263970.0,0.0,7921670,,,3616708.0,813822.0,,,1537078.0,,,,12261634,4221606.0,8040028,,8040028,2025,0.23308012114229884,0.09324551912309023,0.09463870429141595,-1870406,5.2985469464918316,C2410,Industrias básicas de hierro y de acero
Plenas-Separados,"Estado de resultado integral, resultado del periodo, por funcion de gasto",860002304,2025-12-31,GENERAL MOTORS COLMOTORES S.A.,C2910 - Fabricación de vehículos automotores y sus motores,01. SOCIEDAD ANÓNIMA,Calle 56 A Sur 36 A 09,BOGOTA D.C.,BOGOTA D.C.,Periodo Actual,2305169353.0,2081796612.0,223372741.0,29668009.0,136526356.0,93809154.0,0.0,0.0,22705240,,,,142897564.0,,417712.0,,,,,-119774612,,-119774612,,-119774612,2025,0.09690079416911283,0.00984970582332742,-0.05195913777186157,-769318240,0.8443107081407559,C2910,Fabricación de vehículos automotores y sus motores
Plenas-Separados,"Estado de resultado integral, resultado del periodo, por funcion de gasto",860002455,2025-12-31,BARNES DE COLOMBIA SAS,"C2813 - Fabricación de otras bombas, compresores, grifos y válvulas",08. SOCIEDAD POR ACCIONES SIMPLIFICADA SAS,AUT MEDELLIN KM 7 COSTADO OCCIDENTAL BG 86 Y 93 CELTA TRADE PARK,CUNDINAMARCA,FUNZA-CUNDINAMARCA,Periodo Actual,102289073.0,72201448.0,30087625.0,9688653.0,11733485.0,6080490.0,2224795.0,0.0,19737508,,,5197192.0,9924396.0,,0.0,,,,,15010304,4728045.0,10282259,,10282259,2025,0.29414309972288044,0.19295812759980727,0.10052157770556783,6774164,0.5178639017301618,C2813,"Fabricación de otras bombas, compresores, grifos y válvulas"
Plenas-Separados,"Estado de resultado integral, resultado del periodo, por funcion de gasto",860002519,2025-12-31,Allianz Colombia S.A,M7010 - Actividades de administración empresarial,01. SOCIEDAD ANÓNIMA,CRA 13A No 29-24,BOGOTA D.C.,BOGOTA D.C.,Periodo Actual,0.0,0.0,0.0,0.0,0.0,822506.0,147845.0,0.0,-970351,0.0,0.0,275515.0,0.0,0.0,71254583.0,0.0,0.0,0.0,0.0,70559747,,70559747,,70559747,2025,,,,89856683,-0.21475237406660114,M7010,Actividades de administración empresarial
Plenas-Separados,"Estado de resultado integral, resultado del periodo, por funcion de gasto",860002536,2025-12-31,COMPAÑÍA COLOMBIANA DE CERAMICA S.A.S,C2393 - Fabricación de otros productos de cerámica y porcelana,08. SOCIEDAD POR ACCIONES SIMPLIFICADA SAS,Cll 100 N 8A 55 Tr C Piso 9,BOGOTA D.C.,BOGOTA D.C.,Periodo Actual,1568746615.0,1040921696.0,527824919.0,0.0,283724054.0,187240557.0,0.0,60920957.0,117781265,,,3176093.0,65745140.0,,-28704179.0,,,,,26508039,17089791.0,9418248,,9418248,2025,0.3364628257699858,0.07507985284162669,0.006003677018292721,-77022009,1.1222799576676843,C2393,Fabricación de otros productos de cerámica y porcelana
Plenas-Separados,"Estado de resultado integral, resultado del periodo, por funcion de gasto",860002553,2025-12-31,COMESTIBLES LA  ROSA S.A,C1051 - Elaboración de productos de molinería,01. SOCIEDAD ANÓNIMA,CALLE 93 15 73,BOGOTA D.C.,BOGOTA D.C.,Periodo Actual,101656937.0,96985201.0,4671736.0,0.0,0.0,11408228.0,997790.0,0.0,-7734282,,,,283296.0,,1835227.0,,,,,-6182351,-1031172.0,-5151179,,-5151179,2025,0.04595589969428254,-0.07608218610796821,-0.05067218383729189,3875491,-2.329168097668141,C1051,Elaboración de productos de molinería
Plenas-Separados,"Estado de resultado integral, resultado del periodo, por funcion de gasto",860002585,2025-12-31,GRANITOS Y MARMOLES SAS,G4690 - Comercio al por mayor no especializado,08. SOCIEDAD POR ACCIONES SIMPLIFICADA SAS,CARRERA 73 # 60A-41 SUR,BOGOTA D.C.,BOGOTA D.C.,Periodo Actual,107820360.0,69052325.0,38768035.0,630391.0,22293684.0,7246534.0,1763356.0,0.0,8094852,,,15953.0,6449696.0,,-3297857.0,,,,,-1636748,1020968.0,-2657716,,-2657716,2025,0.359561357428226,0.07507721176223117,-0.024649481786185836,2115783,-2.25613827126884,G4690,Comercio al por mayor no especializado
Plenas-Separados,"Estado de resultado integral, resultado del periodo, por funcion de gasto",860002590,2025-12-31,BRENNTAG COLOLMBIA S.A.,"G4664 - Comercio al por mayor de productos químicos básicos, cauchos y plásticos en formas primarias y productos químicos de uso agropecuario",01. SOCIEDAD ANÓNIMA,Carrera 15 NO. 93 A 84 Oficina 606,BOGOTA D.C.,BOGOTA D.C.,Periodo Actual,688015280.0,562441867.0,125573413.0,23724891.0,105699477.0,16817377.0,0.0,0.0,26781450,,,,11304386.0,,-1435880.0,,,,,14041184,10218536.0,3822648,,3822648,2025,0.18251544209890222,0.03892566165100287,0.005556051022587754,1739757,1.1972309926041396,G4664,"Comercio al por mayor de productos químicos básicos, cauchos y plásticos en formas primarias y productos químicos de uso agropecuario"
Plenas-Separados,"Estado de resultado integral, resultado del periodo, por funcion de gasto",860002688,2025-12-31,ORGANIZACION CORONA S.A,"K6499 - Otras actividades de servicio financiero, excepto las de seguros y pensiones n.c.p.",01. SOCIEDAD ANÓNIMA,CALLE 100  8A  55 TC  PISO 9,BOGOTA D.C.,BOGOTA D.C.,Periodo Actual,25681050.0,0.0,25681050.0,0.0,0.0,26238548.0,7530285.0,0.0,-8087783,,,11422697.0,36504464.0,,,,305597777.0,,,272428227,-1523000.0,273951227,,273951227,2025,1.0,-0.3149319439820412,10.667446502382107,142419556,0.923550632330296,K6499,"Otras actividades de servicio financiero, excepto las de seguros y pensiones n.c.p."
Plenas-Separados,"Estado de resultado integral, resultado del periodo, por funcion de gasto",860003168,2025-12-31,IMOCOM SAS,"G4799 - Otros tipos de comercio al por menor no realizado en establecimientos, puestos de venta o mercados",08. SOCIEDAD POR ACCIONES SIMPLIFICADA SAS,CL 15A 69 90,BOGOTA D.C.,BOGOTA D.C.,Periodo Actual,48944077.0,34269284.0,14674793.0,2213869.0,8716044.0,1406763.0,2119856.0,0.0,4645999,,,433047.0,4814814.0,,,-10941818.0,,,,-10677586,317095.0,-10994681,,-10994681,2025,0.2998277605684545,0.09492464226059467,-0.22463762060524708,-8821224,-0.2463895033160931,G4799,"Otros tipos de comercio al por menor no realizado en establecimientos, puestos de venta o mercados"
Plenas-Separados,"Estado de resultado integral, resultado del periodo, por funcion de gasto",860003829,2025-12-31,VARDI INVERSIONES SA,L6810 - Actividades inmobiliarias realizadas con bienes propios o arrendados,01. SOCIEDAD ANÓNIMA,CALLE 13 N 50-69,BOGOTA D.C.,BOGOTA D.C.,Periodo Actual,6565292.0,50144.0,6515148.0,1743045.0,656054.0,1314854.0,15038.0,0.0,6272247,,,165481.0,293038.0,,,,,,,6144690,1669338.0,4475352,,4475352,2025,0.9923622589825403,0.9553645138708226,0.6816683858082778,4703946,-0.048596221130089504,L6810,Actividades inmobiliarias realizadas con bienes propios o arrendados
Plenas-Separados,"Estado de resultado integral, resultado del periodo, por funcion de gasto",860003831,2025-12-31,PRODUCTOS RAMO SAS,C1081 - Elaboración de productos de panadería,08. SOCIEDAD POR ACCIONES SIMPLIFICADA SAS,Avenida Calle 116 7 15 Interior 2 oficina 1502,BOGOTA D.C.,BOGOTA D.C.,Periodo Actual,820625433.0,490050746.0,330574687.0,3621959.0,242794467.0,58650015.0,10106826.0,0.0,22645338,,,3904647.0,18956978.0,,7980225.0,,,,,15573232,4329649.0,11243583,,11243583,2025,0.40283261242769697,0.02759521834122828,0.01370123633494552,13345332,-0.15748945024372568,C1081,Elaboración de productos de panadería
Plenas-Separados,"Estado de resultado integral, resultado del periodo, por funcion de gasto",860004902,2025-12-31,PROVEEDORA DE PAPELES ANDINA S.A.S.,G4669 - Comercio al por mayor de otros productos n.c.p.,08. SOCIEDAD POR ACCIONES SIMPLIFICADA SAS,CRA 21 # 10-300,VALLE,YUMBO-VALLE,Periodo Actual,42779810.0,32167240.0,10612570.0,93342.0,7177305.0,2666141.0,393308.0,7295.0,476453,0.0,0.0,66296.0,572551.0,0.0,,3569.0,0.0,0.0,0.0,-26233,289984.0,-316217,0.0,-316217,2025,0.24807426680950664,0.011137333242012996,-0.00739173455889589,-3057436,0.8965744499639567,G4669,Comercio al por mayor de otros productos n.c.p.
Plenas-Separados,"Estado de resultado integral, resultado del periodo, por funcion de gasto",860004922,2025-12-31,PRODUCTOS NATURALES DE LA SABANA S.A.S BIC,C1040 - Elaboración de productos lácteos,08. SOCIEDAD POR ACCIONES SIMPLIFICADA SAS,KM 5 VIA CAJICA - TABIO,CUNDINAMARCA,CAJICA-CUNDINAMARCA,Periodo Actual,1456493390.0,919527019.0,536966371.0,0.0,337822932.0,100913065.0,0.0,11964310.0,110194684,,,3376929.0,67797377.0,,-1481572.0,,,,,44292664,13261060.0,31031604,,31031604,2025,0.3686706542485579,0.07565752426792682,0.021305695043353407,-8475440,4.661356106585616,C1040,Elaboración de productos lácteos
Plenas-Separados,"Estado de resultado integral, resultado del periodo, por funcion de gasto",860005050,2025-12-31,MEXICHEM COLOMBIA SAS,C2229 - Fabricación de artículos de plástico n.c.p.,08. SOCIEDAD POR ACCIONES SIMPLIFICADA SAS,AUTOPISTA SUR 71 75,BOGOTA D.C.,BOGOTA D.C.,Periodo Actual,736656216.0,528763427.0,207892789.0,9491822.0,95427387.0,81583517.0,824393.0,35134.0,39584448,,,4205592.0,1857094.0,,2247887.0,,,,,44180833,16249293.0,27931540,,27931540,2025,0.2822114094534431,0.05373530710830247,0.03791665554886189,36430706,-0.2332967689399157,C2229,Fabricación de artículos de plástico n.c.p.
Plenas-Separados,"Estado de resultado integral, resultado del periodo, por funcion de gasto",860005060,2025-12-31,PROMOTORA DE PUBLICIDAD RADIAL S.A.S,J6010 - Actividades de programación y transmisión en el servicio de radiodifusión sonora,08. SOCIEDAD POR ACCIONES SIMPLIFICADA SAS,CALLE 67 7-37,BOGOTA D.C.,BOGOTA D.C.,Periodo Actual,1279830.0,0.0,1279830.0,0.0,0.0,1088675.0,0.0,0.0,191155,,,8955.0,,,,,,,,200110,70906.0,129204,,129204,2025,1.0,0.14935968058257737,0.10095403295750217,119812,0.0783894768470604,J6010,Actividades de programación y transmisión en el servicio de radiodifusión sonora
Plenas-Separados,"Estado de resultado integral, resultado del periodo, por funcion de gasto",860005080,2025-12-31,THOMAS GREG & SONS DE COLOMBIA S.A,C1811 - Actividades de impresión,01. SOCIEDAD ANÓNIMA,CARRERA 42 BIS 17 A 75,BOGOTA D.C.,BOGOTA D.C.,Periodo Actual,212019376.0,154641333.0,57378043.0,0.0,0.0,32937410.0,4862286.0,-1100745.0,18477602,0.0,0.0,0.0,3145086.0,0.0,968580.0,0.0,0.0,0.0,0.0,16301096,8891209.0,7409887,0.0,7409887,2025,0.2706264119935906,0.08715053476999196,0.03494910295368476,3637711,1.0369641788476325,C1811,Actividades de impresión
Plenas-Separados,"Estado de resultado integral, resultado del periodo, por funcion de gasto",860005224,2025-12-31,BAVARIA & CIA S.C.A,"C1103 - Producción de malta, elaboración de cervezas y otras bebidas malteadas",05. SOCIEDAD EN COMANDITA POR ACCIONES,CRA 53 A 127 - 35,BOGOTA D.C.,BOGOTA D.C.,Periodo Actual,7503286675.0,3455399295.0,4047887380.0,0.0,308305402.0,1324837695.0,0.0,181069684.0,2595813967,,,22199434.0,823377042.0,,1833824999.0,,,,,3628461358,288344879.0,3340116479,,3340116479,2025,0.539481903775188,0.34595692253754917,0.445153787090242,2306254715,0.4482860272439595,C1103,"Producción de malta, elaboración de cervezas y otras bebidas malteadas"
Plenas-Separados,"Estado de resultado integral, resultado del periodo, por funcion de gasto",860005265,2025-12-31,GASEOSAS COLOMBIANAS S.A.S,"C1104 - Elaboración de bebidas no alcohólicas, producción de aguas minerales y otras aguas embotelladas",08. SOCIEDAD POR ACCIONES SIMPLIFICADA SAS,CALLE 52 N 47 42,ANTIOQUIA,MEDELLIN-ANTIOQUIA,Periodo Actual,164414461.0,66043879.0,98370582.0,1524396.0,55041329.0,13665459.0,229307.0,0.0,30958883,,,216869.0,929644.0,56173.0,-15448750.0,,,,,14741185,10482961.0,4258224,,4258224,2025,0.5983085757888413,0.18829781037326151,0.025899327675319266,3240320,0.3141368753703338,C1104,"Elaboración de bebidas no alcohólicas, producción de aguas minerales y otras aguas embotelladas"
Plenas-Separados,"Estado de resultado integral, resultado del periodo, por funcion de gasto",860005986,2025-12-31,ICEIN INGENIEROS CONSTRUCTORES SAS,F4210 - Construcción de carreteras y vías de ferrocarril,08. SOCIEDAD POR ACCIONES SIMPLIFICADA SAS,CLL 100 8A 49 TB OFC 919,BOGOTA D.C.,BOGOTA D.C.,Periodo Actual,66783069.0,47033891.0,19749178.0,614723.0,0.0,4914494.0,3267963.0,0.0,12181444,,,,9560623.0,,,,,,,2620821,77833.0,2542988,,2542988,2025,0.29572133020721164,0.18240317766768102,0.038078333896275414,1739131,0.462217624779272,F4210,Construcción de carreteras y vías de ferrocarril
Plenas-Separados,"Estado de resultado integral, resultado del periodo, por funcion de gasto",860006160,2025-12-31,PLASTILENE SAS,C2229 - Fabricación de artículos de plástico n.c.p.,08. SOCIEDAD POR ACCIONES SIMPLIFICADA SAS,CR 4 58 66 ZN INDUSTRIAL CAZUCA EN 1,CUNDINAMARCA,SOACHA-CUNDINAMARCA,Periodo Actual,353343533.0,295568024.0,57775509.0,3508620.0,23359447.0,19702823.0,1285243.0,0.0,16936616,,,4113378.0,9625501.0,,,,,,,11424493,5774771.0,5649722,,5649722,2025,0.1635108714441931,0.0479324352032219,0.01598931768195118,4169835,0.3549030117498654,C2229,Fabricación de artículos de plástico n.c.p.
Plenas-Separados,"Estado de resultado integral, resultado del periodo, por funcion de gasto",860006282,2025-12-31,HB ESTRUCTURAS METALICAS SAS,F4290 - Construcción de otras obras de ingeniería civil,08. SOCIEDAD POR ACCIONES SIMPLIFICADA SAS,AV CRA 129 N 17F 97,BOGOTA D.C.,BOGOTA D.C.,Periodo Actual,166876581.0,151133433.0,15743148.0,1141831.0,173927.0,5122585.0,40308.0,0.0,11548159,,,3373678.0,3181962.0,,,,8082992.0,,,19822867,4502821.0,15320046,,15320046,2025,0.09434006800510852,0.06920179530763516,0.09180464932943466,8238002,0.8596798107113837,F4290,Construcción de otras obras de ingeniería civil
Plenas-Separados,"Estado de resultado integral, resultado del periodo, por funcion de gasto",860006333,2025-12-31,Yara Colombia SA,C2012 - Fabricación de abonos y compuestos inorgánicos nitrogenados,01. SOCIEDAD ANÓNIMA,Zona Industrial Mamonal KM 11,BOLIVAR,CARTAGENA-BOLIVAR,Periodo Actual,1873583779.0,1503375787.0,370207992.0,4543677.0,98748233.0,81922199.0,44272949.0,-2714847.0,147093441,0.0,0.0,30701749.0,37179648.0,0.0,38528807.0,0.0,0.0,0.0,0.0,179144349,63697200.0,115447149,0.0,115447149,2025,0.19759350830716174,0.07850913455202368,0.061618354243875,63048055,0.8310977079308791,C2012,Fabricación de abonos y compuestos inorgánicos nitrogenados
Plenas-Separados,"Estado de resultado integral, resultado del periodo, por funcion de gasto",860007590,2025-12-31,COMUNICAN S.A.,M7310 - Publicidad,01. SOCIEDAD ANÓNIMA,CALLE 103 69B 43 TO 5,BOGOTA D.C.,BOGOTA D.C.,Periodo Actual,31732513.0,26680243.0,5052270.0,1392892.0,21590892.0,5807559.0,300256.0,0.0,-21253545,,,294281.0,1066601.0,,,,,,,-22025865,12255.0,-22038120,,-22038120,2025,0.15921430489920543,-0.6697718834937529,-0.6944965247473467,-22759487,0.03169522230443946,M7310,Publicidad
Plenas-Separados,"Estado de resultado integral, resultado del periodo, por funcion de gasto",860007668,2025-12-31,ALAMBRES Y MALLAS SAS,C2410 - Industrias básicas de hierro y de acero,08. SOCIEDAD POR ACCIONES SIMPLIFICADA SAS,KR 68 D No 39 f 58 sur,BOGOTA D.C.,BOGOTA D.C.,Periodo Actual,154642612.0,141857695.0,12784917.0,7630179.0,3390094.0,11396520.0,146652.0,0.0,5481830,,,1174556.0,3004304.0,,2246202.0,,,,,5898284,1647426.0,4250858,0.0,4250858,2025,0.08267395923188364,0.035448379519094,0.027488270826672274,10627169,-0.6000009033450019,C2410,Industrias básicas de hierro y de acero
Plenas-Separados,"Estado de resultado integral, resultado del periodo, por funcion de gasto",860007955,2025-12-31,GRADEZCO LTDA,"C2023 - Fabricación de jabones y detergentes, preparados para limpiar y pulir; perfumes y preparados de tocador",03. SOCIEDAD LIMITADA,CL 81 No. 11 - 68 OF 503,BOGOTA D.C.,BOGOTA D.C.,Periodo Actual,1309283201.0,897622395.0,411660806.0,6114475.0,217518841.0,61947135.0,12796990.0,0.0,125512315,,,23513546.0,65786847.0,,,689465.0,,,,83928479,30360711.0,53567768,,53567768,2025,0.31441693110060764,0.09586338150839835,0.040913812961997975,57533731,-0.06893283176785459,C2023,"Fabricación de jabones y detergentes, preparados para limpiar y pulir; perfumes y preparados de tocador"
Plenas-Separados,"Estado de resultado integral, resultado del periodo, por funcion de gasto",860008018,2025-12-31,ESTUDIOS TECNICOS SAS,M7112 - Actividades de ingeniería y otras actividades conexas de consultoría técnica,08. SOCIEDAD POR ACCIONES SIMPLIFICADA SAS,CRA 100 N 25C 11,BOGOTA D.C.,BOGOTA D.C.,Periodo Actual,334645875.0,283607116.0,51038759.0,418121.0,0.0,10191782.0,4482478.0,0.0,36782620,,,13260647.0,9483228.0,,,,,,-19373.0,40540666,12902624.0,27638042,,27638042,2025,0.15251572725945,0.10991505572868633,0.08258892179680984,30151288,-0.08335451540245975,M7112,Actividades de ingeniería y otras actividades conexas de consultoría técnica
Plenas-Separados,"Estado de resultado integral, resultado del periodo, por funcion de gasto",860008278,2025-12-31,DEFINA SAS,"K6499 - Otras actividades de servicio financiero, excepto las de seguros y pensiones n.c.p.",08. SOCIEDAD POR ACCIONES SIMPLIFICADA SAS,CALLE 100  8A  55    TC  PISO 9,BOGOTA D.C.,BOGOTA D.C.,Periodo Actual,425171.0,0.0,425171.0,0.0,0.0,36435.0,250000.0,0.0,138736,,,,,,,,,,,138736,4313.0,134423,,134423,2025,1.0,0.326306356736466,0.31616220297245107,322727,-0.5834776761783179,K6499,"Otras actividades de servicio financiero, excepto las de seguros y pensiones n.c.p."
Plenas-Separados,"Estado de resultado integral, resultado del periodo, por funcion de gasto",860008355,2025-12-31,GREY COLOMBIA S.A.S.,M7310 - Publicidad,08. SOCIEDAD POR ACCIONES SIMPLIFICADA SAS,Av Cra 9 No. 101 - 67 Piso 2,BOGOTA D.C.,BOGOTA D.C.,Periodo Actual,6429132.0,2124343.0,4304789.0,0.0,0.0,5553983.0,0.0,230009.0,-1019185,,,188372.0,,,7912406.0,,,,,7081593,-145484.0,7227077,,7227077,2025,0.6695754574645535,-0.1585260654159846,1.1241139550408983,14508173,-0.5018616747953033,M7310,Publicidad
Plenas-Separados,"Estado de resultado integral, resultado del periodo, por funcion de gasto",860008414,2025-12-31,PROMIM SAS,"K6499 - Otras actividades de servicio financiero, excepto las de seguros y pensiones n.c.p.",08. SOCIEDAD POR ACCIONES SIMPLIFICADA SAS,CALLE 100  8A  55    TC  PISO 9,BOGOTA D.C.,BOGOTA D.C.,Periodo Actual,294443.0,0.0,294443.0,0.0,0.0,33995.0,250000.0,0.0,10448,,,,,,,,,,,10448,2963.0,7485,,7485,2025,1.0,0.035483947657101715,0.025420879423182077,-126231,1.059296052475224,K6499,"Otras actividades de servicio financiero, excepto las de seguros y pensiones n.c.p."
Plenas-Separados,"Estado de resultado integral, resultado del periodo, por funcion de gasto",860008448,2025-12-31,MEALS MERCADEO DE ALIMENTOS DE COLOMBIA S.A.S.,C1040 - Elaboración de productos lácteos,08. SOCIEDAD POR ACCIONES SIMPLIFICADA SAS,Calle 98 #70-90,CUNDINAMARCA,BOGOTA D.C.,Periodo Actual,597066167.0,345525648.0,251540519.0,0.0,169496337.0,36344317.0,0.0,5534456.0,51234321,0.0,0.0,31024382.0,110465905.0,0.0,75870750.0,0.0,0.0,0.0,0.0,47663548,-10284246.0,57947794,-62899.0,57884895,2025,0.4212942097588323,0.08581012261577367,0.09694887802945967,33141622,0.7465920949795396,C1040,Elaboración de productos lácteos
Plenas-Separados,"Estado de resultado integral, resultado del periodo, por funcion de gasto",860009626,2025-12-31,HORIZONTE EMISORA COLOMBIANA SAS,J6010 - Actividades de programación y transmisión en el servicio de radiodifusión sonora,08. SOCIEDAD POR ACCIONES SIMPLIFICADA SAS,CL 37 13 A 19,BOGOTA D.C.,BOGOTA D.C.,Periodo Actual,527423.0,0.0,527423.0,0.0,0.0,115701.0,1285.0,0.0,410437,,,4.0,890.0,,49013.0,,,,,458564,162125.0,296439,,296439,2025,1.0,0.7781932149337439,0.5620517118138572,273886,0.0823444790898403,J6010,Actividades de programación y transmisión en el servicio de radiodifusión sonora
Plenas-Separados,"Estado de resultado integral, resultado del periodo, por funcion de gasto",860009808,2025-12-31,Holcim (Colombia) S A,"C2394 - Fabricación de cemento, cal y yeso",01. SOCIEDAD ANÓNIMA,Cll 113  7 45  piso 12 torre B Of 1201,BOGOTA D.C.,BOGOTA D.C.,Periodo Actual,1091268359.0,866430768.0,224837591.0,0.0,91876122.0,53150141.0,10698354.0,0.0,69112974,,,4523819.0,29731751.0,,912048.0,,,,,44817090,22006836.0,22810254,,22810254,2025,0.2060332723346192,0.0633327021992397,0.020902515693667245,81075356,-0.7186536683230845,C2394,"Fabricación de cemento, cal y yeso"
Plenas-Separados,"Estado de resultado integral, resultado del periodo, por funcion de gasto",860010192,2025-12-31,PRODUCTORA DE GELATINA S.A.S ,C2029 - Fabricación de otros productos químicos n.c.p.,08. SOCIEDAD POR ACCIONES SIMPLIFICADA SAS,PARQUE INDUSTRIAL JUANCHITO MANIZALES SECTOR MALTERIA ,CALDAS,MANIZALES-CALDAS,Periodo Actual,109264644.0,80012982.0,29251662.0,2761673.0,801351.0,10139169.0,180116.0,0.0,20892699,,,,2554499.0,,655422.0,,,,,18993622,5440060.0,13553562,,13553562,2025,0.2677138819030976,0.191211889181646,0.12404343714330868,10204725,0.3281653351756172,C2029,Fabricación de otros productos químicos n.c.p.
Plenas-Separados,"Estado de resultado integral, resultado del periodo, por funcion de gasto",860012340,2025-12-31,FRACO S.A.,"C2930 - Fabricación de partes, piezas (autopartes) y accesorios (lujos) para vehículos automotores",01. SOCIEDAD ANÓNIMA,Cra 65 B 13 50,BOGOTA D.C.,BOGOTA D.C.,Periodo Actual,57346947.0,32109401.0,25237546.0,445780.0,10121648.0,5793232.0,743821.0,0.0,9024625,,,1417112.0,3382013.0,,6725149.0,,,,,13784873,3620000.0,10164873,,10164873,2025,0.4400852585927547,0.1573688831246762,0.17725220838696087,14325946,-0.2904571188527445,C2930,"Fabricación de partes, piezas (autopartes) y accesorios (lujos) para vehículos automotores"
Plenas-Separados,"Estado de resultado integral, resultado del periodo, por funcion de gasto",860013771,2025-12-31,AJOVER DARNEL SAS,C2229 - Fabricación de artículos de plástico n.c.p.,08. SOCIEDAD POR ACCIONES SIMPLIFICADA SAS,CALLE 65 BIS 91 82,BOGOTA D.C.,BOGOTA D.C.,Periodo Actual,1343884820.0,887535020.0,456349800.0,406484.0,280060849.0,121739217.0,0.0,0.0,54956218,,,,560100.0,,49332901.0,,,,,103729019,22581166.0,81147853,,81147853,2025,0.33957508352538723,0.04089354770745904,0.060383041606199554,29121225,1.7865535532931736,C2229,Fabricación de artículos de plástico n.c.p.
Plenas-Separados,"Estado de resultado integral, resultado del periodo, por funcion de gasto",860014923,2025-12-31,CARACOL S.A,J6010 - Actividades de programación y transmisión en el servicio de radiodifusión sonora,01. SOCIEDAD ANÓNIMA,CALLE 67 7 -37,BOGOTA D.C.,BOGOTA D.C.,Periodo Actual,216533937.0,0.0,216533937.0,0.0,11557015.0,213437525.0,0.0,0.0,-8460603,,,,9204448.0,,,,,,,-17665051,-4289334.0,-13375717,,-13375717,2025,1.0,-0.03907287290490636,-0.06177191984460154,-7108737,-0.8815883890485751,J6010,Actividades de programación y transmisión en el servicio de radiodifusión sonora
Plenas-Separados,"Estado de resultado integral, resultado del periodo, por funcion de gasto",860015826,2025-12-31,MAYATUR SAS,N7911 - Actividades de las agencias de viaje,08. SOCIEDAD POR ACCIONES SIMPLIFICADA SAS,AV 19 No 4-48 INT 1,BOGOTA D.C.,BOGOTA D.C.,Periodo Actual,4852990.0,1217720.0,3635270.0,355716.0,2014903.0,450831.0,359775.0,0.0,1165477,,,,,,,,,,,1165477,479199.0,686278,,686278,2025,0.7490784032112162,0.24015648084995023,0.1414134379011702,963884,-0.2880076855721228,N7911,Actividades de las agencias de viaje
Plenas-Separados,"Estado de resultado integral, resultado del periodo, por funcion de gasto",860016767,2025-12-31,Envases Puros International S.A.S.,"C1702 - Fabricación de papel y cartón ondulado (corrugado); fabricación de envases, empaques y de embalajes de papel y cartón",08. SOCIEDAD POR ACCIONES SIMPLIFICADA SAS,Cra 62 No. 17-90,BOGOTA D.C.,BOGOTA D.C.,Periodo Actual,57256716.0,38679265.0,18577451.0,428500.0,8976383.0,7221923.0,280329.0,0.0,2527316,,,1323826.0,1356621.0,,4652992.0,,,,,7147513,2658822.0,4488691,,4488691,2025,0.32445889841114883,0.04414007956725985,0.07839588634458183,12302331,-0.6351349187401965,C1702,"Fabricación de papel y cartón ondulado (corrugado); fabricación de envases, empaques y de embalajes de papel y cartón"
Plenas-Separados,"Estado de resultado integral, resultado del periodo, por funcion de gasto",860017055,2025-12-31,PRODUCTOS ALIMENTICIOS DORIA S.A.S,"C1083 - Elaboración de macarrones, fideos, alcuzcuz y productos farináceos similares",08. SOCIEDAD POR ACCIONES SIMPLIFICADA SAS,"KM 5,6 TRONCAL OCCIDENTE",CUNDINAMARCA,MOSQUERA-CUNDINAMARCA,Periodo Actual,467897077.0,297422415.0,170474662.0,0.0,57896655.0,27234969.0,0.0,-2638670.0,82704368,0.0,0.0,5449732.0,48953409.0,0.0,20632019.0,0.0,0.0,0.0,0.0,59832710,14455220.0,45377490,-6230702.0,39146788,2025,0.36434222477521483,0.17675760774201202,0.08366538267560068,32873436,0.19083347417653573,C1083,"Elaboración de macarrones, fideos, alcuzcuz y productos farináceos similares"
Plenas-Separados,"Estado de resultado integral, resultado del periodo, por funcion de gasto",860020058,2025-12-31,DISTRIBUIDORA TOYOTA SAS,G4511 - Comercio de vehículos automotores nuevos,08. SOCIEDAD POR ACCIONES SIMPLIFICADA SAS,AV CRA 70 N 102 -02,BOGOTA D.C.,BOGOTA D.C.,Periodo Actual,1225971956.0,1036391480.0,189580476.0,0.0,89107391.0,22459180.0,0.0,17623827.0,95637732,,,1527761.0,18426335.0,2295011.0,,,,,,76444147,27511920.0,48932227,,48932227,2025,0.15463687817015612,0.07800972243446652,0.03991300678659243,46062710,0.062295878813903915,G4511,Comercio de vehículos automotores nuevos
Plenas-Separados,"Estado de resultado integral, resultado del periodo, por funcion de gasto",860020246,2025-12-31,VICAR FARMACEUTICA S A,"C2100 - Fabricación de productos farmacéuticos, sustancias químicas medicinales y productos botánicos de uso farmacéutico",01. SOCIEDAD ANÓNIMA,CALLE 17A N 68 82,BOGOTA D.C.,BOGOTA D.C.,Periodo Actual,132199284.0,86198352.0,46000932.0,154920.0,21434132.0,15742758.0,0.0,0.0,8978962,,,,5255597.0,,,,,,,3723365,1277944.0,2445421,,2445421,2025,0.34796657446344414,0.0679198988702541,0.018497989747054907,1042727,1.345216916796055,C2100,"Fabricación de productos farmacéuticos, sustancias químicas medicinales y productos botánicos de uso farmacéutico"
Plenas-Separados,"Estado de resultado integral, resultado del periodo, por funcion de gasto",860020309,2025-12-31,BECTON DICKINSON DE COLOMBIA LTDA,"G4645 - Comercio al por mayor de productos farmacéuticos, medicinales, cosméticos y de tocador",03. SOCIEDAD LIMITADA,"Calle 97 No. 23 - 60 Of 901, 902, 903 Y 904 Piso 9, Edificio Torre",BOGOTA D.C.,BOGOTA D.C.,Periodo Actual,278121653.0,159106921.0,119014732.0,0.0,15305980.0,77132375.0,0.0,10111059.0,36687436,,,9442.0,319089.0,,,,,,,36377789,14416560.0,21961229,,21961229,2025,0.4279232872242421,0.13191146969056738,0.07896267249641292,4986602,3.404046884030448,G4645,"Comercio al por mayor de productos farmacéuticos, medicinales, cosméticos y de tocador"
Plenas-Separados,"Estado de resultado integral, resultado del periodo, por funcion de gasto",860020439,2025-12-31,MONOMEROS COLOMBO VENEZOLANOS S.A.,C2012 - Fabricación de abonos y compuestos inorgánicos nitrogenados,01. SOCIEDAD ANÓNIMA,VIA 40 LAS FLORES,ATLANTICO,BARRANQUILLA-ATLANTICO,Periodo Actual,682859279.0,593961757.0,88897522.0,0.0,36883193.0,51942262.0,54262977.0,0.0,-54190910,,,8886969.0,12838583.0,1348385.0,3989965.0,,,,,-55500944,-5495192.0,-50005752,,-50005752,2025,0.13018424840061374,-0.0793588249680942,-0.07322995167207796,-80827415,0.38132684312618437,C2012,Fabricación de abonos y compuestos inorgánicos nitrogenados
Plenas-Separados,"Estado de resultado integral, resultado del periodo, por funcion de gasto",860021302,2025-12-31,WESTON SAS,C2819 - Fabricación de otros tipos de maquinaria y equipo de uso general n.c.p.,08. SOCIEDAD POR ACCIONES SIMPLIFICADA SAS,CALLE 16 65B 82,BOGOTA D.C.,BOGOTA D.C.,Periodo Actual,190686994.0,124295123.0,66391871.0,3068617.0,20544896.0,10564538.0,738220.0,0.0,37612834,,,3812237.0,8285838.0,,,,,,,33139233,13130800.0,20008433,,20008433,2025,0.34817199436265694,0.19724907929483643,0.10492814732818118,19075168,0.048925650353380895,C2819,Fabricación de otros tipos de maquinaria y equipo de uso general n.c.p.
Plenas-Separados,"Estado de resultado integral, resultado del periodo, por funcion de gasto",860023186,2025-12-31,INVERSIONES Y CONSTRUCCIONES INCOL SAS,F4111 - Construcción de edificios residenciales,08. SOCIEDAD POR ACCIONES SIMPLIFICADA SAS,CARRERA 8 NUMERO 69 33,BOGOTA D.C.,BOGOTA D.C.,Periodo Actual,21063813.0,16276755.0,4787058.0,305761.0,0.0,3505822.0,9326.0,0.0,1577671,,,136462.0,52204.0,,,,,,,1661929,98939.0,1562990,-1211197.0,351793,2025,0.22726455081992988,0.07489959201593747,0.016701297148811568,6400515,-0.9450367665726899,F4111,Construcción de edificios residenciales
Plenas-Separados,"Estado de resultado integral, resultado del periodo, por funcion de gasto",860024586,2025-12-31,PAVIMENTOS COLOMBIA SAS,F4210 - Construcción de carreteras y vías de ferrocarril,08. SOCIEDAD POR ACCIONES SIMPLIFICADA SAS,CL 84 A 10 50 P 9,BOGOTA D.C.,BOGOTA D.C.,Periodo Actual,398836245.0,330986836.0,67849409.0,59992778.0,0.0,35374190.0,8282955.0,3369682.0,87554724,0.0,0.0,15426551.0,77396174.0,0.0,0.0,0.0,0.0,0.0,0.0,25585101,8869125.0,16715976,0.0,16715976,2025,0.17011846302985828,0.21952549473029964,0.0419118778936453,38710683,-0.5681818375563149,F4210,Construcción de carreteras y vías de ferrocarril
Plenas-Separados,"Estado de resultado integral, resultado del periodo, por funcion de gasto",860025054,2025-12-31,INDUGRAVAS INGENIEROS CONSTRUCTORES SAS,F4210 - Construcción de carreteras y vías de ferrocarril,08. SOCIEDAD POR ACCIONES SIMPLIFICADA SAS,CLL 100 8A 49 TB OFC 919,BOGOTA D.C.,BOGOTA D.C.,Periodo Actual,99711522.0,62984089.0,36727433.0,1926141.0,0.0,6805627.0,4334731.0,0.0,27513216,,,,11133575.0,,,,,,,16379641,11911784.0,4467857,,4467857,2025,0.36833690092505056,0.275928152014368,0.04480783073394467,9649856,-0.5370027283308684,F4210,Construcción de carreteras y vías de ferrocarril
Plenas-Separados,"Estado de resultado integral, resultado del periodo, por funcion de gasto",860025447,2025-12-31,ORGANIZACION LUIS CARLOS SARMIENTO ANGULO SAS,L6810 - Actividades inmobiliarias realizadas con bienes propios o arrendados,08. SOCIEDAD POR ACCIONES SIMPLIFICADA SAS,CR 13 26A 47 PISO 26,BOGOTA D.C.,BOGOTA D.C.,Periodo Actual,2691498.0,115399.0,2576099.0,0.0,0.0,5450358.0,56742.0,0.0,-2931001,,,22011.0,1616.0,,-16548.0,,,,,-2927154,107026.0,-3034180,,-3034180,2025,0.9571246198213783,-1.0889850187516394,-1.1273201763478926,-2740819,-0.10703406536513356,L6810,Actividades inmobiliarias realizadas con bienes propios o arrendados
Plenas-Separados,"Estado de resultado integral, resultado del periodo, por funcion de gasto",860025639,2025-12-31,MITSUBISHI ELECTRIC DE COLOMBIA LTDA,F4329 - Otras instalaciones especializadas,03. SOCIEDAD LIMITADA,CL 72 10 07 P 14,BOGOTA D.C.,BOGOTA D.C.,Periodo Actual,220197954.0,136693113.0,83504841.0,2653534.0,14252491.0,27711331.0,1860190.0,0.0,42334363,,,9261780.0,6303064.0,,2514879.0,-7202322.0,,,,40605636,16286555.0,24319081,,24319081,2025,0.37922623477237216,0.19225593258691223,0.11044190265273764,15944304,0.5252519645887334,F4329,Otras instalaciones especializadas
Plenas-Separados,"Estado de resultado integral, resultado del periodo, por funcion de gasto",860025792,2025-12-31,RENAULT SOCIEDAD DE FABRICACION DE AUTOMOTORES S.A.S,C2910 - Fabricación de vehículos automotores y sus motores,08. SOCIEDAD POR ACCIONES SIMPLIFICADA SAS,Cl 49 No 39 sur 100,ANTIOQUIA,ENVIGADO-ANTIOQUIA,Periodo Actual,3316969163.0,2919168515.0,397800648.0,7736474.0,213083096.0,79925353.0,0.0,-10703724.0,101824949,,,3326581.0,54599654.0,,2498582.0,,,,,53050458,-1516320.0,54566778,,54566778,2025,0.1199289557579767,0.03069818982215241,0.016450794480901237,-77125187,1.7075091824412691,C2910,Fabricación de vehículos automotores y sus motores
Plenas-Separados,"Estado de resultado integral, resultado del periodo, por funcion de gasto",860025845,2025-12-31,SOCIEDAD DE COMERCIALIZACION INTERNACIONAL JARDINES DE LOS ANDES S.A.S,A0125 - Cultivo de flor de corte,08. SOCIEDAD POR ACCIONES SIMPLIFICADA SAS,CARRERA 4 # 1 A 40,BOGOTA D.C.,BOGOTA D.C.,Periodo Actual,253703625.0,235349606.0,18354019.0,4806951.0,5441490.0,17535122.0,1514231.0,0.0,-1329873,,,12510228.0,14033066.0,,,,,,,-2852711,-15593.0,-2837118,,-2837118,2025,0.07234433090973769,-0.00524183680859901,-0.011182804345030545,4948169,-1.5733672394778755,A0125,Cultivo de flor de corte
Plenas-Separados,"Estado de resultado integral, resultado del periodo, por funcion de gasto",860025900,2025-12-31,Alpina Productos Alimenticios S.A.S BIC,C1040 - Elaboración de productos lácteos,08. SOCIEDAD POR ACCIONES SIMPLIFICADA SAS,Cr 4BIS No 09-24,CUNDINAMARCA,SOPO-CUNDINAMARCA,Periodo Actual,2282389048.0,1309480276.0,972908772.0,12698799.0,41398761.0,656211190.0,34223054.0,0.0,253774566,,,3109051.0,90310062.0,,13502876.0,,,,,180076431,65709051.0,114367380,,114367380,2025,0.42626771840345773,0.11118812816876082,0.050108626353696034,100521166,0.13774426373048637,C1040,Elaboración de productos lácteos
Plenas-Separados,"Estado de resultado integral, resultado del periodo, por funcion de gasto",860025998,2025-12-31,INCAP SA,C2029 - Fabricación de otros productos químicos n.c.p.,01. SOCIEDAD ANÓNIMA,Carrera 72 No. 62 27 Sur,BOGOTA D.C.,BOGOTA D.C.,Periodo Actual,21622578.0,13895598.0,7726980.0,1188592.0,3129173.0,2863200.0,903058.0,0.0,2020141,,,,,,,1659089.0,,,,3679230,607825.0,3071405,,3071405,2025,0.3573570182056922,0.0934273887230283,0.1420461981915385,2987429,0.028109789387463266,C2029,Fabricación de otros productos químicos n.c.p.
Plenas-Separados,"Estado de resultado integral, resultado del periodo, por funcion de gasto",860026753,2025-12-31,ACESCO COLOMBIA S.A.S,C2592 - Tratamiento y revestimiento de metales; mecanizado,08. SOCIEDAD POR ACCIONES SIMPLIFICADA SAS,AV Cl 116 7 15 IN 2 P17 OF 1701,BOGOTA D.C.,BOGOTA D.C.,Periodo Actual,880492522.0,758045666.0,122446856.0,4219207.0,34750084.0,73017193.0,695707.0,0.0,18203079,,,83884306.0,59988816.0,,,,,,,42098569,-14111484.0,56210053,,56210053,2025,0.13906632133782051,0.020673746278562943,0.06383933036969053,-107673894,1.5220397527370935,C2592,Tratamiento y revestimiento de metales; mecanizado
Plenas-Separados,"Estado de resultado integral, resultado del periodo, por funcion de gasto",860026759,2025-12-31,CARTONES AMERICA S.A. CAME,"C1702 - Fabricación de papel y cartón ondulado (corrugado); fabricación de envases, empaques y de embalajes de papel y cartón",01. SOCIEDAD ANÓNIMA,CL 70 NORTE 2 A 130,VALLE,CALI-VALLE,Periodo Actual,593697537.0,394421293.0,199276244.0,1852681.0,34444772.0,38661434.0,3195422.0,0.0,124827297,,,15667088.0,46680880.0,,21061492.0,,,,,114874997,34600297.0,80274700,,80274700,2025,0.3356528056473982,0.21025402535904406,0.13521144184905048,64046535,0.25338084253894455,C1702,"Fabricación de papel y cartón ondulado (corrugado); fabricación de envases, empaques y de embalajes de papel y cartón"
Plenas-Separados,"Estado de resultado integral, resultado del periodo, por funcion de gasto",860026895,2025-12-31,ITALCOL SA,C1090 - Elaboración de alimentos preparados para animales,01. SOCIEDAD ANÓNIMA,CALLE 94A 11A 73 PISO 4,BOGOTA D.C.,BOGOTA D.C.,Periodo Actual,3761807644.0,3316462865.0,445344779.0,36056190.0,74219060.0,88089765.0,15096711.0,0.0,303995433,,,2240162.0,439406.0,,21843627.0,,,,,327639816,104784806.0,222855010,,222855010,2025,0.1183858456214036,0.08081099879864033,0.05924146875384466,126152351,0.7665545527566109,C1090,Elaboración de alimentos preparados para animales
Plenas-Separados,"Estado de resultado integral, resultado del periodo, por funcion de gasto",860027326,2025-12-31,PINTURAS EVERY SAS,"C2022 - Fabricación de pinturas, barnices y revestimientos similares, tintas para impresión y masillas",08. SOCIEDAD POR ACCIONES SIMPLIFICADA SAS,KM 1.8 VIA MADRID SUBACHOQUE,CUNDINAMARCA,MADRID-CUNDINAMARCA,Periodo Actual,114932303.0,81355712.0,33576591.0,1480170.0,15907662.0,3926327.0,211337.0,0.0,15011435,,,,1933865.0,,,,,,,13077570,4633805.0,8443765,,8443765,2025,0.2921423318211939,0.13061110417321056,0.07346729143676865,9500570,-0.11123595742150208,C2022,"Fabricación de pinturas, barnices y revestimientos similares, tintas para impresión y masillas"
Plenas-Separados,"Estado de resultado integral, resultado del periodo, por funcion de gasto",860027908,2025-12-31,CARACOL ESTEREO SAS,J6010 - Actividades de programación y transmisión en el servicio de radiodifusión sonora,08. SOCIEDAD POR ACCIONES SIMPLIFICADA SAS,CALLE 67 7 -37,BOGOTA D.C.,BOGOTA D.C.,Periodo Actual,1278184.0,0.0,1278184.0,0.0,0.0,1264299.0,0.0,0.0,13885,,,,1.0,,,,,,,13884,3910.0,9974,,9974,2025,1.0,0.010863068228048544,0.0078032583728164335,31463,-0.6829927216095096,J6010,Actividades de programación y transmisión en el servicio de radiodifusión sonora
Plenas-Separados,"Estado de resultado integral, resultado del periodo, por funcion de gasto",860028238,2025-12-31,FABRICA DE ESPECIAS Y PRODUCTOS EL REY S.A.,C1089 - Elaboración de otros productos alimenticios n.c.p.,01. SOCIEDAD ANÓNIMA,CARRERA 68G No. 43 C-30 SUR,BOGOTA D.C.,BOGOTA D.C.,Periodo Actual,134436120.0,67744710.0,66691410.0,680936.0,21662617.0,13692060.0,1999009.0,-13738.0,30004922,,,4213310.0,4502824.0,,2919914.0,,,,,32635322,10828515.0,21806807,,21806807,2025,0.4960825260354137,0.22319092517695394,0.16220943448829078,18781600,0.16107291178600333,C1089,Elaboración de otros productos alimenticios n.c.p.
Plenas-Separados,"Estado de resultado integral, resultado del periodo, por funcion de gasto",860028462,2025-12-31,COVINOC SA,N8299 - Otras actividades de servicio de apoyo a las empresas n.c.p.,01. SOCIEDAD ANÓNIMA,CALLE 19 7 48 P 2,BOGOTA D.C.,BOGOTA D.C.,Periodo Actual,101770256.0,1087465.0,100682791.0,2523969.0,0.0,94638482.0,2982108.0,0.0,5586170,,,,,877393.0,,,,,,4708777,2525002.0,2183775,,2183775,2025,0.9893145105186726,0.054890006368854966,0.02145789040758628,3036886,-0.28091637288986154,N8299,Otras actividades de servicio de apoyo a las empresas n.c.p.
Plenas-Separados,"Estado de resultado integral, resultado del periodo, por funcion de gasto",860028580,2025-12-31,DISPAPELES S.A.S,G4669 - Comercio al por mayor de otros productos n.c.p.,08. SOCIEDAD POR ACCIONES SIMPLIFICADA SAS,CL 103 69-53,BOGOTA D.C.,BOGOTA D.C.,Periodo Actual,489208241.0,382390039.0,106818202.0,1880929.0,72022915.0,25247372.0,187284.0,1545085.0,12786645,,,261038.0,7795438.0,,,,,,,5252245,2511656.0,2740589,0.0,2740589,2025,0.21834914673892422,0.02613742763994035,0.005602090828228709,514330,4.328464215581436,G4669,Comercio al por mayor de otros productos n.c.p.
Plenas-Separados,"Estado de resultado integral, resultado del periodo, por funcion de gasto",860028601,2025-12-31,FINANZAUTO S.A. BIC,K6619 - Otras actividades auxiliares de las actividades de servicios financieros n.c.p.,08. SOCIEDAD POR ACCIONES SIMPLIFICADA SAS,Carrera 56 # 9 - 17 Centro Empresarial Bog Americas Torre Americas Oficina 501,BOGOTA D.C.,BOGOTA D.C.,Periodo Actual,445010449.0,299724567.0,145285882.0,137113249.0,0.0,125411959.0,6976964.0,0.0,150010208,,-45020286.0,,,46430038.0,15537773.0,,,,,74097657,20335276.0,53762381,,53762381,2025,0.3264774621056145,0.33709367574872384,0.1208115025631679,46410564,0.15840826670410643,K6619,Otras actividades auxiliares de las actividades de servicios financieros n.c.p.
Plenas-Separados,"Estado de resultado integral, resultado del periodo, por funcion de gasto",860028712,2025-12-31,CONSTRUCCIONES PLANIFICADAS S.A. CONSTRUCCIONES PLANIFICADAS S.A.    CONSTRUCCIONES PLANIFICADAS S.A. CONSTRUCCIONES PLANIFICADAS S.A.,F4112 - Construcción de edificios no residenciales,01. SOCIEDAD ANÓNIMA,CR 13 26A 47 PISO  2,BOGOTA D.C.,BOGOTA D.C.,Periodo Actual,7680453.0,13358324.0,-5677871.0,0.0,93864.0,3801992.0,0.0,857379.0,-8716348,,,1782086.0,156612.0,,586.0,,,,,-7090288,-2031172.0,-5059116,,-5059116,2025,-0.7392625148542671,-1.1348742059875896,-0.6587002094798314,-4479101,-0.12949361936692208,F4112,Construcción de edificios no residenciales
Plenas-Separados,"Estado de resultado integral, resultado del periodo, por funcion de gasto",860029002,2025-12-31,CIRCULO DE VIAJES UNIVERSAL SAS,N7990 - Otros servicios de reserva y actividades relacionadas,08. SOCIEDAD POR ACCIONES SIMPLIFICADA SAS,CRA 7 26 20 P 13,BOGOTA D.C.,BOGOTA D.C.,Periodo Actual,54714057.0,0.0,54714057.0,2763354.0,0.0,49970114.0,3304092.0,0.0,4203205,,,,,,,,,28068.0,,4231273,410231.0,3821042,,3821042,2025,1.0,0.0768213002373412,0.06983656869019966,1581986,1.4153450156954612,N7990,Otros servicios de reserva y actividades relacionadas
Plenas-Separados,"Estado de resultado integral, resultado del periodo, por funcion de gasto",860029415,2025-12-31,EMPRESA COLOMBIANA DE CLAVOS EMCOCLAVOS S.A.S.,C2599 - Fabricación de otros productos elaborados de metal n.c.p.,08. SOCIEDAD POR ACCIONES SIMPLIFICADA SAS,CR 106 A 153 A 11,BOGOTA D.C.,BOGOTA D.C.,Periodo Actual,61622075.0,41817614.0,19804461.0,0.0,6502700.0,11786558.0,0.0,3777570.0,5292773,,,11442.0,901285.0,,760475.0,,,,,5163405,2075981.0,3087424,,3087424,2025,0.3213858183126745,0.08589085972843336,0.05010256470591099,-1684612,2.832721125101804,C2599,Fabricación de otros productos elaborados de metal n.c.p.
Plenas-Separados,"Estado de resultado integral, resultado del periodo, por funcion de gasto",860031169,2025-12-31,INVERSIONES AGROPECUARIAS JARAMILLO MEJIA Y CIA SAS,A0150 - Explotación mixta (agrícola y pecuaria),08. SOCIEDAD POR ACCIONES SIMPLIFICADA SAS,AV SUBA COTA KM 4.2,BOGOTA D.C.,BOGOTA D.C.,Periodo Actual,3463802.0,2522272.0,941530.0,131618.0,188127.0,1455595.0,586504.0,0.0,-1157078,,,6271391.0,2236206.0,,-3030279.0,,,,,-152172,-472641.0,320469,,320469,2025,0.27181980956186297,-0.3340485397260005,0.09251943384754671,1768373,-0.8187774864239614,A0150,Explotación mixta (agrícola y pecuaria)
Plenas-Separados,"Estado de resultado integral, resultado del periodo, por funcion de gasto",860031361,2025-12-31,WSP CONSULTORIA S.A.,M7112 - Actividades de ingeniería y otras actividades conexas de consultoría técnica,01. SOCIEDAD ANÓNIMA,CRA 19 93A 45,BOGOTA D.C.,BOGOTA D.C.,Periodo Actual,54050458.0,31481416.0,22569042.0,381834.0,0.0,6291182.0,1057614.0,0.0,15602080,,,1476429.0,2803380.0,,725297.0,,,,,15000426,4472672.0,10527754,,10527754,2025,0.4175550556851896,0.28865768352971216,0.19477640689002118,3011032,2.4963939273976496,M7112,Actividades de ingeniería y otras actividades conexas de consultoría técnica
Plenas-Separados,"Estado de resultado integral, resultado del periodo, por funcion de gasto",860031606,2025-12-31,DIANA CORPORACION SAS,C1051 - Elaboración de productos de molinería,08. SOCIEDAD POR ACCIONES SIMPLIFICADA SAS,CR 13 93 24,BOGOTA D.C.,BOGOTA D.C.,Periodo Actual,2394714132.0,1964072071.0,430642061.0,33060197.0,283608952.0,69719803.0,6764135.0,0.0,103609368,,,4299325.0,107701668.0,,,-1981883.0,,,,-1774858,-13755502.0,11980644,,11980644,2025,0.1798302583366556,0.04326586067852211,0.005002953730428814,-18286553,1.6551614183383823,C1051,Elaboración de productos de molinería
Plenas-Separados,"Estado de resultado integral, resultado del periodo, por funcion de gasto",860031699,2025-12-31,VITRO COLOMBIA S A S,C2310 - Fabricación de vidrio y productos de vidrio,08. SOCIEDAD POR ACCIONES SIMPLIFICADA SAS,CRA 3 ESTE 6B 41 VDA SAMARIA,CUNDINAMARCA,CHIA-CUNDINAMARCA,Periodo Actual,47051017.0,33216809.0,13834208.0,0.0,6748213.0,3652572.0,0.0,-208092.0,3225331,,,649381.0,,-30048.0,-1210159.0,,,,,2694601,1721501.0,973100,,973100,2025,0.2940256955551035,0.0685496553666417,0.020681805878924996,3024763,-0.6782888444483088,C2310,Fabricación de vidrio y productos de vidrio
Plenas-Separados,"Estado de resultado integral, resultado del periodo, por funcion de gasto",860032436,2025-12-31,FLORES DEL RIO Y CIA SAS,A0125 - Cultivo de flor de corte,08. SOCIEDAD POR ACCIONES SIMPLIFICADA SAS,CALLE 59 NO 5 30 ,BOGOTA D.C.,BOGOTA D.C.,Periodo Actual,74984149.0,64444064.0,10540085.0,753893.0,971233.0,3808566.0,0.0,0.0,6514179,,,1436967.0,5170764.0,,226828.0,,,,,3007210,-188397.0,3195607,,3195607,2025,0.14056417443638655,0.08687408054734341,0.042617100315428,-3353993,1.9527768841497284,A0125,Cultivo de flor de corte
Plenas-Separados,"Estado de resultado integral, resultado del periodo, por funcion de gasto",860032550,2025-12-31,ALFAGRES S.A. EN REORGANIZACION,C2392 - Fabricación de materiales de arcilla para la construcción,01. SOCIEDAD ANÓNIMA,AVENIDA CARACAS 35 55,BOGOTA D.C.,BOGOTA D.C.,Periodo Actual,499193669.0,256513234.0,242680435.0,6940275.0,177903877.0,38347439.0,9561754.0,0.0,23807640,0.0,0.0,8731545.0,24594956.0,0.0,,0.0,0.0,0.0,0.0,7944229,6878942.0,1065287,0.0,1065287,2025,0.4861448573379243,0.0476921913847429,0.002134015445616559,7673735,-0.8611775100391139,C2392,Fabricación de materiales de arcilla para la construcción
Plenas-Separados,"Estado de resultado integral, resultado del periodo, por funcion de gasto",860032657,2025-12-31,PRODUCCIONES QUIMICAS SA,C2029 - Fabricación de otros productos químicos n.c.p.,01. SOCIEDAD ANÓNIMA,TV 124 17 97,BOGOTA D.C.,BOGOTA D.C.,Periodo Actual,49162364.0,36466737.0,12695627.0,1519059.0,3995782.0,4559543.0,3274157.0,0.0,2385204,,,,1959825.0,,,,,,,425379,553887.0,-128508,,-128508,2025,0.2582387413265969,0.04851686953052135,-0.002613950785605021,602634,-1.2132438594569839,C2029,Fabricación de otros productos químicos n.c.p.
Plenas-Separados,"Estado de resultado integral, resultado del periodo, por funcion de gasto",860034335,2025-12-31,Gomez Cajiao y Asociados Sas,M7112 - Actividades de ingeniería y otras actividades conexas de consultoría técnica,08. SOCIEDAD POR ACCIONES SIMPLIFICADA SAS,Transversal 23 N 97 - 73 Piso 7,BOGOTA D.C.,BOGOTA D.C.,Periodo Actual,29013675.0,22686673.0,6327002.0,219883.0,514183.0,5464709.0,466122.0,0.0,101871,,,340965.0,725336.0,,78546.0,,,,,-203954,201763.0,-405717,,-405717,2025,0.21806965163840844,0.003511137420543933,-0.013983647366285037,-111495,-2.6388806672944973,M7112,Actividades de ingeniería y otras actividades conexas de consultoría técnica
Plenas-Separados,"Estado de resultado integral, resultado del periodo, por funcion de gasto",860034551,2025-12-31,GAICO INGENIEROS CONSTRUCTORES S.A.,"N7730 - Alquiler y arrendamiento de otros tipos de maquinaria, equipo y bienes tangibles n.c.p.",01. SOCIEDAD ANÓNIMA,CL 75A 66 46 OFC 501,BOGOTA D.C.,BOGOTA D.C.,Periodo Actual,1453713.0,1310211.0,143502.0,836002.0,0.0,200729.0,355230.0,0.0,423545,,,4480.0,4785.0,,,,,,,423240,135854.0,287386,,287386,2025,0.0987141203249885,0.2913539329977788,0.19769101603961717,1251074,-0.7702885680623208,N7730,"Alquiler y arrendamiento de otros tipos de maquinaria, equipo y bienes tangibles n.c.p."
Plenas-Separados,"Estado de resultado integral, resultado del periodo, por funcion de gasto",860034714,2025-12-31,PROCALCULO PROSIS SAS,"G4741 - Comercio al por menor de computadores, equipos periféricos, programas de informática y equipos de telecomunicaciones en establecimientos especializados",08. SOCIEDAD POR ACCIONES SIMPLIFICADA SAS,CALLE 90 13A 20 PISO 4,BOGOTA D.C.,BOGOTA D.C.,Periodo Actual,27173187.0,18445728.0,8727459.0,527964.0,7277253.0,982387.0,891499.0,0.0,104284,0.0,0.0,360258.0,147676.0,11507.0,,0.0,0.0,0.0,0.0,305359,252513.0,52846,0.0,52846,2025,0.3211790725909331,0.0038377537386394905,0.0019447847615371727,1426891,-0.9629642348294298,G4741,"Comercio al por menor de computadores, equipos periféricos, programas de informática y equipos de telecomunicaciones en establecimientos especializados"
Plenas-Separados,"Estado de resultado integral, resultado del periodo, por funcion de gasto",860035977,2025-12-31,INVESTIGACIONES Y COBRANZAS EL LIBETADOR,N8211 - Actividades combinadas de servicios administrativos de oficina,01. SOCIEDAD ANÓNIMA,CR 11 71 73 PISO 3,BOGOTA D.C.,BOGOTA D.C.,Periodo Actual,40144931.0,0.0,40144931.0,827465.0,40646870.0,0.0,324054.0,0.0,1472,,,71912.0,41094.0,,,,,,,32290,-342971.0,375261,,375261,2025,1.0,3.666714485074093e-05,0.009347655872169763,-3725212,1.100735474920622,N8211,Actividades combinadas de servicios administrativos de oficina
Plenas-Separados,"Estado de resultado integral, resultado del periodo, por funcion de gasto",860036081,2025-12-31,SCHRADER CAMARGO SAS,F4290 - Construcción de otras obras de ingeniería civil,08. SOCIEDAD POR ACCIONES SIMPLIFICADA SAS,KM 1.5 DE LA VIA BRICEÑO SOPO,CUNDINAMARCA,SOPO-CUNDINAMARCA,Periodo Actual,304379958.0,267621787.0,36758171.0,0.0,0.0,12396453.0,0.0,11425709.0,35787427,,,2131254.0,1003968.0,,0.0,,,,,36914713,17156946.0,19757767,,19757767,2025,0.12076409774654086,0.11757484702721459,0.06491152416809257,24207291,-0.18380924986608374,F4290,Construcción de otras obras de ingeniería civil
Plenas-Separados,"Estado de resultado integral, resultado del periodo, por funcion de gasto",860036884,2025-12-31,ERNST & YOUNG SAS,"M6920 - Actividades de contabilidad, teneduría de libros, auditoría financiera y asesoría tributaria",08. SOCIEDAD POR ACCIONES SIMPLIFICADA SAS,"Avenida Carrera 72 # 81 B - 13,Piso 15, Torre Fura-Connecta 80Conexión Empresarial",BOGOTA D.C.,BOGOTA D.C.,Periodo Actual,238762024.0,0.0,238762024.0,4000351.0,0.0,199974489.0,877096.0,0.0,41910790,0.0,0.0,4385162.0,11831122.0,-252693.0,1435826.0,0.0,0.0,0.0,0.0,36153349,12944172.0,23209177,0.0,23209177,2025,1.0,0.17553373563293298,0.09720631703138854,27090008,-0.14325691598171547,M6920,"Actividades de contabilidad, teneduría de libros, auditoría financiera y asesoría tributaria"
Plenas-Separados,"Estado de resultado integral, resultado del periodo, por funcion de gasto",860037804,2025-12-31,APG CAPITAL INVESMENTS SAS,K6494 - Otras actividades de distribución de fondos,08. SOCIEDAD POR ACCIONES SIMPLIFICADA SAS,CL 70 12 01,BOGOTA D.C.,BOGOTA D.C.,Periodo Actual,666016.0,0.0,666016.0,157670.0,0.0,2009934.0,709760.0,475629.0,-1420379,,,133567.0,,,4315104.0,,,,,3028292,537071.0,2491221,,2491221,2025,1.0,-2.1326499663671745,3.740482210637582,6999793,-0.6441007612653689,K6494,Otras actividades de distribución de fondos
Plenas-Separados,"Estado de resultado integral, resultado del periodo, por funcion de gasto",860037900,2025-12-31,CONSTRUCTORA BOLIVAR CALI SA,F4111 - Construcción de edificios residenciales,01. SOCIEDAD ANÓNIMA,CALLE 35 NORTE # AV 6C-90 LOCAL 14,VALLE,CALI-VALLE,Periodo Actual,335692594.0,168695900.0,166996694.0,15536477.0,31114195.0,63962941.0,4981782.0,0.0,82474253,,,,49386446.0,,48083.0,,,,,33135890,-881075.0,34016965,,34016965,2025,0.49746910412923795,0.24568386218255384,0.10133367732265193,30262639,0.12405811667647358,F4111,Construcción de edificios residenciales
Plenas-Separados,"Estado de resultado integral, resultado del periodo, por funcion de gasto",860038556,2025-12-31,GRUPO CONTEMPO SAS,L6810 - Actividades inmobiliarias realizadas con bienes propios o arrendados,08. SOCIEDAD POR ACCIONES SIMPLIFICADA SAS,Carrera 11A 94 45,BOGOTA D.C.,BOGOTA D.C.,Periodo Actual,11000109.0,5868681.0,5131428.0,0.0,0.0,4254941.0,24322.0,0.0,852165,,,383873.0,655902.0,,,,,,,580136,1082562.0,-502426,,-502426,2025,0.4664888320652095,0.07746877780938352,-0.045674638314947606,695580,-1.7223123149026711,L6810,Actividades inmobiliarias realizadas con bienes propios o arrendados
Plenas-Separados,"Estado de resultado integral, resultado del periodo, por funcion de gasto",860039444,2025-12-31,QUIMICA COMERCIAL ANDINA SAS,"G4664 - Comercio al por mayor de productos químicos básicos, cauchos y plásticos en formas primarias y productos químicos de uso agropecuario",08. SOCIEDAD POR ACCIONES SIMPLIFICADA SAS,Carrera 55 No. 152 B 68 Oficina 1303,BOGOTA D.C.,BOGOTA D.C.,Periodo Actual,73086070.0,60889295.0,12196775.0,603825.0,12275337.0,2690525.0,27971.0,-71206.0,-2264439,,,3659319.0,5765482.0,,-70500.0,,,,,-4441102,152406.0,-4593508,,-4593508,2025,0.16688234844204922,-0.03098318188404439,-0.06285066360798987,-1723754,-1.6648280439088177,G4664,"Comercio al por mayor de productos químicos básicos, cauchos y plásticos en formas primarias y productos químicos de uso agropecuario"
Plenas-Separados,"Estado de resultado integral, resultado del periodo, por funcion de gasto",860041312,2025-12-31,"C,I, PRODECO S.A.","G4661 - Comercio al por mayor de combustibles sólidos, líquidos, gaseosos y productos conexos",01. SOCIEDAD ANÓNIMA,CRA 53 No.106-280 PISO 11 CE BUENAVISTA,ATLANTICO,BARRANQUILLA-ATLANTICO,Periodo Actual,509896710.0,576804839.0,-66908129.0,0.0,0.0,50024038.0,0.0,0.0,-116932167,,,,86342.0,,17937671.0,,,,,-99080838,487403.0,-99568241,,-99568241,2025,-0.13121898550786884,-0.22932520392218259,-0.19527139329845844,-849968079,0.8828564937201601,G4661,"Comercio al por mayor de combustibles sólidos, líquidos, gaseosos y productos conexos"
Plenas-Separados,"Estado de resultado integral, resultado del periodo, por funcion de gasto",860041813,2025-12-31,Industrias Vanyplas Ltda.,C2229 - Fabricación de artículos de plástico n.c.p.,03. SOCIEDAD LIMITADA,Calle 19 No. 69B 88,BOGOTA D.C.,BOGOTA D.C.,Periodo Actual,62337920.0,35256932.0,27080988.0,4635113.0,12521619.0,8451729.0,633741.0,0.0,10109012,,,59928.0,5267172.0,,12302331.0,,,,,17204099,2231585.0,14972514,,14972514,2025,0.43442238688746754,0.16216473055244704,0.24018308599324456,11266853,0.3288993829954114,C2229,Fabricación de artículos de plástico n.c.p.
Plenas-Separados,"Estado de resultado integral, resultado del periodo, por funcion de gasto",860046377,2025-12-31,DESARROLLOS INDUSTRIALES SAS,K6613 - Otras actividades relacionadas con el mercado de valores,08. SOCIEDAD POR ACCIONES SIMPLIFICADA SAS,Cra 9 No. 74-08 Ofc 802,BOGOTA D.C.,BOGOTA D.C.,Periodo Actual,6045862.0,0.0,6045862.0,4.0,0.0,722057.0,72839.0,0.0,5250970,,,104314.0,21474.0,,-4461997.0,,,,,871813,393623.0,478190,,478190,2025,1.0,0.8685229666174981,0.07909376694340692,-4397867,1.1087322558867743,K6613,Otras actividades relacionadas con el mercado de valores
Plenas-Separados,"Estado de resultado integral, resultado del periodo, por funcion de gasto",860046378,2025-12-31,DESARROLLOS CAMPESINOS SAS,C1040 - Elaboración de productos lácteos,08. SOCIEDAD POR ACCIONES SIMPLIFICADA SAS,CR 9 74 08 OF 802,BOGOTA D.C.,BOGOTA D.C.,Periodo Actual,27820031.0,19219222.0,8600809.0,1209027.0,0.0,4288905.0,951025.0,0.0,4569906,,,434036.0,1239538.0,,-927390.0,,,,,2837014,843784.0,1993230,,1993230,2025,0.30915885751529176,0.16426674722253184,0.07164729615146727,1608004,0.23956781202036811,C1040,Elaboración de productos lácteos
Plenas-Separados,"Estado de resultado integral, resultado del periodo, por funcion de gasto",860046509,2025-12-31,DSV CONTRACT LOGISTICS S.A.S,H5210 - Almacenamiento y depósito,08. SOCIEDAD POR ACCIONES SIMPLIFICADA SAS,Diagonal 25 G 95 A 85 Torre 3,BOGOTA D.C.,BOGOTA D.C.,Periodo Actual,17898703.0,5693711.0,12204992.0,0.0,0.0,13891262.0,0.0,-475119.0,-2161389,0.0,0.0,735971.0,905695.0,0.0,-538405.0,0.0,0.0,0.0,0.0,-2869518,-527811.0,-2341707,,-2341707,2025,0.6818925371296457,-0.12075673863072649,-0.1308310998847235,-2709936,0.13588106877800804,H5210,Almacenamiento y depósito
Plenas-Separados,"Estado de resultado integral, resultado del periodo, por funcion de gasto",860047657,2025-12-31,INCHCAPE COLOMBIA SAS,G4511 - Comercio de vehículos automotores nuevos,08. SOCIEDAD POR ACCIONES SIMPLIFICADA SAS,CALLE 99 No. 69c 41,BOGOTA D.C.,BOGOTA D.C.,Periodo Actual,1429896513.0,1198374891.0,231521622.0,0.0,113311721.0,52094244.0,1032259.0,0.0,65083398,,,,1706097.0,,,,19478691.0,,,82855992,22070377.0,60785615,,60785615,2025,0.16191494971496584,0.04551615967189928,0.04251049949934384,-3547932,18.132688845220258,G4511,Comercio de vehículos automotores nuevos
Plenas-Separados,"Estado de resultado integral, resultado del periodo, por funcion de gasto",860048112,2025-12-31,CONSTRUCCIONES ARRECIFE SAS,F4111 - Construcción de edificios residenciales,08. SOCIEDAD POR ACCIONES SIMPLIFICADA SAS,CALLE 104 14 A 45 OF 602,BOGOTA D.C.,BOGOTA D.C.,Periodo Actual,38235699.0,35422607.0,2813092.0,500929.0,0.0,2462662.0,59302.0,0.0,792057,0.0,0.0,231006.0,845201.0,0.0,,,,,,177862,126152.0,51710,,51710,2025,0.07357239630953262,0.020715117565916607,0.0013524010637284282,117754,-0.5608641744654109,F4111,Construcción de edificios residenciales
Plenas-Separados,"Estado de resultado integral, resultado del periodo, por funcion de gasto",860048521,2025-12-31,CI FLORES DE FUNZA SAS,A0125 - Cultivo de flor de corte,08. SOCIEDAD POR ACCIONES SIMPLIFICADA SAS,CL 72 10 07 OF 601,BOGOTA D.C.,BOGOTA D.C.,Periodo Actual,94141139.0,77369647.0,16771492.0,698202.0,5157753.0,7652900.0,0.0,0.0,4659041,0.0,0.0,2836679.0,12578559.0,,464700.0,0.0,0.0,0.0,0.0,-4618139,206961.0,-4825100,0.0,-4825100,2025,0.17815263526820085,0.04948995783872978,-0.05125389443184876,2168170,-3.2254251281034234,A0125,Cultivo de flor de corte
Plenas-Separados,"Estado de resultado integral, resultado del periodo, por funcion de gasto",860048626,2025-12-31,MINIPAK SAS,C2221 - Fabricación de formas básicas de plástico,08. SOCIEDAD POR ACCIONES SIMPLIFICADA SAS,CRA 72 No 62 A 37 SUR,BOGOTA D.C.,BOGOTA D.C.,Periodo Actual,280492485.0,216161433.0,64331052.0,9172401.0,11592364.0,12571237.0,362322.0,0.0,48977530,,,23373638.0,16764881.0,,,,,,,55586287,14022791.0,41563496,,41563496,2025,0.22935035853099595,0.1746126282135509,0.14818042629555656,84208460,-0.50642137381446,C2221,Fabricación de formas básicas de plástico
Plenas-Separados,"Estado de resultado integral, resultado del periodo, por funcion de gasto",860048795,2025-12-31,KENZA SA,L6810 - Actividades inmobiliarias realizadas con bienes propios o arrendados,01. SOCIEDAD ANÓNIMA,KM 5 VIA CAJICA TABIO,CUNDINAMARCA,CAJICA-CUNDINAMARCA,Periodo Actual,837347.0,0.0,837347.0,0.0,0.0,1316284.0,0.0,-68527.0,-547464,0.0,0.0,0.0,3714.0,,-47334.0,0.0,0.0,0.0,0.0,-598512,-5406.0,-593106,,-593106,2025,1.0,-0.6538078001115427,-0.7083156684146477,378964,-2.5650721440559,L6810,Actividades inmobiliarias realizadas con bienes propios o arrendados
Plenas-Separados,"Estado de resultado integral, resultado del periodo, por funcion de gasto",860048867,2025-12-31,DISAN COLOMBIA SAS,"G4664 - Comercio al por mayor de productos químicos básicos, cauchos y plásticos en formas primarias y productos químicos de uso agropecuario",08. SOCIEDAD POR ACCIONES SIMPLIFICADA SAS,Aut Medellin (cll 80) km 1.6 constado norte,CUNDINAMARCA,COTA-CUNDINAMARCA,Periodo Actual,309534273.0,246097636.0,63436637.0,25382749.0,17256208.0,50806245.0,12767415.0,0.0,7989518,,,,15624427.0,,953184.0,,,,,-6681725,-665972.0,-6015753,,-6015753,2025,0.20494220683601005,0.02581141636616117,-0.019434852695617327,-9244868,0.34928730188467805,G4664,"Comercio al por mayor de productos químicos básicos, cauchos y plásticos en formas primarias y productos químicos de uso agropecuario"
Plenas-Separados,"Estado de resultado integral, resultado del periodo, por funcion de gasto",860049921,2025-12-31,SGS COLOMBIA SAS,N8299 - Otras actividades de servicio de apoyo a las empresas n.c.p.,08. SOCIEDAD POR ACCIONES SIMPLIFICADA SAS,CR 100 25 C 11 BDG 3,BOGOTA D.C.,BOGOTA D.C.,Periodo Actual,251580728.0,210590587.0,40990141.0,6107277.0,0.0,18984564.0,14364072.0,0.0,13748782,,,21694439.0,37672225.0,,36169333.0,,,,,33940329,2891997.0,31048332,,31048332,2025,0.1629303696108233,0.05464958349273876,0.12341299847101166,28428818,0.09214290935345958,N8299,Otras actividades de servicio de apoyo a las empresas n.c.p.
Plenas-Separados,"Estado de resultado integral, resultado del periodo, por funcion de gasto",860050956,2025-12-31,ALTACOL NORVENTAS SAS,"G4663 - Comercio al por mayor de materiales de construcción, artículos de ferretería, pinturas, productos de vidrio, equipo y materiales de fontanería y calefacción",08. SOCIEDAD POR ACCIONES SIMPLIFICADA SAS,KM 7.5 AUTOPISTA MEDELLIN PARQUE INDUSTRIAL BRUSELAS,CUNDINAMARCA,TENJO-CUNDINAMARCA,Periodo Actual,21688071.0,17303610.0,4384461.0,117126.0,11108.0,2332489.0,2961771.0,0.0,-803781,,,120267.0,253681.0,,,,,,,-937195,7386.0,-944581,,-944581,2025,0.20216002612680492,-0.03706097236586878,-0.043553020459956994,-104891,-8.005357943007503,G4663,"Comercio al por mayor de materiales de construcción, artículos de ferretería, pinturas, productos de vidrio, equipo y materiales de fontanería y calefacción"
Plenas-Separados,"Estado de resultado integral, resultado del periodo, por funcion de gasto",860052988,2025-12-31,TEXELI SAS,"G4641 - Comercio al por mayor de productos textiles, productos confeccionados para uso doméstico",08. SOCIEDAD POR ACCIONES SIMPLIFICADA SAS,CL 20 68 61,BOGOTA D.C.,BOGOTA D.C.,Periodo Actual,29721546.0,23785648.0,5935898.0,702559.0,2551973.0,3689476.0,90150.0,0.0,306858,,,805524.0,0.0,,,267463.0,,,,1379845,539544.0,840301,0.0,840301,2025,0.19971699991649156,0.01032442928776316,0.02827245258372495,1180702,-0.28830390733648287,G4641,"Comercio al por mayor de productos textiles, productos confeccionados para uso doméstico"
Plenas-Separados,"Estado de resultado integral, resultado del periodo, por funcion de gasto",860052989,2025-12-31,SUTEX SAS,"G4641 - Comercio al por mayor de productos textiles, productos confeccionados para uso doméstico",08. SOCIEDAD POR ACCIONES SIMPLIFICADA SAS,Km 1.7 Cl 80 Via Par Florida Terrapuerto Indus El Dorado Bg 28,CUNDINAMARCA,COTA-CUNDINAMARCA,Periodo Actual,142067810.0,92833657.0,49234153.0,2151209.0,27001194.0,11461083.0,937916.0,0.0,11985169,,,12066711.0,12548480.0,2089476.0,,999263.0,,,,10413187,6043668.0,4369519,,4369519,2025,0.34655389563617545,0.08436231261677082,0.030756573216691382,297054,13.70951072868906,G4641,"Comercio al por mayor de productos textiles, productos confeccionados para uso doméstico"
Plenas-Separados,"Estado de resultado integral, resultado del periodo, por funcion de gasto",860053716,2025-12-31,THERMOFORM SAS,"C2930 - Fabricación de partes, piezas (autopartes) y accesorios (lujos) para vehículos automotores",08. SOCIEDAD POR ACCIONES SIMPLIFICADA SAS,KM 4 VIA CAJICA ZIPAQUIRA,CUNDINAMARCA,CAJICA-CUNDINAMARCA,Periodo Actual,12786713.0,9774902.0,3011811.0,43587.0,1717922.0,3327947.0,337175.0,0.0,-2327646,,,911886.0,,,,,,,,-1415760,-13462.0,-1402298,,-1402298,2025,0.23554223825935564,-0.1820363059685472,-0.10966837216100807,259152,-6.411102364635426,C2930,"Fabricación de partes, piezas (autopartes) y accesorios (lujos) para vehículos automotores"
Plenas-Separados,"Estado de resultado integral, resultado del periodo, por funcion de gasto",860054073,2025-12-31,MEJIA Y CIA S.A.S.,C1090 - Elaboración de alimentos preparados para animales,08. SOCIEDAD POR ACCIONES SIMPLIFICADA SAS,CL 3 27 62,CUNDINAMARCA,MOSQUERA-CUNDINAMARCA,Periodo Actual,137319718.0,128101883.0,9217835.0,67866.0,0.0,5537947.0,141550.0,0.0,3606204,0.0,0.0,6587101.0,4777859.0,0.0,0.0,0.0,0.0,0.0,0.0,5415446,1941330.0,3474116,0.0,3474116,2025,0.06712681277134577,0.026261370562966055,0.025299469374092366,1109647,2.1308298945520514,C1090,Elaboración de alimentos preparados para animales
Plenas-Separados,"Estado de resultado integral, resultado del periodo, por funcion de gasto",860054886,2025-12-31,INCOLBEST S.A.,"C2930 - Fabricación de partes, piezas (autopartes) y accesorios (lujos) para vehículos automotores",01. SOCIEDAD ANÓNIMA,AC 17 123B 49,BOGOTA D.C.,BOGOTA D.C.,Periodo Actual,175823606.0,124991025.0,50832581.0,331100.0,4199268.0,29411164.0,92565.0,2473.0,17463157,,,222643.0,6230673.0,63740.0,783533.0,,,,,12174920,6270631.0,5904289,,5904289,2025,0.2891112414108945,0.09932202732777531,0.03358075251852132,4883118,0.20912273674320384,C2930,"Fabricación de partes, piezas (autopartes) y accesorios (lujos) para vehículos automotores"
Plenas-Separados,"Estado de resultado integral, resultado del periodo, por funcion de gasto",860054983,2025-12-31,ROSALES SAS,L6810 - Actividades inmobiliarias realizadas con bienes propios o arrendados,08. SOCIEDAD POR ACCIONES SIMPLIFICADA SAS,CRA 11 No.86-53 PISO 12,CUNDINAMARCA,MADRID-CUNDINAMARCA,Periodo Actual,3962832.0,100347.0,3862485.0,6178876.0,0.0,13296304.0,7734523.0,0.0,-10989466,,,,3078746.0,,56965651.0,,,,,42897439,-1681672.0,44579111,,44579111,2025,0.9746779575818506,-2.7731344654529893,11.249306304178425,21254393,1.0974069219478533,L6810,Actividades inmobiliarias realizadas con bienes propios o arrendados
Plenas-Separados,"Estado de resultado integral, resultado del periodo, por funcion de gasto",860055182,2025-12-31,WSP COLOMBIA S.A.S.,M7112 - Actividades de ingeniería y otras actividades conexas de consultoría técnica,08. SOCIEDAD POR ACCIONES SIMPLIFICADA SAS,CR 19 93A 45,BOGOTA D.C.,BOGOTA D.C.,Periodo Actual,15908408.0,17326494.0,-1418086.0,271680.0,0.0,22819608.0,696055.0,0.0,-24662069,,,563190.0,771633.0,,2408220.0,,,,,-22462292,,-22462292,,-22462292,2025,-0.08914066071224726,-1.5502537400348293,-1.4119761072258141,-11590596,-0.9379755795129086,M7112,Actividades de ingeniería y otras actividades conexas de consultoría técnica
Plenas-Separados,"Estado de resultado integral, resultado del periodo, por funcion de gasto",860055984,2025-12-31,GREEN TREE S A S,"K6499 - Otras actividades de servicio financiero, excepto las de seguros y pensiones n.c.p.",08. SOCIEDAD POR ACCIONES SIMPLIFICADA SAS,Carrera 9 No. 94 A 32 Oficina 402,BOGOTA D.C.,BOGOTA D.C.,Periodo Actual,0.0,0.0,0.0,1897969.0,2.0,91890.0,82704.0,0.0,1723373,0.0,0.0,134.0,315319.0,0.0,,0.0,-7481634.0,0.0,0.0,-6073446,-949407.0,-5124039,,-5124039,2025,,,,-7711654,0.3355460449859395,K6499,"Otras actividades de servicio financiero, excepto las de seguros y pensiones n.c.p."
Plenas-Separados,"Estado de resultado integral, resultado del periodo, por funcion de gasto",860056785,2025-12-31,DEPOSITO ADUANERO AVIATUR SA,H5210 - Almacenamiento y depósito,01. SOCIEDAD ANÓNIMA,CL 24B 102 22,BOGOTA D.C.,BOGOTA D.C.,Periodo Actual,3802686.0,707592.0,3095094.0,777773.0,1537624.0,1178506.0,8000.0,0.0,1148737,0.0,0.0,453844.0,25027.0,0.0,0.0,0.0,0.0,0.0,0.0,1577554,293773.0,1283781,0.0,1283781,2025,0.813923105930913,0.3020856836457178,0.33759847644533364,973038,0.3193534065473291,H5210,Almacenamiento y depósito
Plenas-Separados,"Estado de resultado integral, resultado del periodo, por funcion de gasto",860058070,2025-12-31,CONSTRUCTORA COLPATRIA  SAS,F4111 - Construcción de edificios residenciales,08. SOCIEDAD POR ACCIONES SIMPLIFICADA SAS,CARRERA 54 A No. 127 A - 45,BOGOTA D.C.,BOGOTA D.C.,Periodo Actual,698054640.0,530171850.0,167882790.0,1815393.0,29734784.0,70214728.0,3882228.0,-265780.0,65600663,,,14451759.0,35393927.0,,-83740.0,,,,,44574755,1717616.0,42857139,,42857139,2025,0.2405009298412514,0.09397640133156339,0.061395106549252364,20776402,1.0627796381683412,F4111,Construcción de edificios residenciales
Plenas-Separados,"Estado de resultado integral, resultado del periodo, por funcion de gasto",860059851,2025-12-31,ACI PROYECTOS SAS,M7112 - Actividades de ingeniería y otras actividades conexas de consultoría técnica,08. SOCIEDAD POR ACCIONES SIMPLIFICADA SAS,CR 7 156 10 PISO 31,BOGOTA D.C.,BOGOTA D.C.,Periodo Actual,149742515.0,122284171.0,27458344.0,395711.0,2530709.0,11831544.0,2154433.0,0.0,11337369,,,1587399.0,5374654.0,,2508283.0,,,,,10058397,3109160.0,6949237,,6949237,2025,0.1833703941729575,0.0757124254257383,0.046407908936216276,4470807,0.5543585307976837,M7112,Actividades de ingeniería y otras actividades conexas de consultoría técnica
Plenas-Separados,"Estado de resultado integral, resultado del periodo, por funcion de gasto",860060256,2025-12-31,BRETANO CIENTO ONCE SAS,L6810 - Actividades inmobiliarias realizadas con bienes propios o arrendados,08. SOCIEDAD POR ACCIONES SIMPLIFICADA SAS,CL 92 11 51 OF 504,BOGOTA D.C.,BOGOTA D.C.,Periodo Actual,1245113.0,0.0,1245113.0,9205.0,0.0,862455.0,480035.0,0.0,-88172,,,121968.0,211472.0,,-2157.0,,,,,-179833,205926.0,-385759,,-385759,2025,1.0,-0.07081445619795151,-0.30981846627575166,-10638723,0.9637401030180032,L6810,Actividades inmobiliarias realizadas con bienes propios o arrendados
Plenas-Separados,"Estado de resultado integral, resultado del periodo, por funcion de gasto",860061173,2025-12-31,GRUPO AVIATUR S.A.S,L6810 - Actividades inmobiliarias realizadas con bienes propios o arrendados,08. SOCIEDAD POR ACCIONES SIMPLIFICADA SAS,AVENIDA 19 # 4 - 62,BOGOTA D.C.,BOGOTA D.C.,Periodo Actual,5930543.0,0.0,5930543.0,9007880.0,0.0,4191455.0,11486128.0,0.0,-739160,,,5502.0,,,,,,,,-733658,1149034.0,-1882692,,-1882692,2025,1.0,-0.12463614208682072,-0.3174569343818939,4709248,-1.3997861229648556,L6810,Actividades inmobiliarias realizadas con bienes propios o arrendados
Plenas-Separados,"Estado de resultado integral, resultado del periodo, por funcion de gasto",860061244,2025-12-31,COMERCIAL DINAMICA SAS,L6810 - Actividades inmobiliarias realizadas con bienes propios o arrendados,08. SOCIEDAD POR ACCIONES SIMPLIFICADA SAS,TRANSVERSAL 93 N 51 98 ED 3,BOGOTA D.C.,BOGOTA D.C.,Periodo Actual,1052954.0,0.0,1052954.0,591173.0,0.0,1507725.0,0.0,0.0,136402,0.0,0.0,27321.0,1455293.0,0.0,181961.0,0.0,0.0,0.0,0.0,-1109609,-183254.0,-926355,0.0,-926355,2025,1.0,0.12954222121764103,-0.8797677771298651,11353804,-1.0815898354419364,L6810,Actividades inmobiliarias realizadas con bienes propios o arrendados
Plenas-Separados,"Estado de resultado integral, resultado del periodo, por funcion de gasto",860061284,2025-12-31,GRUPO AR SAS,L6810 - Actividades inmobiliarias realizadas con bienes propios o arrendados,08. SOCIEDAD POR ACCIONES SIMPLIFICADA SAS,CL 113 7 80 P 18,BOGOTA D.C.,BOGOTA D.C.,Periodo Actual,84415873.0,5143449.0,79272424.0,703526.0,11079736.0,55816376.0,1203326.0,0.0,11876512,0.0,0.0,6298001.0,9597453.0,0.0,,0.0,0.0,0.0,0.0,8577060,566817.0,8010243,0.0,8010243,2025,0.9390701201419785,0.14069050734095945,0.09489024652982028,35469321,-0.7741641854378887,L6810,Actividades inmobiliarias realizadas con bienes propios o arrendados
Plenas-Separados,"Estado de resultado integral, resultado del periodo, por funcion de gasto",860063869,2025-12-31,TIS PRODUCTIONS COLOMBIA SAS,"J5911 - Actividades de producción de películas cinematográficas, videos, programas, anuncios y comerciales de televisión",08. SOCIEDAD POR ACCIONES SIMPLIFICADA SAS,CARRERA 50 17 77,BOGOTA D.C.,BOGOTA D.C.,Periodo Actual,113767303.0,84715364.0,29051939.0,91734.0,0.0,14919471.0,3464485.0,0.0,10759717,,,3273547.0,2700300.0,,358371.0,,,,,11691335,5138782.0,6552553,,6552553,2025,0.2553628172059243,0.0945765322396717,0.05759610034879705,7329706,-0.1060278543232157,J5911,"Actividades de producción de películas cinematográficas, videos, programas, anuncios y comerciales de televisión"
Plenas-Separados,"Estado de resultado integral, resultado del periodo, por funcion de gasto",860068429,2025-12-31,INVERSIONES QUANTUM PLUS SAS,M7010 - Actividades de administración empresarial,08. SOCIEDAD POR ACCIONES SIMPLIFICADA SAS,CENTRO EMPRESARIAL CENTRO CHIA OFC 302,CUNDINAMARCA,CHIA-CUNDINAMARCA,Periodo Actual,18248532.0,0.0,18248532.0,0.0,0.0,3354062.0,0.0,74772334.0,89666804,,,,8998281.0,,,,,-1887325.0,,78781198,2749871.0,76031327,,76031327,2025,1.0,4.913644779755435,4.16643525079168,12571631,5.047849081793762,M7010,Actividades de administración empresarial
Plenas-Separados,"Estado de resultado integral, resultado del periodo, por funcion de gasto",860070770,2025-12-31,GRUAS Y EQUIPOS SAS,"N7730 - Alquiler y arrendamiento de otros tipos de maquinaria, equipo y bienes tangibles n.c.p.",08. SOCIEDAD POR ACCIONES SIMPLIFICADA SAS,AUT MEDELLIN KM 7 SIBERIA CELTA TRADE PARK BG 7 -2,CUNDINAMARCA,FUNZA-CUNDINAMARCA,Periodo Actual,17658171.0,10467119.0,7191052.0,225169.0,3460939.0,3177988.0,74265.0,0.0,703029,,,260632.0,702912.0,,0.0,,,,,260749,633578.0,-372829,,-372829,2025,0.40723651390622506,0.03981324000090383,-0.021113681592504683,-46229,-7.064829436068269,N7730,"Alquiler y arrendamiento de otros tipos de maquinaria, equipo y bienes tangibles n.c.p."
Plenas-Separados,"Estado de resultado integral, resultado del periodo, por funcion de gasto",860072134,2025-12-31,HOCOL S.A.,B0610 - Extracción de petróleo crudo,02. SUCURSAL EXTRANJERA,CR 7 113 43 PI 17,BOGOTA D.C.,BOGOTA D.C.,Periodo Actual,2599226100.0,1853141609.0,746084491.0,0.0,0.0,62176929.0,225693097.0,11038679.0,469253144,,,61837691.0,146216670.0,,83263713.0,,,,,468137878,-61851589.0,529989467,,529989467,2025,0.2870410123228603,0.1805357156116584,0.2039027951435237,55014897,8.63356283299049,B0610,Extracción de petróleo crudo
Plenas-Separados,"Estado de resultado integral, resultado del periodo, por funcion de gasto",860072172,2025-12-31,EMPACOR SA,"C1702 - Fabricación de papel y cartón ondulado (corrugado); fabricación de envases, empaques y de embalajes de papel y cartón",01. SOCIEDAD ANÓNIMA,CARRERA 68 B N 17-56,BOGOTA D.C.,BOGOTA D.C.,Periodo Actual,513326855.0,412070478.0,101256377.0,0.0,15426472.0,31111415.0,25244622.0,0.0,29473868,,,,28140095.0,,,,,,,1333773,714053.0,619720,,619720,2025,0.19725517185341881,0.0574173505884472,0.0012072619890498423,304210,1.0371453929851089,C1702,"Fabricación de papel y cartón ondulado (corrugado); fabricación de envases, empaques y de embalajes de papel y cartón"
Plenas-Separados,"Estado de resultado integral, resultado del periodo, por funcion de gasto",860074671,2025-12-31,ANDITEL SAS,J6190 - Otras actividades de telecomunicaciones,08. SOCIEDAD POR ACCIONES SIMPLIFICADA SAS,CR 9 No 94A-32 OFICINA 402,BOGOTA D.C.,BOGOTA D.C.,Periodo Actual,10062855.0,10030675.0,32180.0,4025546.0,287693.0,3534337.0,446580.0,0.0,-210884,,,2853546.0,1488057.0,0.0,,,,,,1154605,580039.0,574566,,574566,2025,0.0031978996020513065,-0.020956676807923794,0.057097712329155094,775302,-0.25891330088146297,J6190,Otras actividades de telecomunicaciones
Plenas-Separados,"Estado de resultado integral, resultado del periodo, por funcion de gasto",860075208,2025-12-31,COMERCIALIZADORA CALYPSO S.A.S.,"G4719 - Comercio al por menor en establecimientos no especializados, con surtido compuesto principalmente por productos diferentes de alimentos (víveres en general), bebidas (alcohólicas y no alcohólicas) y tabaco",08. SOCIEDAD POR ACCIONES SIMPLIFICADA SAS,CALLE 11A 35 36,BOGOTA D.C.,BOGOTA D.C.,Periodo Actual,154202919.0,109981933.0,44220986.0,1119236.0,29854174.0,8156999.0,975167.0,0.0,6353882,,,,1076395.0,,999560.0,,,,,6277047,1995123.0,4281924,,4281924,2025,0.286771393737365,0.041204680437988334,0.02776811248300689,3640902,0.17606131667372535,G4719,"Comercio al por menor en establecimientos no especializados, con surtido compuesto principalmente por productos diferentes de alimentos (víveres en general), bebidas (alcohólicas y no alcohólicas) y tabaco"
Plenas-Separados,"Estado de resultado integral, resultado del periodo, por funcion de gasto",860075498,2025-12-31,MORENOS SAS,G4631 - Comercio al por mayor de productos alimenticios,08. SOCIEDAD POR ACCIONES SIMPLIFICADA SAS,CLL 74 63 41,BOGOTA D.C.,BOGOTA D.C.,Periodo Actual,48292297.0,30853332.0,17438965.0,308033.0,10978567.0,4305534.0,0.0,0.0,2462897,,,15467.0,1258894.0,,,,,,,1219470,551157.0,668313,,668313,2025,0.36111276711480506,0.05099978988367441,0.013838915137956681,-200849,4.327440017127294,G4631,Comercio al por mayor de productos alimenticios
Plenas-Separados,"Estado de resultado integral, resultado del periodo, por funcion de gasto",860075684,2025-12-31,MOTO MART S.A.S.,G4653 - Comercio al por mayor de maquinaria y equipo agropecuarios,01. SOCIEDAD ANÓNIMA,CRT CENTRAL NTE KM 9,CUNDINAMARCA,CHIA-CUNDINAMARCA,Periodo Actual,218645178.0,132833061.0,85812117.0,411857.0,22583493.0,12265127.0,12252543.0,0.0,39122811,,,,2012146.0,,1148933.0,,,,,38259598,10544932.0,27714666,,27714666,2025,0.3924720306431821,0.17893287818128786,0.12675635590737794,25147726,0.1020744380625111,G4653,Comercio al por mayor de maquinaria y equipo agropecuarios
Plenas-Separados,"Estado de resultado integral, resultado del periodo, por funcion de gasto",860077099,2025-12-31,PAYC SAS,M7112 - Actividades de ingeniería y otras actividades conexas de consultoría técnica,08. SOCIEDAD POR ACCIONES SIMPLIFICADA SAS,CR 7 71 52 TO A IN 1 OF 1201,BOGOTA D.C.,BOGOTA D.C.,Periodo Actual,23105750.0,18351251.0,4754499.0,717820.0,119369.0,5052416.0,178263.0,0.0,122271,,,720176.0,1145375.0,,-16821.0,,,,,-319749,394817.0,-714566,,-714566,2025,0.20577124741676855,0.005291799660257728,-0.03092589506940913,-3399660,0.789812510662831,M7112,Actividades de ingeniería y otras actividades conexas de consultoría técnica
Plenas-Separados,"Estado de resultado integral, resultado del periodo, por funcion de gasto",860078622,2025-12-31,RANSA COLOMBIA SAS,C1011 - Procesamiento y conservación de carne y productos cárnicos,08. SOCIEDAD POR ACCIONES SIMPLIFICADA SAS,AK 116 N 22H 31,BOGOTA D.C.,BOGOTA D.C.,Periodo Actual,147490588.0,127463234.0,20027354.0,13782703.0,2325487.0,6475044.0,6380988.0,0.0,18628538,,,6452275.0,11986918.0,,417895.0,,,,,13511790,5583623.0,7928167,,7928167,2025,0.13578733579935284,0.1263032323120171,0.05375371477941358,-1652779,5.796870603994847,C1011,Procesamiento y conservación de carne y productos cárnicos
Plenas-Separados,"Estado de resultado integral, resultado del periodo, por funcion de gasto",860090222,2025-12-31,TOXEMENT SAS,C2029 - Fabricación de otros productos químicos n.c.p.,08. SOCIEDAD POR ACCIONES SIMPLIFICADA SAS,PARQUE INDUSTRIAL GRAN SABANA TOCANCIPA MZ 2 A 7,CUNDINAMARCA,TOCANCIPA-CUNDINAMARCA,Periodo Actual,153249771.0,84295420.0,68954351.0,5564710.0,29826303.0,12430640.0,0.0,0.0,32262118,,,,,,329086.0,,,,,32591204,12642745.0,19948459,,19948459,2025,0.4499474978008287,0.21051984475722316,0.1301695843969646,29336084,-0.3200026629321078,C2029,Fabricación de otros productos químicos n.c.p.
Plenas-Separados,"Estado de resultado integral, resultado del periodo, por funcion de gasto",860350005,2025-12-31,DIES SAS,L6810 - Actividades inmobiliarias realizadas con bienes propios o arrendados,08. SOCIEDAD POR ACCIONES SIMPLIFICADA SAS,CL 2 OESTE 26A 12,VALLE,CALI-VALLE,Periodo Actual,2221161.0,0.0,2221161.0,286581.0,0.0,2170116.0,40710.0,0.0,296916,,,,,,8021933.0,,,,,8318849,162311.0,8156538,,8156538,2025,1.0,0.13367603699146527,3.6721957570837955,6348119,0.28487477944254036,L6810,Actividades inmobiliarias realizadas con bienes propios o arrendados
Plenas-Separados,"Estado de resultado integral, resultado del periodo, por funcion de gasto",860350253,2025-12-31,INMACULADA GUADALUPE Y AMIGOS S.A.S,I5611 - Expendio a la mesa de comidas preparadas,08. SOCIEDAD POR ACCIONES SIMPLIFICADA SAS,Cl 3 No. 11A-56,CUNDINAMARCA,CHIA-CUNDINAMARCA,Periodo Actual,189162466.0,61415025.0,127747441.0,56791649.0,94380252.0,13995550.0,18649747.0,-4237672.0,53275869,,,1616173.0,21646676.0,,,,,,,33245366,10452000.0,22793366,,22793366,2025,0.675331865254918,0.28164080394257496,0.12049624051739735,17027821,0.3385955842500341,I5611,Expendio a la mesa de comidas preparadas
Plenas-Separados,"Estado de resultado integral, resultado del periodo, por funcion de gasto",860350543,2025-12-31,TOP MEDICAL SYSTEMS SA,G4659 - Comercio al por mayor de otros tipos de maquinaria y equipo n.c.p.,01. SOCIEDAD ANÓNIMA,CARRERA 18 A 103 47,BOGOTA D.C.,BOGOTA D.C.,Periodo Actual,88101621.0,54447326.0,33654295.0,0.0,4933783.0,3583940.0,24501.0,167069.0,25279140,,,4898551.0,993965.0,,1661940.0,,,,,30845666,10128113.0,20717553,,20717553,2025,0.381994049803011,0.28693161048648586,0.23515518516963496,20358845,0.017619270641335498,G4659,Comercio al por mayor de otros tipos de maquinaria y equipo n.c.p.
Plenas-Separados,"Estado de resultado integral, resultado del periodo, por funcion de gasto",860350697,2025-12-31,Concretos Argos S.A.S.,"C2395 - Fabricación de artículos de hormigón, cemento y yeso",08. SOCIEDAD POR ACCIONES SIMPLIFICADA SAS,Calle 24 A No. 59-42 torre 3 piso 1,BOGOTA D.C.,BOGOTA D.C.,Periodo Actual,1012562789.0,943119162.0,69443627.0,5676732.0,10588993.0,30715549.0,0.0,0.0,33815817,0.0,0.0,3689168.0,32665763.0,0.0,-1814475.0,0.0,0.0,0.0,0.0,3024747,2461194.0,563553,0.0,563553,2025,0.06858204523650532,0.0333962667474639,0.0005565610410753501,8584172,-0.9343497544084625,C2395,"Fabricación de artículos de hormigón, cemento y yeso"
Plenas-Separados,"Estado de resultado integral, resultado del periodo, por funcion de gasto",860350922,2025-12-31,TECNINTEGRAL SAS,C2829 - Fabricación de otros tipos de maquinaria y equipo de uso especial n.c.p.,08. SOCIEDAD POR ACCIONES SIMPLIFICADA SAS,CR 81 65A 45 SUR,BOGOTA D.C.,BOGOTA D.C.,Periodo Actual,38675032.0,29808832.0,8866200.0,0.0,2910961.0,3582276.0,0.0,120580.0,2493543,,,483.0,1078875.0,,-790715.0,,,,,624436,-662775.0,1287211,,1287211,2025,0.22924867909611554,0.0644742323677974,0.03328273910671877,2598774,-0.5046852862157309,C2829,Fabricación de otros tipos de maquinaria y equipo de uso especial n.c.p.
Plenas-Separados,"Estado de resultado integral, resultado del periodo, por funcion de gasto",860351923,2025-12-31,FLEXPORT DE COLOMBIA SAS,A0125 - Cultivo de flor de corte,08. SOCIEDAD POR ACCIONES SIMPLIFICADA SAS,CLL 72 No 10 - 07 OFI 601,BOGOTA D.C.,BOGOTA D.C.,Periodo Actual,54176447.0,46320488.0,7855959.0,370498.0,1313625.0,4357220.0,0.0,0.0,2555612,,,1936367.0,4129169.0,,,,,,,362810,271170.0,91640,,91640,2025,0.14500690678368036,0.047172011852309174,0.0016915099655760001,916296,-0.8999886499559094,A0125,Cultivo de flor de corte
Plenas-Separados,"Estado de resultado integral, resultado del periodo, por funcion de gasto",860353473,2025-12-31,MENDEBAL S.A.S,F4111 - Construcción de edificios residenciales,08. SOCIEDAD POR ACCIONES SIMPLIFICADA SAS,CL79B 8 11 PI 4,BOGOTA D.C.,BOGOTA D.C.,Periodo Actual,68540781.0,56204899.0,12335882.0,3909148.0,0.0,6711917.0,293710.0,0.0,9239403,,,,,,,,,,,9239403,2273792.0,6965611,,6965611,2025,0.17997871953049382,0.13480154245689147,0.1016272487469905,12610798,-0.44764708783694734,F4111,Construcción de edificios residenciales
Plenas-Separados,"Estado de resultado integral, resultado del periodo, por funcion de gasto",860354473,2025-12-31,Promociones Y Cobranzas Beta SA,N8291 - Actividades de agencias de cobranza y oficinas de calificación crediticia,01. SOCIEDAD ANÓNIMA,CL 28 13 A 15 P 30 ED CENTRO DE COMERCIO INTERNACIONAL,BOGOTA D.C.,BOGOTA D.C.,Periodo Actual,133246450.0,87167381.0,46079069.0,485533.0,0.0,8039901.0,3148011.0,0.0,35376690,,,1129422.0,1109716.0,,2724168.0,,,,,38120564,15858368.0,22262196,,22262196,2025,0.3458183613897406,0.2654981802517065,0.16707534046873293,21201629,0.05002290154214094,N8291,Actividades de agencias de cobranza y oficinas de calificación crediticia
Plenas-Separados,"Estado de resultado integral, resultado del periodo, por funcion de gasto",860401339,2025-12-31,INVERINMOBILIARIAS SAS,L6810 - Actividades inmobiliarias realizadas con bienes propios o arrendados,05. SOCIEDAD EN COMANDITA POR ACCIONES,Carrera 56 # 9 - 17 Centro,BOGOTA D.C.,BOGOTA D.C.,Periodo Actual,33795998.0,5109659.0,28686339.0,148050.0,0.0,1090243.0,0.0,0.0,27744146,,,443052.0,435821.0,,,22028359.0,,,,49779736,5840830.0,43938906,,43938906,2025,0.8488087554035244,0.8209299219392782,1.3001215706072653,33248581,0.32152725555415435,L6810,Actividades inmobiliarias realizadas con bienes propios o arrendados
Plenas-Separados,"Estado de resultado integral, resultado del periodo, por funcion de gasto",860402328,2025-12-31,INTECPLAST INYECCION TECNICA DE PLASTICOS SAS,C2229 - Fabricación de artículos de plástico n.c.p.,08. SOCIEDAD POR ACCIONES SIMPLIFICADA SAS,Cl 59 No 3 54,CUNDINAMARCA,SOACHA-CUNDINAMARCA,Periodo Actual,126101339.0,94479601.0,31621738.0,749115.0,7722786.0,8296342.0,0.0,0.0,16351725,,,,13879979.0,,,,,,,2471746,2348083.0,123663,,123663,2025,0.2507644902961736,0.12967130349028252,0.0009806636549672164,2620060,-0.9528014625619261,C2229,Fabricación de artículos de plástico n.c.p.
Plenas-Separados,"Estado de resultado integral, resultado del periodo, por funcion de gasto",860402887,2025-12-31,PRESWYLFA COLOMBIA SAS,L6820 - Actividades inmobiliarias realizadas a cambio de una retribución o por contrata,08. SOCIEDAD POR ACCIONES SIMPLIFICADA SAS,CARRERA  92 156 88,BOGOTA D.C.,BOGOTA D.C.,Periodo Actual,12855054.0,0.0,12855054.0,47401.0,0.0,3037301.0,1957671.0,0.0,7907483,,,,124353.0,,,,,,,7783130,1373731.0,6409399,,6409399,2025,1.0,0.6151263930902197,0.49858981533644275,6508700,-0.015256656475179375,L6820,Actividades inmobiliarias realizadas a cambio de una retribución o por contrata
Plenas-Separados,"Estado de resultado integral, resultado del periodo, por funcion de gasto",860402917,2025-12-31,NEGOCIOS Y BIENES SAS,N8299 - Otras actividades de servicio de apoyo a las empresas n.c.p.,08. SOCIEDAD POR ACCIONES SIMPLIFICADA SAS,AVENIDA CALLE 24A # 59 - 42 TORRE 4 PISO 4,BOGOTA D.C.,BOGOTA D.C.,Periodo Actual,47833189.0,0.0,47833189.0,2946800.0,0.0,5627015.0,0.0,0.0,45152974,,,1462421.0,1551.0,,11135456.0,,,,,57749300,16370908.0,41378392,,41378392,2025,1.0,0.9439674615882291,0.865056101528167,26973529,0.5340370182930086,N8299,Otras actividades de servicio de apoyo a las empresas n.c.p.
Plenas-Separados,"Estado de resultado integral, resultado del periodo, por funcion de gasto",860404924,2025-12-31,OLEAGINOSAS SAN  MARCOS S.A.,G4620 - Comercio al por mayor de materias primas agropecuarias; animales vivos,01. SOCIEDAD ANÓNIMA,Calle 109 # 18 c 17 oficina 615,BOGOTA D.C.,BOGOTA D.C.,Periodo Actual,73842182.0,64961979.0,8880203.0,275538.0,1942524.0,3500974.0,719131.0,0.0,2993112,,,636989.0,1462920.0,,,1386497.0,,,,3553678,859186.0,2694492,,2694492,2025,0.12025921715043578,0.0405339051329767,0.03648987512313761,1688890,0.5954218451172072,G4620,Comercio al por mayor de materias primas agropecuarias; animales vivos
Plenas-Separados,"Estado de resultado integral, resultado del periodo, por funcion de gasto",860451192,2025-12-31,MARSH RISK CONSULTING LTDA,M7020 - Actividades de consultoría de gestión,03. SOCIEDAD LIMITADA,AV EL DORADO NO 69B 45 P 9,BOGOTA D.C.,BOGOTA D.C.,Periodo Actual,31435475.0,0.0,31435475.0,0.0,0.0,21089834.0,240574.0,-60022.0,10045045,,,,,,,,,,,10045045,3951741.0,6093304,,6093304,2025,1.0,0.319544877244578,0.19383527686475233,5631777,0.08195051046943087,M7020,Actividades de consultoría de gestión
Plenas-Separados,"Estado de resultado integral, resultado del periodo, por funcion de gasto",860500480,2025-12-31,ALMACENES CORONA SAS,"G4752 - Comercio al por menor de artículos de ferretería, pinturas y productos de vidrio en establecimientos especializados",08. SOCIEDAD POR ACCIONES SIMPLIFICADA SAS,AV CLL 26 # 86-85,BOGOTA D.C.,BOGOTA D.C.,Periodo Actual,150392480.0,31242691.0,119149789.0,4921154.0,89652006.0,27811268.0,48113.0,0.0,6559556,,,2779646.0,6390580.0,-32995.0,,,,,51968.0,3033585,1538050.0,1495535,,1495535,2025,0.7922589547030543,0.04361624996143424,0.00994421396601745,-2110743,1.708534861894603,G4752,"Comercio al por menor de artículos de ferretería, pinturas y productos de vidrio en establecimientos especializados"
Plenas-Separados,"Estado de resultado integral, resultado del periodo, por funcion de gasto",860502509,2025-12-31,PVC GERFOR S.A.S,C2229 - Fabricación de artículos de plástico n.c.p.,08. SOCIEDAD POR ACCIONES SIMPLIFICADA SAS,"AUTOPISTA MEDELLIN KM 2, 600 MTS ENTRADA VIA PARCELAS COTA",CUNDINAMARCA,COTA-CUNDINAMARCA,Periodo Actual,385279686.0,283994169.0,101285517.0,9637152.0,71188090.0,27716523.0,1611487.0,0.0,10406569,,,8585605.0,15156996.0,34994.0,2566828.0,,,,,6367012,1164790.0,5202222,,5202222,2025,0.2628882878605751,0.027010427432709233,0.013502455979472533,-8402747,1.619109679251321,C2229,Fabricación de artículos de plástico n.c.p.
Plenas-Separados,"Estado de resultado integral, resultado del periodo, por funcion de gasto",860506688,2025-12-31,I GRODCO INGENIEROS CIVILES SAS,F4210 - Construcción de carreteras y vías de ferrocarril,08. SOCIEDAD POR ACCIONES SIMPLIFICADA SAS,CLL 100 13 21 P8 ,BOGOTA D.C.,BOGOTA D.C.,Periodo Actual,50183850.0,0.0,50183850.0,980438.0,31306332.0,4517114.0,14055995.0,0.0,1284847,,,,,,,,,,,1284847,626662.0,658185,,658185,2025,1.0,0.025602798509879173,0.013115474400628888,-1391892,1.4728707399712047,F4210,Construcción de carreteras y vías de ferrocarril
Plenas-Separados,"Estado de resultado integral, resultado del periodo, por funcion de gasto",860509719,2025-12-31,INVERLAND S.A.S,L6810 - Actividades inmobiliarias realizadas con bienes propios o arrendados,08. SOCIEDAD POR ACCIONES SIMPLIFICADA SAS,CALLE 93 14 71 OFIC 401,BOGOTA D.C.,BOGOTA D.C.,Periodo Actual,2223949.0,0.0,2223949.0,0.0,0.0,389963.0,2741.0,0.0,1831245,,,310249.0,40164.0,,46108.0,,,,,2147438,766417.0,1381021,,1381021,2025,1.0,0.8234204111695007,0.6209769198844038,-3187097,1.4333162749674704,L6810,Actividades inmobiliarias realizadas con bienes propios o arrendados
Plenas-Separados,"Estado de resultado integral, resultado del periodo, por funcion de gasto",860513290,2025-12-31,SILGAN PROENFAR SAS,C2229 - Fabricación de artículos de plástico n.c.p.,08. SOCIEDAD POR ACCIONES SIMPLIFICADA SAS,CL 10 34 A 13,BOGOTA D.C.,BOGOTA D.C.,Periodo Actual,221964119.0,139262475.0,82701644.0,13413720.0,3593753.0,44461272.0,2091139.0,0.0,45969200,0.0,0.0,1801232.0,2821313.0,0.0,,0.0,0.0,0.0,0.0,44949119,17382620.0,27566499,0.0,27566499,2025,0.37259014823021913,0.20710194155299488,0.12419349183189378,32369723,-0.1483863176709915,C2229,Fabricación de artículos de plástico n.c.p.
Plenas-Separados,"Estado de resultado integral, resultado del periodo, por funcion de gasto",860513493,2025-12-31,CONSTRUCTORA BOLIVAR BOGOTA SA,F4111 - Construcción de edificios residenciales,01. SOCIEDAD ANÓNIMA,CL 134 No. 72 31,BOGOTA D.C.,BOGOTA D.C.,Periodo Actual,653528966.0,274760901.0,378768065.0,15543857.0,42055152.0,98664150.0,85932962.0,0.0,167659658,,,3547312.0,160401364.0,,32597594.0,,,,,43403200,-2480702.0,45883902,,45883902,2025,0.579573492079921,0.2565451062195153,0.07020943888813032,37530768,0.2225676277128142,F4111,Construcción de edificios residenciales
Plenas-Separados,"Estado de resultado integral, resultado del periodo, por funcion de gasto",860513857,2025-12-31,COHERPA INGENIEROS CONSTRUCTORES SAS,F4210 - Construcción de carreteras y vías de ferrocarril,08. SOCIEDAD POR ACCIONES SIMPLIFICADA SAS,CLL 100 N 8A 49 TB OFC 910,BOGOTA D.C.,BOGOTA D.C.,Periodo Actual,59123249.0,32202421.0,26920828.0,3750642.0,0.0,1658295.0,3471605.0,0.0,25541570,,,,20925946.0,,,,,,,4615624,678124.0,3937500,,3937500,2025,0.4553340429582955,0.4320055212121377,0.06659816682266564,2452360,0.6055962419873102,F4210,Construcción de carreteras y vías de ferrocarril
Plenas-Separados,"Estado de resultado integral, resultado del periodo, por funcion de gasto",860513970,2025-12-31,COMERCIALIZADORA INTERNACIONAL MILPA SOCIEDAD ANONIMA,"G4661 - Comercio al por mayor de combustibles sólidos, líquidos, gaseosos y productos conexos",01. SOCIEDAD ANÓNIMA,AV CR 45 118 30 OF 405,BOGOTA D.C.,BOGOTA D.C.,Periodo Actual,1072852697.0,1005087828.0,67764869.0,11273330.0,0.0,32896976.0,3499614.0,1392531.0,44034140,,,53008996.0,95757126.0,,13391.0,,,,,1299401,518266.0,781135,,781135,2025,0.06316325548650785,0.04104397567637377,0.0007280915657706549,79936072,-0.9902280036977549,G4661,"Comercio al por mayor de combustibles sólidos, líquidos, gaseosos y productos conexos"
Plenas-Separados,"Estado de resultado integral, resultado del periodo, por funcion de gasto",860517608,2025-12-31,METAZA SAS,"G4663 - Comercio al por mayor de materiales de construcción, artículos de ferretería, pinturas, productos de vidrio, equipo y materiales de fontanería y calefacción",08. SOCIEDAD POR ACCIONES SIMPLIFICADA SAS,AV CL 17 86 81,BOGOTA D.C.,BOGOTA D.C.,Periodo Actual,92320905.0,75266840.0,17054065.0,103782.0,9552742.0,3522034.0,385566.0,0.0,3697505,,,56574.0,3296214.0,,124892.0,,,,,582757,134351.0,448406,,448406,2025,0.18472592962558154,0.04005057142799889,0.0048570364426128625,-3794587,1.1181699088728234,G4663,"Comercio al por mayor de materiales de construcción, artículos de ferretería, pinturas, productos de vidrio, equipo y materiales de fontanería y calefacción"
Plenas-Separados,"Estado de resultado integral, resultado del periodo, por funcion de gasto",860519235,2025-12-31,TALLERES AUTORIZADOS S.A.,G4520 - Mantenimiento y reparación de vehículos automotores,01. SOCIEDAD ANÓNIMA,CALLE 13 No. 50 - 83,BOGOTA D.C.,BOGOTA D.C.,Periodo Actual,156658710.0,80707162.0,75951548.0,20716008.0,66519298.0,13104972.0,177209.0,0.0,16866077,,,756073.0,5937599.0,,,,,,,11684551,3702668.0,7981883,,7981883,2025,0.4848217376486759,0.10766127845684419,0.05095077701073882,1033658,6.7219767079633685,G4520,Mantenimiento y reparación de vehículos automotores
Plenas-Separados,"Estado de resultado integral, resultado del periodo, por funcion de gasto",860520344,2025-12-31,IC INVERSIONES SAS,N8299 - Otras actividades de servicio de apoyo a las empresas n.c.p.,08. SOCIEDAD POR ACCIONES SIMPLIFICADA SAS,CRA 9 73 24 P 2,BOGOTA D.C.,BOGOTA D.C.,Periodo Actual,835598.0,3987.0,831611.0,0.0,0.0,1202302.0,29884.0,0.0,-400575,,,15344.0,,,-172035.0,,,,,-557266,94951.0,-652217,,-652217,2025,0.9952285668467373,-0.4793872172982702,-0.7805392066520025,-530199,-0.23013623186765725,N8299,Otras actividades de servicio de apoyo a las empresas n.c.p.
Plenas-Separados,"Estado de resultado integral, resultado del periodo, por funcion de gasto",860522056,2025-12-31,LAMITECH S.A.S.,C1701 - Fabricación de pulpas (pastas) celulósicas; papel y cartón,08. SOCIEDAD POR ACCIONES SIMPLIFICADA SAS,VIA A MAMONAL KM 13,BOLIVAR,CARTAGENA-BOLIVAR,Periodo Actual,263647108.0,201178416.0,62468692.0,3556144.0,39588586.0,14980753.0,0.0,0.0,11455497,,,206178.0,,,,,,,,11661675,-1783598.0,13445273,,13445273,2025,0.23694055464473368,0.04345011438547621,0.05099723301345676,-8635122,2.5570449381027855,C1701,Fabricación de pulpas (pastas) celulósicas; papel y cartón
Plenas-Separados,"Estado de resultado integral, resultado del periodo, por funcion de gasto",860522583,2025-12-31,MERCANTIL GALERAZAMBA & CIA. SAS,K6613 - Otras actividades relacionadas con el mercado de valores,08. SOCIEDAD POR ACCIONES SIMPLIFICADA SAS,CRA 11 No.86-53 PISO 12,CUNDINAMARCA,MADRID-CUNDINAMARCA,Periodo Actual,497245.0,0.0,497245.0,592637.0,0.0,4993342.0,0.0,0.0,-3903460,,,,873579.0,,11163660.0,,,,,6386621,1451526.0,4935095,,4935095,2025,1.0,-7.850174461281662,9.924876067129885,3726746,0.32423701534797383,K6613,Otras actividades relacionadas con el mercado de valores
Plenas-Separados,"Estado de resultado integral, resultado del periodo, por funcion de gasto",860522754,2025-12-31,ARCELANDIA SAS,A0141 - Cría de ganado bovino y bufalino,08. SOCIEDAD POR ACCIONES SIMPLIFICADA SAS,CALLE 13 No. 65-72,BOGOTA D.C.,BOGOTA D.C.,Periodo Actual,3651879.0,2393413.0,1258466.0,2549593.0,26153.0,1736224.0,228967.0,0.0,1816715,,,6443809.0,8392923.0,,22449110.0,,,,,22316711,355375.0,21961336,,21961336,2025,0.3446078032705903,0.4974740400763552,6.01370855934712,-2054220,11.690839345347626,A0141,Cría de ganado bovino y bufalino
Plenas-Separados,"Estado de resultado integral, resultado del periodo, por funcion de gasto",860524118,2025-12-31,INGEURBE SAS,F4111 - Construcción de edificios residenciales,08. SOCIEDAD POR ACCIONES SIMPLIFICADA SAS,CARRERA 11 98 07 PISO 6 EDIFICIO GREEN OFFICE CORPORATIVO PIJAO PH,BOGOTA D.C.,BOGOTA D.C.,Periodo Actual,122277649.0,80946174.0,41331475.0,1955834.0,0.0,11422090.0,21426434.0,0.0,10438785,,,1865735.0,,,-369814.0,,,,,11934706,1127054.0,10807652,,10807652,2025,0.3380133273579704,0.08536952652728873,0.08838616123540288,6744488,0.6024421720373734,F4111,Construcción de edificios residenciales
Plenas-Separados,"Estado de resultado integral, resultado del periodo, por funcion de gasto",860524337,2025-12-31,CREDIMPAFRE SAS,K6495 - Instituciones especiales oficiales,08. SOCIEDAD POR ACCIONES SIMPLIFICADA SAS,Carrera 15 91 46,BOGOTA D.C.,BOGOTA D.C.,Periodo Actual,18378092.0,4743266.0,13634826.0,409533.0,0.0,5239202.0,68213.0,0.0,8736944,,,234561.0,1576266.0,,,5160026.0,,,,12555265,2868729.0,9686536,,9686536,2025,0.7419065047666537,0.47539994902626453,0.5270697306336262,1479819,5.545757285181499,K6495,Instituciones especiales oficiales
Plenas-Separados,"Estado de resultado integral, resultado del periodo, por funcion de gasto",860524513,2025-12-31,MULLEN LOWE SSP3 S.A.S,M7310 - Publicidad,08. SOCIEDAD POR ACCIONES SIMPLIFICADA SAS,Kra 9 No. 79 A 19 Piso 6 ,BOGOTA D.C.,BOGOTA D.C.,Periodo Actual,44290682.0,38254656.0,6036026.0,0.0,0.0,14673187.0,0.0,1604736.0,-7032425,,,,1890155.0,,,,,,,-8922580,-490063.0,-8432517,,-8432517,2025,0.13628207395858116,-0.15877888265527274,-0.19039031731324435,-1708065,-3.9368829640558176,M7310,Publicidad
Plenas-Separados,"Estado de resultado integral, resultado del periodo, por funcion de gasto",860524750,2025-12-31,DULCES LA AMERICANA SAS,"C1082 - Elaboración de cacao, chocolate y productos de confitería",08. SOCIEDAD POR ACCIONES SIMPLIFICADA SAS,CALLE 12 37 07,BOGOTA D.C.,BOGOTA D.C.,Periodo Actual,101290853.0,84321604.0,16969249.0,906521.0,11671937.0,4841034.0,1197880.0,0.0,164919,,,1988247.0,3483137.0,,,1987089.0,,,,657118,248453.0,408665,,408665,2025,0.16752992493803956,0.0016281726840625974,0.004034569636806198,6538038,-0.9374942452154607,C1082,"Elaboración de cacao, chocolate y productos de confitería"
Plenas-Separados,"Estado de resultado integral, resultado del periodo, por funcion de gasto",860525060,2025-12-31,SOCIEDAD EXPORTADORA DE CAFE DE LAS COOPERATIVAS DE CAFICULTORES S A EXPOCAFE S.A.,G4620 - Comercio al por mayor de materias primas agropecuarias; animales vivos,01. SOCIEDAD ANÓNIMA,CARRERA 7 74B 36 PISO 3,BOGOTA D.C.,BOGOTA D.C.,Periodo Actual,186074750.0,204680930.0,-18606180.0,12648072.0,0.0,8854392.0,2716.0,0.0,-14815216,,,8755924.0,14283223.0,,1202772.0,,,,,-19139743,-8178496.0,-10961247,,-10961247,2025,-0.09999304043133203,-0.07961970122222387,-0.058907761531320074,-75412929,0.8546502947790292,G4620,Comercio al por mayor de materias primas agropecuarias; animales vivos
Plenas-Separados,"Estado de resultado integral, resultado del periodo, por funcion de gasto",860525156,2025-12-31,VALREX SAS,E3700 - Evacuación y tratamiento de aguas residuales,08. SOCIEDAD POR ACCIONES SIMPLIFICADA SAS,KM 19-20 VIA MOSQUERA-MADRID,BOGOTA D.C.,BOGOTA D.C.,Periodo Actual,31828678.0,26067882.0,5760796.0,0.0,1252061.0,2659526.0,0.0,-328731.0,1520478,0.0,0.0,351740.0,989797.0,0.0,343096.0,0.0,0.0,0.0,0.0,1225517,1238097.0,-12580,0.0,-12580,2025,0.1809938823095323,0.04777069283241987,-0.00039524104645502397,636983,-1.0197493496686725,E3700,Evacuación y tratamiento de aguas residuales
Plenas-Separados,"Estado de resultado integral, resultado del periodo, por funcion de gasto",860526606,2025-12-31,FABRICA DE ESTRUCTURAS  SADEELECTRICAS SAS,C2511 - Fabricación de productos metálicos para uso estructural,08. SOCIEDAD POR ACCIONES SIMPLIFICADA SAS,AV CR 129 17 F 97,BOGOTA D.C.,BOGOTA D.C.,Periodo Actual,129293139.0,114305885.0,14987254.0,1440084.0,137657.0,2671868.0,6365.0,0.0,13611448,,,2199286.0,3100986.0,,,,520882.0,,,13230630,4597152.0,8633478,,8633478,2025,0.11591685464454538,0.10527587237246981,0.06677444810122524,5776775,0.4945151923002021,C2511,Fabricación de productos metálicos para uso estructural
Plenas-Separados,"Estado de resultado integral, resultado del periodo, por funcion de gasto",860527377,2025-12-31,GENERAL MEDICA DE COLOMBIA SAS,G4659 - Comercio al por mayor de otros tipos de maquinaria y equipo n.c.p.,08. SOCIEDAD POR ACCIONES SIMPLIFICADA SAS,CL 103 N 14A 43   ,BOGOTA D.C.,BOGOTA D.C.,Periodo Actual,71338445.0,51020239.0,20318206.0,252589.0,10212341.0,5208101.0,667663.0,0.0,4482690,,,4249585.0,7980033.0,,-266000.0,,,,,486242,186004.0,300238,,300238,2025,0.28481425408137223,0.06283694577306809,0.004208642338643631,1521795,-0.8027079862925033,G4659,Comercio al por mayor de otros tipos de maquinaria y equipo n.c.p.
Plenas-Separados,"Estado de resultado integral, resultado del periodo, por funcion de gasto",860527800,2025-12-31,CONSTRUCCIONES OBYCON SAS,F4111 - Construcción de edificios residenciales,08. SOCIEDAD POR ACCIONES SIMPLIFICADA SAS,CALLE 93 B 13 92,BOGOTA D.C.,BOGOTA D.C.,Periodo Actual,120593254.0,111506029.0,9087225.0,4546368.0,0.0,5275203.0,2225340.0,0.0,6133050,,,1911028.0,695932.0,,,,,,,7348146,1068232.0,6279914,,6279914,2025,0.0753543394724219,0.050857322417056594,0.05207516831745829,19519985,-0.6782828470411222,F4111,Construcción de edificios residenciales
Plenas-Separados,"Estado de resultado integral, resultado del periodo, por funcion de gasto",860527960,2025-12-31,WESCO SAS,G4662 - Comercio al por mayor de metales y productos metalíferos,08. SOCIEDAD POR ACCIONES SIMPLIFICADA SAS,AV CALLE 63 No. 74 B 42 INT 6,BOGOTA D.C.,BOGOTA D.C.,Periodo Actual,150494725.0,116536282.0,33958443.0,0.0,15531465.0,8272122.0,0.0,361934.0,10516790,,,13365010.0,7231100.0,,590331.0,,,,,17241031,6004782.0,11236249,,11236249,2025,0.22564540385053364,0.0698814526555665,0.0746620786874756,78580,141.99120641384576,G4662,Comercio al por mayor de metales y productos metalíferos
Plenas-Separados,"Estado de resultado integral, resultado del periodo, por funcion de gasto",860528871,2025-12-31,FEPCO SERVICIOS SAS,B0910 - Actividades de apoyo para la extracción de petróleo y de gas natural,08. SOCIEDAD POR ACCIONES SIMPLIFICADA SAS,CRA 127 22 G 28 BG 16 Y 17,BOGOTA D.C.,BOGOTA D.C.,Periodo Actual,27912067.0,21819420.0,6092647.0,495241.0,1029267.0,3052517.0,173995.0,0.0,2332109,,,1638951.0,2761608.0,,,,,,,1209452,98040.0,1111412,,1111412,2025,0.2182800363727989,0.08355199921238367,0.03981833376940518,-1363036,1.815394457666562,B0910,Actividades de apoyo para la extracción de petróleo y de gas natural
Plenas-Separados,"Estado de resultado integral, resultado del periodo, por funcion de gasto",860530547,2025-12-31,MULTIDIMENSIONALES S.A.S.,C2229 - Fabricación de artículos de plástico n.c.p.,08. SOCIEDAD POR ACCIONES SIMPLIFICADA SAS,CALLE 17F No 126-90,BOGOTA D.C.,BOGOTA D.C.,Periodo Actual,417247690.0,318324701.0,98922989.0,10020065.0,53676030.0,23531118.0,0.0,0.0,31735906,,,39341249.0,20961335.0,,,0.0,,,,50115820,22054938.0,28060882,,28060882,2025,0.23708456959941468,0.07606011192057169,0.06725233637602643,-59510851,1.4715254702037448,C2229,Fabricación de artículos de plástico n.c.p.
Plenas-Separados,"Estado de resultado integral, resultado del periodo, por funcion de gasto",860531602,2025-12-31,"LABORATORIOS LEGRAND SA  FÁBRICA, IMPORTAR, EXPORTAR, COMPRAR, VENDER, DISTRIBUIR Y REPRESENTAR PREPARACIONES FARMACÉUTICAS   C2100 - Fabricación de productos farmacéuticos, sustancias químicas medicinales y productos botánicos de uso farmacéutico 01. ANUAL 1986-05-29 2085-05-29 ACTIVA 01. SOCIEDAD ANÓNIMA 07. ACTIVIDAD ECONÓMICA DIFERENTE A LAS ANTERIORES","C2100 - Fabricación de productos farmacéuticos, sustancias químicas medicinales y productos botánicos de uso farmacéutico",01. SOCIEDAD ANÓNIMA,CARRERA 19a 90 13 OFICINA 901,BOGOTA D.C.,BOGOTA D.C.,Periodo Actual,283198972.0,117556864.0,165642108.0,7744443.0,52169789.0,11988752.0,20322759.0,0.0,88905251,,,5033618.0,18009905.0,,,,,,,75928964,21156867.0,54772097,,54772097,2025,0.5848965722940548,0.31393211060102294,0.19340499936560504,51532756,0.0628598439408131,C2100,"Fabricación de productos farmacéuticos, sustancias químicas medicinales y productos botánicos de uso farmacéutico"
Plenas-Separados,"Estado de resultado integral, resultado del periodo, por funcion de gasto",860532426,2025-12-31,NAVES SAS,H5229 - Otras actividades complementarias al transporte,08. SOCIEDAD POR ACCIONES SIMPLIFICADA SAS,AV CL 84A 12 18 ED TORRE ANDINA OF 603 604 605,BOGOTA D.C.,BOGOTA D.C.,Periodo Actual,31057054.0,16216663.0,14840391.0,1372039.0,0.0,3767123.0,1514667.0,0.0,10930640,,,1413297.0,,,2635644.0,,,,,14979581,4894285.0,10085296,,10085296,2025,0.47784284369019675,0.351953536867985,0.3247344709514302,8392778,0.2016636207939731,H5229,Otras actividades complementarias al transporte
Plenas-Separados,"Estado de resultado integral, resultado del periodo, por funcion de gasto",860533206,2025-12-31,ENERGIA INTEGRAL ANDINA S.A. EN REORGANIZACION,F4321 - Instalaciones eléctricas,01. SOCIEDAD ANÓNIMA,AV CIRCUNVALAR KM 6 VIA AL COVE,BOGOTA D.C.,BOGOTA D.C.,Periodo Actual,283152643.0,223691835.0,59460808.0,0.0,2599317.0,17747325.0,0.0,0.0,39114166,,,9702374.0,12628326.0,,,,,,,36188214,12115734.0,24072480,,24072480,2025,0.20999559590902353,0.13813809253406828,0.0850159113648111,21099811,0.14088604869493854,F4321,Instalaciones eléctricas
Plenas-Separados,"Estado de resultado integral, resultado del periodo, por funcion de gasto",860533413,2025-12-31,IRCC S.A.S INDUSTRIA DE RESTAURANTES CASUALES S.A.S IRCC S.A.S INDUSTRIA DE RESTAURANTES CASUALES S.A.S,I5611 - Expendio a la mesa de comidas preparadas,08. SOCIEDAD POR ACCIONES SIMPLIFICADA SAS,CR 11 No. 77 A 49 P 3 OF 302,BOGOTA D.C.,BOGOTA D.C.,Periodo Actual,791204795.0,276131658.0,515073137.0,19512697.0,350093871.0,70015836.0,0.0,0.0,114476127,,,9570616.0,158250118.0,,19467304.0,,,,,-14736071,-7727063.0,-7009008,,-7009008,2025,0.6509985028591744,0.14468583573232768,-0.008858652076293345,21806392,-1.3214198845916372,I5611,Expendio a la mesa de comidas preparadas
Plenas-Separados,"Estado de resultado integral, resultado del periodo, por funcion de gasto",860533798,2025-12-31,PLASTICOS Y CAUCHOS S A PLACA,C2229 - Fabricación de artículos de plástico n.c.p.,01. SOCIEDAD ANÓNIMA,CR 43 14 79,BOGOTA D.C.,BOGOTA D.C.,Periodo Actual,15485850.0,13766755.0,1719095.0,664110.0,1209965.0,778915.0,662328.0,0.0,-268003,,,8569.0,480136.0,,-102795.0,,,,,-842365,29001.0,-871366,,-871366,2025,0.111010696861974,-0.017306315119932067,-0.05626852901196899,-257897,-2.37873647231259,C2229,Fabricación de artículos de plástico n.c.p.
Plenas-Separados,"Estado de resultado integral, resultado del periodo, por funcion de gasto",860534736,2025-12-31,INVERSIONES AGRICOLAS E INDUSTRIALES EL PORVENIR LTDA,K6613 - Otras actividades relacionadas con el mercado de valores,03. SOCIEDAD LIMITADA,CL 81 11 68 OF 503,BOGOTA D.C.,BOGOTA D.C.,Periodo Actual,0.0,0.0,0.0,0.0,0.0,8500.0,0.0,0.0,-8500,,,,,,-912034.0,,,,,-920534,,-920534,,-920534,2025,,,,1089174,-1.8451670715606505,K6613,Otras actividades relacionadas con el mercado de valores
Plenas-Separados,"Estado de resultado integral, resultado del periodo, por funcion de gasto",860535490,2025-12-31,TELVAL S.A.S,M7112 - Actividades de ingeniería y otras actividades conexas de consultoría técnica,08. SOCIEDAD POR ACCIONES SIMPLIFICADA SAS,CL 98 10 32 OF 702,BOGOTA D.C.,BOGOTA D.C.,Periodo Actual,46542392.0,37030650.0,9511742.0,419725.0,95712.0,5219752.0,2485740.0,0.0,2130263,,,,,,,,,,,2130263,745592.0,1384671,,1384671,2025,0.20436727875954463,0.04577038068864187,0.029750748521906654,1768215,-0.21691027392030945,M7112,Actividades de ingeniería y otras actividades conexas de consultoría técnica
Plenas-Separados,"Estado de resultado integral, resultado del periodo, por funcion de gasto",860535628,2025-12-31,UNION DE REPRESENTACIONES  S.A.S,N7911 - Actividades de las agencias de viaje,08. SOCIEDAD POR ACCIONES SIMPLIFICADA SAS,CALLE 20 4 55,BOGOTA D.C.,BOGOTA D.C.,Periodo Actual,5584712.0,3776049.0,1808663.0,262822.0,1248444.0,0.0,214754.0,0.0,608287,,,83335.0,,,,,,,,691622,264374.0,427248,,427248,2025,0.3238596726205398,0.10892003025402205,0.07650313928453249,32715,12.059697386519945,N7911,Actividades de las agencias de viaje
Plenas-Separados,"Estado de resultado integral, resultado del periodo, por funcion de gasto",860535706,2025-12-31,AGP DE COLOMBIA S.A,"C2930 - Fabricación de partes, piezas (autopartes) y accesorios (lujos) para vehículos automotores",01. SOCIEDAD ANÓNIMA,CL 15 35 59,BOGOTA D.C.,BOGOTA D.C.,Periodo Actual,143959496.0,116546248.0,27413248.0,897527.0,8583527.0,14389014.0,564984.0,0.0,4773250,,,300.0,2109265.0,,,,,,,2664285,1002614.0,1661671,,1661671,2025,0.19042333963158636,0.03315689574239687,0.011542628629375029,5239393,-0.6828504752363489,C2930,"Fabricación de partes, piezas (autopartes) y accesorios (lujos) para vehículos automotores"
Plenas-Separados,"Estado de resultado integral, resultado del periodo, por funcion de gasto",890100477,2025-12-31,EL HERALDO S.A.,"J5813 - Edición de periódicos, revistas y otras publicaciones periódicas",01. SOCIEDAD ANÓNIMA,CRA 46 85-26 PISO5,ATLANTICO,BARRANQUILLA-ATLANTICO,Periodo Actual,22384296.0,10768542.0,11615754.0,472327.0,5184400.0,6184974.0,0.0,0.0,718707,,,,577521.0,,,,,,,141186,16596.0,124590,,124590,2025,0.518924249393414,0.032107643680194364,0.005565955703945301,915526,-0.8639142962624764,J5813,"Edición de periódicos, revistas y otras publicaciones periódicas"
Plenas-Separados,"Estado de resultado integral, resultado del periodo, por funcion de gasto",890101138,2025-12-31,PELAEZ HERMANOS SA,"G4530 - Comercio de partes, piezas (autopartes) y accesorios (lujos) para vehículos automotores",01. SOCIEDAD ANÓNIMA,CRA 32 17 09,BOGOTA D.C.,BOGOTA D.C.,Periodo Actual,264377769.0,200505909.0,63871860.0,5869414.0,44786670.0,9769190.0,0.0,12283164.0,27468578,,,,7174425.0,,,,,,,20294153,3486051.0,16808102,,16808102,2025,0.2415931575547867,0.10389897041607912,0.06357607927314039,16521598,0.01734117970912983,G4530,"Comercio de partes, piezas (autopartes) y accesorios (lujos) para vehículos automotores"
Plenas-Separados,"Estado de resultado integral, resultado del periodo, por funcion de gasto",890101176,2025-12-31,MEICO SA,G4632 - Comercio al por mayor de bebidas y tabaco,01. SOCIEDAD ANÓNIMA,CALLE 1B # 30 61,ATLANTICO,PUERTO-COLOMBIA-ATLANTICO,Periodo Actual,829799958.0,653005892.0,176794066.0,2287909.0,60402167.0,79080620.0,225626.0,0.0,39373562,,,2743172.0,17728380.0,,431322.0,,,,,24819676,9811042.0,15008634,,15008634,2025,0.213056248431384,0.04744946251250594,0.018087050807009078,13545214,0.10803963673073014,G4632,Comercio al por mayor de bebidas y tabaco
Plenas-Separados,"Estado de resultado integral, resultado del periodo, por funcion de gasto",890101272,2025-12-31,SEMPERTEX DE COLOMBIA SAS,C2219 - Fabricación de formas básicas de caucho y otros productos de caucho n.c.p.,08. SOCIEDAD POR ACCIONES SIMPLIFICADA SAS,VIA 40 #64-198 ZONA INDUSTRIAL LOMA 3,ATLANTICO,BARRANQUILLA-ATLANTICO,Periodo Actual,169398615.0,111183299.0,58215316.0,5723422.0,24402932.0,25648909.0,2112554.0,0.0,11774343,,,,4549135.0,,28284890.0,,,,,35510098,5096502.0,30413596,,30413596,2025,0.343658748331561,0.069506725305871,0.17953863436250644,59087482,-0.4852785231227149,C2219,Fabricación de formas básicas de caucho y otros productos de caucho n.c.p.
Plenas-Separados,"Estado de resultado integral, resultado del periodo, por funcion de gasto",890101279,2025-12-31,CONTINENTE SAS,G4690 - Comercio al por mayor no especializado,08. SOCIEDAD POR ACCIONES SIMPLIFICADA SAS,CL 69 VIA 40 301,ATLANTICO,BARRANQUILLA-ATLANTICO,Periodo Actual,595440654.0,359801739.0,235638915.0,1274347.0,182445569.0,22152173.0,0.0,0.0,32315520,,,406313.0,16536180.0,,,6666303.0,,,,22851956,4980809.0,17871147,,17871147,2025,0.39573870782427295,0.05427160504227177,0.030013313467843934,1586913,10.261579557291421,G4690,Comercio al por mayor no especializado
Plenas-Separados,"Estado de resultado integral, resultado del periodo, por funcion de gasto",890101692,2025-12-31,GELCO SAS,C2029 - Fabricación de otros productos químicos n.c.p.,08. SOCIEDAD POR ACCIONES SIMPLIFICADA SAS,CARRERA 42 2 100,ATLANTICO,BARRANQUILLA-ATLANTICO,Periodo Actual,136454223.0,102887808.0,33566415.0,291805.0,6658462.0,10535118.0,1026922.0,0.0,15637718,,40040.0,69653.0,3576711.0,,2755649.0,,,,,14926349,3803101.0,11123248,,11123248,2025,0.2459902981529564,0.1146004693456794,0.08151633386971102,6837453,0.6268116212279631,C2029,Fabricación de otros productos químicos n.c.p.
Plenas-Separados,"Estado de resultado integral, resultado del periodo, por funcion de gasto",890101880,2025-12-31,COMPAÑIA DE INVERSIONES OLIMPICA S.A.S,K6613 - Otras actividades relacionadas con el mercado de valores,08. SOCIEDAD POR ACCIONES SIMPLIFICADA SAS,CRA 54 59 67,ATLANTICO,BARRANQUILLA-ATLANTICO,Periodo Actual,928958.0,0.0,928958.0,22525565.0,0.0,6253878.0,4133202.0,0.0,13067443,,,1154163.0,1976826.0,,89949349.0,,,,,102194129,3409375.0,98784754,,98784754,2025,1.0,14.066774816514847,106.33931135745642,41034825,1.4073394732401077,K6613,Otras actividades relacionadas con el mercado de valores
Plenas-Separados,"Estado de resultado integral, resultado del periodo, por funcion de gasto",890102110,2025-12-31,OLEOFLORES S.A.S.,C1031 - Extracción de aceites de origen vegetal crudos,08. SOCIEDAD POR ACCIONES SIMPLIFICADA SAS,Carrera 58 64 82,ATLANTICO,BARRANQUILLA-ATLANTICO,Periodo Actual,1108259492.0,979509691.0,128749801.0,0.0,39629939.0,30279720.0,0.0,0.0,58840142,,,11847072.0,31994847.0,,,,,,,38692367,13564288.0,25128079,,25128079,2025,0.11617297386522181,0.05309238713923869,0.02267346156869189,14652707,0.7149103575196037,C1031,Extracción de aceites de origen vegetal crudos
Plenas-Separados,"Estado de resultado integral, resultado del periodo, por funcion de gasto",890103400,2025-12-31,ALIMENTOS CONCENTRADOS DEL CARIBE S.A.,A0145 - Cría de aves de corral,01. SOCIEDAD ANÓNIMA,CR 30 # 28A 180,ATLANTICO,SOLEDAD-ATLANTICO,Periodo Actual,396414991.0,344064499.0,52350492.0,5350759.0,35815911.0,7352353.0,25313844.0,0.0,-10780857,,,,30896632.0,978234.0,,1848292.0,,,,-40807431,-10008425.0,-30799006,,-30799006,2025,0.13205981910002995,-0.02719588624235454,-0.07769384785955281,-26042885,-0.18262650240171163,A0145,Cría de aves de corral
Plenas-Separados,"Estado de resultado integral, resultado del periodo, por funcion de gasto",890105365,2025-12-31,PANIFICADORA DEL LITORAL S.A.,C1081 - Elaboración de productos de panadería,01. SOCIEDAD ANÓNIMA,CALLE 4  1E-408,ATLANTICO,MALAMBO-ATLANTICO,Periodo Actual,45617954.0,37276776.0,8341178.0,864271.0,636696.0,1428309.0,296772.0,0.0,6843672,,,211174.0,4044822.0,,,,473657.0,,,3483681,1067532.0,2416149,,2416149,2025,0.1828485775578624,0.1500214586563878,0.05296486992818661,2836922,-0.1483202569545444,C1081,Elaboración de productos de panadería
Plenas-Separados,"Estado de resultado integral, resultado del periodo, por funcion de gasto",890106527,2025-12-31,PROCAPS S.A.,"C2100 - Fabricación de productos farmacéuticos, sustancias químicas medicinales y productos botánicos de uso farmacéutico",01. SOCIEDAD ANÓNIMA,CALLE 80 #78B 201,ATLANTICO,BARRANQUILLA-ATLANTICO,Periodo Actual,1024429487.0,525486382.0,498943105.0,154756016.0,125992495.0,259143767.0,77629359.0,0.0,190933500,0.0,0.0,0.0,78826168.0,0.0,,-77114724.0,0.0,0.0,0.0,34992608,83110377.0,-48117769,0.0,-48117769,2025,0.48704484918833657,0.18638032429068493,-0.04697030846008828,-248541802,0.8063996936821115,C2100,"Fabricación de productos farmacéuticos, sustancias químicas medicinales y productos botánicos de uso farmacéutico"
Plenas-Separados,"Estado de resultado integral, resultado del periodo, por funcion de gasto",890106814,2025-12-31,GRANOS Y CEREALES DE COLOMBIA SA,C1051 - Elaboración de productos de molinería,01. SOCIEDAD ANÓNIMA,CL 18 CARRETERA A SOLEDAD,ATLANTICO,SOLEDAD-ATLANTICO,Periodo Actual,273438566.0,227160265.0,46278301.0,3827883.0,17872934.0,6033320.0,4542598.0,0.0,21657332,,,305387.0,12781800.0,,,,,,,9180919,3579691.0,5601228,,5601228,2025,0.16924569813608517,0.07920364825201724,0.020484411112659213,10250643,-0.4535730100053236,C1051,Elaboración de productos de molinería
Plenas-Separados,"Estado de resultado integral, resultado del periodo, por funcion de gasto",890107261,2025-12-31,JUAN MANUEL RUISECO V. & CIA S.C.A.,M7010 - Actividades de administración empresarial,05. SOCIEDAD EN COMANDITA POR ACCIONES,CR 55 100 51 OF 1204,ATLANTICO,BARRANQUILLA-ATLANTICO,Periodo Actual,2386090.0,0.0,2386090.0,4247456.0,0.0,4378059.0,0.0,0.0,2255487,,,2136978.0,3885875.0,,,,,,,506590,681511.0,-174921,,-174921,2025,1.0,0.9452648475120385,-0.07330863462819927,352583,-1.4961129719810655,M7010,Actividades de administración empresarial
Plenas-Separados,"Estado de resultado integral, resultado del periodo, por funcion de gasto",890107487,2025-12-31,SUPERTIENDAS Y DROGUERIAS OLIMPICA S.A,"G4711 - Comercio al por menor en establecimientos no especializados con surtido compuesto principalmente por alimentos, bebidas (alcohólicas y no alcohólicas) o tabaco",01. SOCIEDAD ANÓNIMA,CALLE 53 No 46-192,ATLANTICO,BARRANQUILLA-ATLANTICO,Periodo Actual,6945059081.0,5783217764.0,1161841317.0,5492722.0,682125295.0,220148559.0,190467419.0,0.0,74592766,,,,92232797.0,,103029029.0,,,,,85388998,4799180.0,80589818,,80589818,2025,0.16729034317051622,0.010740407695604455,0.011603906757319636,63653751,0.2660654986380928,G4711,"Comercio al por menor en establecimientos no especializados con surtido compuesto principalmente por alimentos, bebidas (alcohólicas y no alcohólicas) o tabaco"
Plenas-Separados,"Estado de resultado integral, resultado del periodo, por funcion de gasto",890110048,2025-12-31,INVERSIONES JADES SAS,K6613 - Otras actividades relacionadas con el mercado de valores,08. SOCIEDAD POR ACCIONES SIMPLIFICADA SAS,CL 80 No 78 B - 201,ATLANTICO,BARRANQUILLA-ATLANTICO,Periodo Actual,0.0,0.0,0.0,1662973.0,0.0,29994.0,0.0,0.0,1632979,0.0,0.0,0.0,804.0,0.0,,,,,,1632175,2.0,1632173,,1632173,2025,,,,-48418131,1.033709954644883,K6613,Otras actividades relacionadas con el mercado de valores
Plenas-Separados,"Estado de resultado integral, resultado del periodo, por funcion de gasto",890110147,2025-12-31,REFORESTADORA DE LA COSTA SAS,A0210 - Silvicultura y otras actividades forestales,08. SOCIEDAD POR ACCIONES SIMPLIFICADA SAS,CR 11B 99 25 P 10,BOGOTA D.C.,BOGOTA D.C.,Periodo Actual,72594510.0,57337930.0,15256580.0,0.0,19297330.0,13444003.0,0.0,-17441222.0,-34925975,0.0,0.0,715539.0,5801826.0,0.0,-15531364.0,0.0,0.0,0.0,0.0,-55543626,-2350005.0,-53193621,,-53193621,2025,0.21016162241469774,-0.4811104173029062,-0.7327499145596548,-10238754,-4.195321715904103,A0210,Silvicultura y otras actividades forestales
Plenas-Separados,"Estado de resultado integral, resultado del periodo, por funcion de gasto",890111555,2025-12-31,COLOMBIANA DE SUMINISTROS MEDICOS HOSPITALARIOS LIMITADA,"G4645 - Comercio al por mayor de productos farmacéuticos, medicinales, cosméticos y de tocador",03. SOCIEDAD LIMITADA,CL 80 No 78 B - 201,ATLANTICO,BARRANQUILLA-ATLANTICO,Periodo Actual,0.0,0.0,0.0,4234885.0,0.0,37335.0,3823.0,0.0,4193727,0.0,0.0,0.0,550.0,0.0,,0.0,0.0,0.0,0.0,4193177,10269.0,4182908,0.0,4182908,2025,,,,1209332,2.458858278785313,G4645,"Comercio al por mayor de productos farmacéuticos, medicinales, cosméticos y de tocador"
Plenas-Separados,"Estado de resultado integral, resultado del periodo, por funcion de gasto",890112132,2025-12-31,CORPORACIONES E INVERSIONES DEL MAR CARIBE S.A.S.,K6613 - Otras actividades relacionadas con el mercado de valores,08. SOCIEDAD POR ACCIONES SIMPLIFICADA SAS,"Carrera 43 B 1 A SUR 143 EDIFICIO SANTILLANA, TORRE NORTE",ANTIOQUIA,MEDELLIN-ANTIOQUIA,Periodo Actual,0.0,0.0,0.0,0.0,9664.0,99809.0,113173.0,0.0,-222646,,,1508891.0,186210.0,,76288907.0,,,,,77388942,10538679.0,66850263,,66850263,2025,,,,28384386,1.3551773499698039,K6613,Otras actividades relacionadas con el mercado de valores
Plenas-Separados,"Estado de resultado integral, resultado del periodo, por funcion de gasto",890112179,2025-12-31,Compañia Envasadora del Atlantico SAS,"C1020 - Procesamiento y conservación de frutas, legumbres, hortalizas y tubérculos",08. SOCIEDAD POR ACCIONES SIMPLIFICADA SAS,ZONA FRANCA DE BARRANQUILLA BODEGA 12 MODULO 4,ATLANTICO,BARRANQUILLA-ATLANTICO,Periodo Actual,182157765.0,102166203.0,79991562.0,2500381.0,30491085.0,22802706.0,4806205.0,0.0,24391947,,,1055569.0,8684569.0,,,,,,,16762947,3888556.0,12874391,,12874391,2025,0.4391334182212875,0.133905611984205,0.07067714626384441,39531544,-0.6743261280156424,C1020,"Procesamiento y conservación de frutas, legumbres, hortalizas y tubérculos"
Plenas-Separados,"Estado de resultado integral, resultado del periodo, por funcion de gasto",890112475,2025-12-31, CI ENERGIA SOLAR SAS ESWINDOWS,C2511 - Fabricación de productos metálicos para uso estructural,08. SOCIEDAD POR ACCIONES SIMPLIFICADA SAS,"AV. CIRCUNVALAR A 100 MTS. DE LA VIA 40, BRR LAS FLORES",ATLANTICO,BARRANQUILLA-ATLANTICO,Periodo Actual,2585504847.0,2168588286.0,416916561.0,0.0,117248248.0,59629128.0,89321651.0,0.0,150717534,,,23074853.0,,,66335279.0,,,,,240127666,68264946.0,171862720,,171862720,2025,0.16125151011948577,0.058293270722303926,0.06647162939934724,200730299,-0.14381276341345958,C2511,Fabricación de productos metálicos para uso estructural
Plenas-Separados,"Estado de resultado integral, resultado del periodo, por funcion de gasto",890117380,2025-12-31,INVERSIONES HENIA,K6613 - Otras actividades relacionadas con el mercado de valores,08. SOCIEDAD POR ACCIONES SIMPLIFICADA SAS,CL80 78B 201,ATLANTICO,BARRANQUILLA-ATLANTICO,Periodo Actual,0.0,0.0,0.0,2850898.0,0.0,56571.0,0.0,0.0,2794327,,,,252187.0,,,,,,,2542140,6063.0,2536077,,2536077,2025,,,,-98344867,1.0257875888936836,K6613,Otras actividades relacionadas con el mercado de valores
Plenas-Separados,"Estado de resultado integral, resultado del periodo, por funcion de gasto",890117381,2025-12-31,INVERSIONES CRYNSEEN S.A.S.,K6613 - Otras actividades relacionadas con el mercado de valores,08. SOCIEDAD POR ACCIONES SIMPLIFICADA SAS,CL 80 No 78 B - 201,ATLANTICO,BARRANQUILLA-ATLANTICO,Periodo Actual,0.0,0.0,0.0,273643.0,0.0,40804.0,0.0,0.0,232839,,,,759.0,,,,,,,232080,-144.0,232224,,232224,2025,,,,-39697191,1.0058498849452597,K6613,Otras actividades relacionadas con el mercado de valores
Plenas-Separados,"Estado de resultado integral, resultado del periodo, por funcion de gasto",890200474,2025-12-31,INCUBADORA SANTANDER S.A.,A0145 - Cría de aves de corral,01. SOCIEDAD ANÓNIMA,CARRERA 15 3AN 50 TORRE EMPRESARIAL CENTRO COMERCIAL DELACUESTA ACCESO 3 PISO 10,SANTANDER,PIEDECUESTA-SANTANDER,Periodo Actual,883891201.0,718567742.0,165323459.0,37701019.0,124953290.0,42580929.0,58225359.0,0.0,-22735100,,,,,,,,,,,-22735100,-18835076.0,-3900024,,-3900024,2025,0.18704050771515712,-0.025721604620883652,-0.004412334906816207,6259708,-1.6230360905013461,A0145,Cría de aves de corral
Plenas-Separados,"Estado de resultado integral, resultado del periodo, por funcion de gasto",890200685,2025-12-31,PENAGOS HERMANOS SAS,K6619 - Otras actividades auxiliares de las actividades de servicios financieros n.c.p.,08. SOCIEDAD POR ACCIONES SIMPLIFICADA SAS,CALLE 28 20 80,SANTANDER,BUCARAMANGA-SANTANDER,Periodo Actual,12987074.0,0.0,12987074.0,5811630.0,0.0,4629830.0,3371049.0,532717.0,11330542,,,4801515.0,3928495.0,,,,,,,12203562,583824.0,11619738,,11619738,2025,1.0,0.8724476352410097,0.8947156226260049,19239811,-0.396057580815113,K6619,Otras actividades auxiliares de las actividades de servicios financieros n.c.p.
Plenas-Separados,"Estado de resultado integral, resultado del periodo, por funcion de gasto",890200877,2025-12-31,URBANIZADORA DAVID PUYANA SA EN REORGANIZACION,F4111 - Construcción de edificios residenciales,01. SOCIEDAD ANÓNIMA,CLLE 158 18 81,SANTANDER,FLORIDABLANCA-SANTANDER,Periodo Actual,22957170.0,13127131.0,9830039.0,1572369.0,1636608.0,4620125.0,1182845.0,0.0,3962830,,,2551220.0,5416098.0,,1258629.0,,,,,2356581,38625.0,2317956,,2317956,2025,0.4281903649273843,0.17261840200686757,0.10096871696293576,-520729,5.451367217881086,F4111,Construcción de edificios residenciales
Plenas-Separados,"Estado de resultado integral, resultado del periodo, por funcion de gasto",890201201,2025-12-31,OTACC S.A.S.,F4290 - Construcción de otras obras de ingeniería civil,08. SOCIEDAD POR ACCIONES SIMPLIFICADA SAS,CL 52A 31 140,SANTANDER,BUCARAMANGA-SANTANDER,Periodo Actual,355465350.0,302823277.0,52642073.0,2470723.0,0.0,13880355.0,2048572.0,-76382.0,39107487,,,3663333.0,508902.0,,130017.0,,,,,42391935,8943236.0,33448699,,33448699,2025,0.1480934020713974,0.11001771902662243,0.09409833898015657,12408830,1.6955562289111867,F4290,Construcción de otras obras de ingeniería civil
Plenas-Separados,"Estado de resultado integral, resultado del periodo, por funcion de gasto",890203803,2025-12-31,INDUSTRIA DE EJES Y TRANSMISIONES S.A.,"G4530 - Comercio de partes, piezas (autopartes) y accesorios (lujos) para vehículos automotores",01. SOCIEDAD ANÓNIMA,ZONA INDUSTRIAL GIRON KILOMETRO 7,SANTANDER,GIRON-SANTANDER,Periodo Actual,39042439.0,25146464.0,13895975.0,2321741.0,5195701.0,11775607.0,153449.0,0.0,-907041,,,648673.0,671075.0,,-229430.0,,,,,-1158873,2245585.0,-3404458,,-3404458,2025,0.35591974671459436,-0.0232321807559205,-0.08719890681009965,4920202,-1.6919345994331128,G4530,"Comercio de partes, piezas (autopartes) y accesorios (lujos) para vehículos automotores"
Plenas-Separados,"Estado de resultado integral, resultado del periodo, por funcion de gasto",890204118,2025-12-31,PROQUIMSA SAS,C1921 - Fabricación de productos de la refinación del petróleo,08. SOCIEDAD POR ACCIONES SIMPLIFICADA SAS,CLLE 35 NRO 19-41 OF 504 TORRE SUR,SANTANDER,PIEDECUESTA-SANTANDER,Periodo Actual,36894569.0,27239337.0,9655232.0,659560.0,2760459.0,2882196.0,548283.0,0.0,4123854,,,,640393.0,,,-216414.0,,,,3267047,1184115.0,2082932,,2082932,2025,0.2616979209053777,0.11177401205039149,0.05645633101175406,2034466,0.023822467418968908,C1921,Fabricación de productos de la refinación del petróleo
Plenas-Separados,"Estado de resultado integral, resultado del periodo, por funcion de gasto",890204814,2025-12-31,C.I. MANUFACTURAS Y PROCESOS INDUSTRIALES LIMITADA,C1921 - Fabricación de productos de la refinación del petróleo,03. SOCIEDAD LIMITADA,KILOMETRO 2 VIA FLORIDABLANCA GIRON ECOPARQUE EMPRESARIAL NATURA TORRE 1 OFICINA 515,SANTANDER,FLORIDABLANCA-SANTANDER,Periodo Actual,418790497.0,391155644.0,27634853.0,54173.0,7220473.0,5225419.0,187202.0,0.0,15055932,,,550302.0,6416308.0,,,,-1833249.0,,,7356677,2776500.0,4580177,,4580177,2025,0.06598729722369989,0.03595098768442208,0.010936678441392619,4711460,-0.027864610969847988,C1921,Fabricación de productos de la refinación del petróleo
Plenas-Separados,"Estado de resultado integral, resultado del periodo, por funcion de gasto",890205142,2025-12-31,DISTRAVES S.A.S,A0145 - Cría de aves de corral,08. SOCIEDAD POR ACCIONES SIMPLIFICADA SAS,CRA 17 60 170 AUTOPISTA PALENQUE CHIMITA,SANTANDER,GIRON-SANTANDER,Periodo Actual,605089251.0,537728560.0,67360691.0,50807655.0,82075198.0,22402286.0,13052303.0,-16507599.0,-15869040,,,881243.0,23844802.0,,-606465.0,,,,,-39439064,-12096059.0,-27343005,,-27343005,2025,0.11132356241443132,-0.026225949269093857,-0.04518838329190548,26712444,-2.0236055150925165,A0145,Cría de aves de corral
Plenas-Separados,"Estado de resultado integral, resultado del periodo, por funcion de gasto",890205645,2025-12-31,MARVAL S.A.S.,F4111 - Construcción de edificios residenciales,08. SOCIEDAD POR ACCIONES SIMPLIFICADA SAS,CARRERA 29 45 -45 OFICINA 1801,SANTANDER,BUCARAMANGA-SANTANDER,Periodo Actual,1211095803.0,825292543.0,385803260.0,914429.0,20204787.0,42501453.0,54462595.0,-82930.0,269465924,,,11223266.0,27196350.0,1859681.0,-413582.0,,,,,251219577,6010856.0,245208721,,245208721,2025,0.31855717693375574,0.22249761194160458,0.20246847556782427,209156532,0.17236941469272402,F4111,Construcción de edificios residenciales
Plenas-Separados,"Estado de resultado integral, resultado del periodo, por funcion de gasto",890206351,2025-12-31,SISTEMAS Y COMPYTADORES S.A.,"J6311 - Procesamiento de datos, alojamiento (hosting) y actividades relacionadas",01. SOCIEDAD ANÓNIMA,KILÓMETRO 2.176 ANILLO VIAL FLORIDABLANCA-GIRÓN TORRE SYC PISO 8 ECOPARQUE EMPRESARIAL NATURA,SANTANDER,FLORIDABLANCA-SANTANDER,Periodo Actual,165073952.0,84514899.0,80559053.0,1305558.0,2238417.0,26919822.0,1236336.0,0.0,51470036,,,2471538.0,252933.0,,,,,,,53688641,19052265.0,34636376,,34636376,2025,0.48801795815732335,0.31179986531127574,0.20982338873185757,40130999,-0.1369171746758659,J6311,"Procesamiento de datos, alojamiento (hosting) y actividades relacionadas"
Plenas-Separados,"Estado de resultado integral, resultado del periodo, por funcion de gasto",890206592,2025-12-31,ORLANDO RIASCOS F DISMACOR S.A.S.,"G4530 - Comercio de partes, piezas (autopartes) y accesorios (lujos) para vehículos automotores",08. SOCIEDAD POR ACCIONES SIMPLIFICADA SAS,AV QUITO 78 40,BOGOTA D.C.,BOGOTA D.C.,Periodo Actual,6827754.0,4759864.0,2067890.0,74996.0,8376887.0,1027291.0,0.0,0.0,-7261292,,,,,,,,,,,-7261292,,-7261292,,-7261292,2025,0.30286533463273574,-1.0634964294261333,-1.0634964294261333,3966178,-2.8308033577918086,G4530,"Comercio de partes, piezas (autopartes) y accesorios (lujos) para vehículos automotores"
Plenas-Separados,"Estado de resultado integral, resultado del periodo, por funcion de gasto",890207543,2025-12-31,VENTANAR SAS,C2511 - Fabricación de productos metálicos para uso estructural,08. SOCIEDAD POR ACCIONES SIMPLIFICADA SAS,CL 75 A 66 50 OF 427 TO OFIESPACIOS CC METROPOLIS,BOGOTA D.C.,BOGOTA D.C.,Periodo Actual,83166950.0,60431975.0,22734975.0,1760353.0,6136581.0,12499952.0,0.0,0.0,5858795,,,1066444.0,3199837.0,,,,,,,3725402,2975922.0,749480,,749480,2025,0.2733655015604155,0.0704461928686816,0.0090117528657718,1784933,-0.5801074886284248,C2511,Fabricación de productos metálicos para uso estructural
Plenas-Separados,"Estado de resultado integral, resultado del periodo, por funcion de gasto",890209207,2025-12-31,PRETENSADOS DE CONCRETO DEL ORIENTE S.A.S,"C2395 - Fabricación de artículos de hormigón, cemento y yeso",08. SOCIEDAD POR ACCIONES SIMPLIFICADA SAS,CALLE 36 No 31-39 OF. 219,SANTANDER,BUCARAMANGA-SANTANDER,Periodo Actual,49369390.0,28716600.0,20652790.0,0.0,5807991.0,1739985.0,0.0,0.0,13104814,,,1569421.0,847055.0,,2808045.0,,,,,16635225,5245330.0,11389895,,11389895,2025,0.4183318854051063,0.26544411425784276,0.2307076307809353,10276443,0.10834994170648346,C2395,"Fabricación de artículos de hormigón, cemento y yeso"
Plenas-Separados,"Estado de resultado integral, resultado del periodo, por funcion de gasto",890300005,2025-12-31,CARVAJAL PROPIEDADES E INVERSIONES S.A.,"K6499 - Otras actividades de servicio financiero, excepto las de seguros y pensiones n.c.p.",01. SOCIEDAD ANÓNIMA,CALLE 29 Nte 6A40,VALLE,CALI-VALLE,Periodo Actual,99531822.0,24873092.0,74658730.0,6751115.0,1156225.0,44685647.0,1624846.0,11545099.0,45488226,,,720390.0,39076628.0,,-4416720.0,,,,,2715268,-3518899.0,6234167,,6234167,2025,0.7500990989595268,0.4570219361602765,0.06263491288243472,10541378,-0.40860037463792687,K6499,"Otras actividades de servicio financiero, excepto las de seguros y pensiones n.c.p."
Plenas-Separados,"Estado de resultado integral, resultado del periodo, por funcion de gasto",890300225,2025-12-31,COEXITO SAS,"G4530 - Comercio de partes, piezas (autopartes) y accesorios (lujos) para vehículos automotores",08. SOCIEDAD POR ACCIONES SIMPLIFICADA SAS,CRA. 5 NRO. 61A 95,VALLE,CALI-VALLE,Periodo Actual,701878972.0,499223761.0,202655211.0,3307752.0,146572190.0,24992227.0,826099.0,-355617.0,33216830,,,,1287601.0,632330.0,-1012582.0,,,,,30284317,11881887.0,18402430,,18402430,2025,0.28873241553673445,0.04732558079828042,0.026218807991301385,20839186,-0.11693143868479317,G4530,"Comercio de partes, piezas (autopartes) y accesorios (lujos) para vehículos automotores"
Plenas-Separados,"Estado de resultado integral, resultado del periodo, por funcion de gasto",890300406,2025-12-31,CARTON DE COLOMBIA S.A.,C1701 - Fabricación de pulpas (pastas) celulósicas; papel y cartón,01. SOCIEDAD ANÓNIMA,CL 15# 18-109 ZN INDUSTRIAL PUERTO ISAACS,VALLE,YUMBO-VALLE,Periodo Actual,1746023349.0,1412117273.0,333906076.0,64407411.0,108004929.0,162412711.0,0.0,11482349.0,139378196,,,2400634.0,74072126.0,,101257658.0,,,,,168964362,-6310484.0,175274846,,175274846,2025,0.1912380359582465,0.07982607797302715,0.1003851673005319,125877766,0.3924210094418104,C1701,Fabricación de pulpas (pastas) celulósicas; papel y cartón
Plenas-Separados,"Estado de resultado integral, resultado del periodo, por funcion de gasto",890300431,2025-12-31,CABLES DE ENERGIA Y DE TELECOMUNICACIONES S.A.S,C2731 - Fabricación de hilos y cables eléctricos y de fibra óptica,08. SOCIEDAD POR ACCIONES SIMPLIFICADA SAS,CALLE 10 # 38-43,VALLE,YUMBO-VALLE,Periodo Actual,1554607044.0,1307248677.0,247358367.0,4311489.0,48103989.0,67052270.0,1423238.0,32032.0,135122391,,,96922481.0,90424717.0,,799941.0,,,,,142420096,44445992.0,97974104,,97974104,2025,0.1591131134743527,0.08691739274018111,0.0630217805702931,52745592,0.8574842045568472,C2731,Fabricación de hilos y cables eléctricos y de fibra óptica
Plenas-Separados,"Estado de resultado integral, resultado del periodo, por funcion de gasto",890300466,2025-12-31,TECNOQUIMICAS S.A.,G4669 - Comercio al por mayor de otros productos n.c.p.,01. SOCIEDAD ANÓNIMA,CALLE 23 NRO 7 39,VALLE,CALI-VALLE,Periodo Actual,3034872606.0,1980247666.0,1054624940.0,64366731.0,637111490.0,286545856.0,14332714.0,460993.0,181462604,,,45979429.0,90145225.0,,440106823.0,,,,,577403631,57096530.0,520307101,,520307101,2025,0.3475022107731925,0.0597924946309921,0.17144281442698553,425586482,0.22256491455008198,G4669,Comercio al por mayor de otros productos n.c.p.
Plenas-Separados,"Estado de resultado integral, resultado del periodo, por funcion de gasto",890301443,2025-12-31,AMALFI S.A.S.,"G4799 - Otros tipos de comercio al por menor no realizado en establecimientos, puestos de venta o mercados",08. SOCIEDAD POR ACCIONES SIMPLIFICADA SAS,AVENIDA 3 OESTE 10 51,VALLE,CALI-VALLE,Periodo Actual,119201363.0,16874245.0,102327118.0,343575.0,2467415.0,10246363.0,0.0,-4446716.0,85510199,,,4206015.0,39638.0,,29069070.0,,,,,118745646,311328.0,118434318,,118434318,2025,0.8584391606327522,0.7173592385852166,0.9935651323047372,92550415,0.27967354873557293,G4799,"Otros tipos de comercio al por menor no realizado en establecimientos, puestos de venta o mercados"
Plenas-Separados,"Estado de resultado integral, resultado del periodo, por funcion de gasto",890301463,2025-12-31,LABORATORIO FRANCO COLOMBIANO LAFRANCOL S.A.S,"C2100 - Fabricación de productos farmacéuticos, sustancias químicas medicinales y productos botánicos de uso farmacéutico",08. SOCIEDAD POR ACCIONES SIMPLIFICADA SAS,CRA 1 46-84,VALLE,CALI-VALLE,Periodo Actual,824679124.0,456499630.0,368179494.0,0.0,209922037.0,108871798.0,30908770.0,-1770050.0,16706839,,,,22496739.0,,2610299.0,,,,-19003916.0,-22183517,3501236.0,-25684753,,-25684753,2025,0.4464518177860411,0.020258593328961242,-0.031145147551958643,-13739794,-0.8693695844348176,C2100,"Fabricación de productos farmacéuticos, sustancias químicas medicinales y productos botánicos de uso farmacéutico"
Plenas-Separados,"Estado de resultado integral, resultado del periodo, por funcion de gasto",890301602,2025-12-31,LLOREDA S.A. ACUERDO DE REESTRUCTURACION,C1032 - Elaboración de aceites y grasas de origen vegetal refinados,01. SOCIEDAD ANÓNIMA,Calle 15 # 28-370,VALLE,YUMBO-VALLE,Periodo Actual,101779342.0,79576173.0,22203169.0,0.0,8594683.0,21776601.0,0.0,0.0,-8168115,,,2677821.0,499595.0,,8651035.0,,,,,2661146,1499118.0,1162028,,1162028,2025,0.21815005445800584,-0.08025317161119001,0.0114171302070316,6464954,-0.8202573444451422,C1032,Elaboración de aceites y grasas de origen vegetal refinados
Plenas-Separados,"Estado de resultado integral, resultado del periodo, por funcion de gasto",890301753,2025-12-31,SI SAS,G4751 - Comercio al por menor de productos textiles en establecimientos especializados,08. SOCIEDAD POR ACCIONES SIMPLIFICADA SAS,CALLE 64 NORTE# 5B - 146 LC 412G  EDIF CENTRO EMPRESA,VALLE,CALI-VALLE,Periodo Actual,144586013.0,85692021.0,58893992.0,1543044.0,31222406.0,25433860.0,990354.0,0.0,2790416,,,4549758.0,11035298.0,,,,,,,-3695124,-52414.0,-3642710,,-3642710,2025,0.40732841841347406,0.01929934951591756,-0.025194069083293694,-4306783,0.154192351924859,G4751,Comercio al por menor de productos textiles en establecimientos especializados
Plenas-Separados,"Estado de resultado integral, resultado del periodo, por funcion de gasto",890301868,2025-12-31,ROY ALPHA SA,C2740 - Fabricación de equipos eléctricos de iluminación,01. SOCIEDAD ANÓNIMA,CL 15 32 598 ZN IND KM 2,VALLE,YUMBO-VALLE,Periodo Actual,66405528.0,53258428.0,13147100.0,1882271.0,9903029.0,4384895.0,881040.0,0.0,-139593,,,2716868.0,6724167.0,,,,,,,-4146892,264819.0,-4411711,,-4411711,2025,0.19798201137712512,-0.002102129208279166,-0.06643589973413057,-11512296,0.6167826991244839,C2740,Fabricación de equipos eléctricos de iluminación
Plenas-Separados,"Estado de resultado integral, resultado del periodo, por funcion de gasto",890301886,2025-12-31,FABRICA NACIONAL DE AUTOPARTES FANALCA S.A.S.,C3091 - Fabricación de motocicletas,08. SOCIEDAD POR ACCIONES SIMPLIFICADA SAS,CL 13  31A 80 ACOPI,VALLE,YUMBO-VALLE,Periodo Actual,2005730771.0,1496104708.0,509626063.0,6326242.0,169692586.0,120086144.0,16843664.0,0.0,209329911,,,8086611.0,42044686.0,,,,,,37736509.0,213108345,,213108345,-48953333.0,164155012,2025,0.2540849800823044,0.10436590694354961,0.08184299427093947,60538503,1.7115802979138748,C3091,Fabricación de motocicletas
Plenas-Separados,"Estado de resultado integral, resultado del periodo, por funcion de gasto",890301960,2025-12-31,CARVAJAL PULPA Y PAPEL S.A.,C1701 - Fabricación de pulpas (pastas) celulósicas; papel y cartón,01. SOCIEDAD ANÓNIMA,KR 21 # 10 - 300,VALLE,YUMBO-VALLE,Periodo Actual,472342906.0,416054696.0,56288210.0,3486781.0,24731880.0,8299852.0,11391101.0,190606692.0,205958850,0.0,9091620.0,3713638.0,51915607.0,0.0,-7169821.0,0.0,0.0,0.0,0.0,159678680,2391906.0,157286774,-134198689.0,23088085,2025,0.11916810707854687,0.43603671693547147,0.04887992326490027,-177295863,1.1302234841204388,C1701,Fabricación de pulpas (pastas) celulósicas; papel y cartón
Plenas-Separados,"Estado de resultado integral, resultado del periodo, por funcion de gasto",890302180,2025-12-31,GRUPOIT GLOBAL SAS,"C2022 - Fabricación de pinturas, barnices y revestimientos similares, tintas para impresión y masillas",08. SOCIEDAD POR ACCIONES SIMPLIFICADA SAS,CALLE 9 21 111,VALLE,YUMBO-VALLE,Periodo Actual,3913106.0,2863925.0,1049181.0,0.0,565743.0,724330.0,0.0,0.0,-240892,,,360065.0,375794.0,,-83575.0,,,,,-340196,161169.0,-501365,,-501365,2025,0.26811974937556,-0.061560305292011,-0.1281245639653002,-410104,-0.22253135789945966,C2022,"Fabricación de pinturas, barnices y revestimientos similares, tintas para impresión y masillas"
Plenas-Separados,"Estado de resultado integral, resultado del periodo, por funcion de gasto",890302629,2025-12-31,CONSTRUCTORA  MELENDEZ S.A.,F4111 - Construcción de edificios residenciales,01. SOCIEDAD ANÓNIMA,CL 16 # 100 A - 123 LC 6,VALLE,CALI-VALLE,Periodo Actual,334221471.0,255202623.0,79018848.0,3509982.0,23216074.0,17348244.0,9056300.0,-331543.0,32576669,,,1563911.0,6306076.0,,-1135745.0,,,,,26698759,2413080.0,24285679,,24285679,2025,0.23642660587775344,0.09747030584997934,0.0726634316081985,9285506,1.6154394817040665,F4111,Construcción de edificios residenciales
Plenas-Separados,"Estado de resultado integral, resultado del periodo, por funcion de gasto",890302955,2025-12-31,RECAMIER SA,"C2023 - Fabricación de jabones y detergentes, preparados para limpiar y pulir; perfumes y preparados de tocador",01. SOCIEDAD ANÓNIMA,CALLE 34 8A 115,VALLE,CALI-VALLE,Periodo Actual,312108773.0,145095224.0,167013549.0,0.0,111896059.0,31040305.0,8968178.0,0.0,15109007,,,,13414787.0,,2629018.0,,,,,4323238,1473998.0,2849240,,2849240,2025,0.5351132792412727,0.048409427440221295,0.009128996832139672,7178185,-0.6030695781733126,C2023,"Fabricación de jabones y detergentes, preparados para limpiar y pulir; perfumes y preparados de tocador"
Plenas-Separados,"Estado de resultado integral, resultado del periodo, por funcion de gasto",890304099,2025-12-31,HOTELES ESTELAR SA,I5511 - Alojamiento en hoteles,01. SOCIEDAD ANÓNIMA,AVENIDA COLOMBIA No 2-72,VALLE,CALI-VALLE,Periodo Actual,516623667.0,199244535.0,317379132.0,115604722.0,27310727.0,150518458.0,113396452.0,0.0,141758217,0.0,0.0,11867039.0,46757112.0,190700.0,13864463.0,0.0,0.0,0.0,0.0,120541907,-23383003.0,143924910,0.0,143924910,2025,0.6143333189572981,0.27439357903051703,0.27858752742738746,35413036,3.064178795627689,I5511,Alojamiento en hoteles
Plenas-Separados,"Estado de resultado integral, resultado del periodo, por funcion de gasto",890304130,2025-12-31,ALIMENTOS CARNICOS S.A.S.,C1011 - Procesamiento y conservación de carne y productos cárnicos,08. SOCIEDAD POR ACCIONES SIMPLIFICADA SAS,Cra 52  Nro 2 - 38,VALLE,YUMBO-VALLE,Periodo Actual,2785700432.0,1838431673.0,947268759.0,0.0,456648204.0,209553022.0,9495349.0,0.0,271572184,0.0,0.0,27604105.0,270635508.0,0.0,178284465.0,0.0,0.0,0.0,0.0,206825246,28568270.0,178256976,-17169295.0,161087681,2025,0.34004688663522453,0.0974879354866683,0.05782663460490859,174285795,-0.07572684853633654,C1011,Procesamiento y conservación de carne y productos cárnicos
Plenas-Separados,"Estado de resultado integral, resultado del periodo, por funcion de gasto",890304140,2025-12-31,IMPORTADORA CALI SA,"G4530 - Comercio de partes, piezas (autopartes) y accesorios (lujos) para vehículos automotores",01. SOCIEDAD ANÓNIMA,CL 15 29 A 11BG 2A CENTRO LOG EMPRESARIAL SECTOR ACOPI,VALLE,YUMBO-VALLE,Periodo Actual,142363965.0,97871874.0,44492091.0,897461.0,15161965.0,13265948.0,745912.0,0.0,16215727,,,6671890.0,2256262.0,637843.0,,,,,,19993512,5204726.0,14788786,,14788786,2025,0.31252354484507366,0.11390331113635392,0.10388012163049828,1688554,7.758254696029858,G4530,"Comercio de partes, piezas (autopartes) y accesorios (lujos) para vehículos automotores"
Plenas-Separados,"Estado de resultado integral, resultado del periodo, por funcion de gasto",890304297,2025-12-31,ADMINISTRACION E INVERSIONES COMERCIALES S.A.S.,K6493 - Actividades de compra de cartera o factoring,08. SOCIEDAD POR ACCIONES SIMPLIFICADA SAS,AV 6 BIS # 35 NORTE - 100 OF 211,VALLE,CALI-VALLE,Periodo Actual,258589652.0,45042127.0,213547525.0,5094127.0,124981674.0,37855852.0,28947146.0,0.0,26856980,,,565574.0,11922644.0,,2554594.0,,,,-1559890.0,16494614,4673263.0,11821351,,11821351,2025,0.8258162047412477,0.10385945374179165,0.045714710192656896,13324036,-0.1127800165055093,K6493,Actividades de compra de cartera o factoring
Plenas-Separados,"Estado de resultado integral, resultado del periodo, por funcion de gasto",890304403,2025-12-31,EMA HOLDINGS S.A.S.,M7010 - Actividades de administración empresarial,08. SOCIEDAD POR ACCIONES SIMPLIFICADA SAS,CL 64 NORTE # 5 B26 - 146 LC 26 ED CENTRO EMPRESA,VALLE,CALI-VALLE,Periodo Actual,7785960.0,0.0,7785960.0,40784.0,0.0,4157138.0,4.0,-3727.0,3665875,0.0,-284.0,0.0,1773860.0,0.0,14207769.0,0.0,0.0,0.0,0.0,16099500,952323.0,15147177,0.0,15147177,2025,1.0,0.4708314710067866,1.945447574865527,12198046,0.24177077213842282,M7010,Actividades de administración empresarial
Plenas-Separados,"Estado de resultado integral, resultado del periodo, por funcion de gasto",890305795,2025-12-31,BEIERSDORF SA,"G4645 - Comercio al por mayor de productos farmacéuticos, medicinales, cosméticos y de tocador",01. SOCIEDAD ANÓNIMA,CALLE 100 23-10 PISO 8,BOGOTA D.C.,BOGOTA D.C.,Periodo Actual,276163432.0,75612456.0,200550976.0,3696276.0,161258627.0,31578408.0,1621407.0,0.0,9788810,,,888897.0,3323641.0,,532691.0,,,,,7886757,4795419.0,3091338,,3091338,2025,0.7262039530273509,0.03544571389886261,0.011193871605709187,6918870,-0.5532018956852781,G4645,"Comercio al por mayor de productos farmacéuticos, medicinales, cosméticos y de tocador"
Plenas-Separados,"Estado de resultado integral, resultado del periodo, por funcion de gasto",890307530,2025-12-31,C B BOLIVAR INMOBILIARIA S.A.,F4111 - Construcción de edificios residenciales,01. SOCIEDAD ANÓNIMA,CLL 134 No 72 31,BOGOTA D.C.,BOGOTA D.C.,Periodo Actual,5918683.0,0.0,5918683.0,3.0,0.0,84867.0,108.0,0.0,5833711,,,101224.0,,,,,,,,5934935,73340.0,5861595,,5861595,2025,1.0,0.9856434277693197,0.9903546109835584,2983020,0.9649868254319448,F4111,Construcción de edificios residenciales
Plenas-Separados,"Estado de resultado integral, resultado del periodo, por funcion de gasto",890307989,2025-12-31,MARSH & MCLENNAN COLOMBIA SAS,"K6499 - Otras actividades de servicio financiero, excepto las de seguros y pensiones n.c.p.",08. SOCIEDAD POR ACCIONES SIMPLIFICADA SAS,CALLE 67N 6N 85,VALLE,CALI-VALLE,Periodo Actual,4525000.0,0.0,4525000.0,0.0,0.0,3897413.0,0.0,142653.0,770240,,,,,,22516554.0,,,,,23286794,817065.0,22469729,,22469729,2025,1.0,0.17021878453038675,4.965685966850828,41056484,-0.4527118055213885,K6499,"Otras actividades de servicio financiero, excepto las de seguros y pensiones n.c.p."
Plenas-Separados,"Estado de resultado integral, resultado del periodo, por funcion de gasto",890309577,2025-12-31,SIEMPRE SAS,S9603 - Pompas fúnebres y actividades relacionadas,08. SOCIEDAD POR ACCIONES SIMPLIFICADA SAS,CL 64N 5BN 146 LC-109G,VALLE,CALI-VALLE,Periodo Actual,15130188.0,9449230.0,5680958.0,0.0,2395891.0,1265156.0,153558.0,0.0,1866353,,,290676.0,,,,373611.0,,,,2530640,797819.0,1732821,,1732821,2025,0.3754717390160651,0.12335292859546755,0.11452739384335475,592478,1.9247010015561759,S9603,Pompas fúnebres y actividades relacionadas
Plenas-Separados,"Estado de resultado integral, resultado del periodo, por funcion de gasto",890311274,2025-12-31,CARVAJAL ESPACIOS S.A.S. BIC,C3110 - Fabricación de muebles,08. SOCIEDAD POR ACCIONES SIMPLIFICADA SAS,CL 35 NORTE # 6A BIS - 100,VALLE,CALI-VALLE,Periodo Actual,51229651.0,38819841.0,12409810.0,232815.0,10225531.0,4420457.0,915017.0,5191.0,-2913189,,,112077.0,2525668.0,,,,,,,-5326780,,-5326780,,-5326780,2025,0.24223881595445576,-0.05686529076686468,-0.103978455757975,-3834246,-0.3892640169670908,C3110,Fabricación de muebles
Plenas-Separados,"Estado de resultado integral, resultado del periodo, por funcion de gasto",890312535,2025-12-31,SPATARO NAPOLI SAS,"C1410 - Confección de prendas de vestir, excepto prendas de piel",08. SOCIEDAD POR ACCIONES SIMPLIFICADA SAS,CALLE 24 3 46,VALLE,CALI-VALLE,Periodo Actual,48034627.0,38452413.0,9582214.0,2362262.0,6528489.0,4178765.0,1129410.0,0.0,107812,,,626342.0,3042492.0,,,,,,,-2308338,-181369.0,-2126969,,-2126969,2025,0.19948555028854498,0.0022444641862213273,-0.04427991082349823,-782055,-1.7197179226524988,C1410,"Confección de prendas de vestir, excepto prendas de piel"
Plenas-Separados,"Estado de resultado integral, resultado del periodo, por funcion de gasto",890312652,2025-12-31,QUIMICA BASICA COLOMBIANA S.A. Q.B.C.,C2011 - Fabricación de sustancias y productos químicos básicos,01. SOCIEDAD ANÓNIMA,CRA 100   16 - 20 OF 603,VALLE,CALI-VALLE,Periodo Actual,42971416.0,24215022.0,18756394.0,540852.0,4574278.0,902135.0,420551.0,0.0,13400282,,,201161.0,1520620.0,,2895685.0,,,,,14976508,4198231.0,10778277,,10778277,2025,0.43648536040795116,0.3118417601132809,0.250824338672014,12648598,-0.14786785065032504,C2011,Fabricación de sustancias y productos químicos básicos
Plenas-Separados,"Estado de resultado integral, resultado del periodo, por funcion de gasto",890315540,2025-12-31,PRODUCTOS YUPI SAS,G4631 - Comercio al por mayor de productos alimenticios,08. SOCIEDAD POR ACCIONES SIMPLIFICADA SAS,Calle 15 No. 32 234 BG B8,VALLE,YUMBO-VALLE,Periodo Actual,355030413.0,247472316.0,107558097.0,0.0,90272320.0,9682946.0,0.0,-20966283.0,-13363452,,,,32116382.0,,,23630630.0,,,,-21849204,-16681687.0,-5167517,,-5167517,2025,0.30295460068092817,-0.037640302099978123,-0.014555138970587288,11961757,-1.4320031747844402,G4631,Comercio al por mayor de productos alimenticios
Plenas-Separados,"Estado de resultado integral, resultado del periodo, por funcion de gasto",890316056,2025-12-31,LAGUNA HOLDNG S.A.S,M7010 - Actividades de administración empresarial,08. SOCIEDAD POR ACCIONES SIMPLIFICADA SAS,CL 64 NORTE # 5 B - 146 LC 412 G EDF CENTRO EMPRESA,VALLE,CALI-VALLE,Periodo Actual,386703.0,0.0,386703.0,176647.0,0.0,671868.0,3673710.0,0.0,-3782228,,,473404.0,209414.0,,,,,,,-3518238,237972.0,-3756210,,-3756210,2025,1.0,-9.780705088918369,-9.713423480035067,-2207853,-0.7012953308032736,M7010,Actividades de administración empresarial
Plenas-Separados,"Estado de resultado integral, resultado del periodo, por funcion de gasto",890318329,2025-12-31,ROMARCO SAS,C2920 - Fabricación de carrocerías para vehículos automotores; fabricación de remolques y semirremolques,08. SOCIEDAD POR ACCIONES SIMPLIFICADA SAS,CL 9 21a 46 km 11 antigua carretera cali-yumbo,VALLE,YUMBO-VALLE,Periodo Actual,134749599.0,107773047.0,26976552.0,246655.0,4278052.0,5940790.0,58262.0,0.0,16946103,,,736720.0,1434024.0,,-259253.0,,,,,15989546,5591985.0,10397561,,10397561,2025,0.20019764214660113,0.1257599512411165,0.07716209233394454,3573801,1.9093844341081108,C2920,Fabricación de carrocerías para vehículos automotores; fabricación de remolques y semirremolques
Plenas-Separados,"Estado de resultado integral, resultado del periodo, por funcion de gasto",890318919,2025-12-31,VALLECILLA B Y VALLECILLA M Y CIA S.C.A CARVAL DE COLOMBIA,"C2100 - Fabricación de productos farmacéuticos, sustancias químicas medicinales y productos botánicos de uso farmacéutico",05. SOCIEDAD EN COMANDITA POR ACCIONES,CR 1 NRO 58-41,VALLE,CALI-VALLE,Periodo Actual,320206898.0,193567889.0,126639009.0,2128051.0,0.0,30420124.0,71123522.0,2848372.0,30071786,,,,12608589.0,,,3589114.0,,,,21052311,7372422.0,13679889,,13679889,2025,0.3954911958205223,0.09391361081796558,0.04272203092889023,15142932,-0.09661556956076935,C2100,"Fabricación de productos farmacéuticos, sustancias químicas medicinales y productos botánicos de uso farmacéutico"
Plenas-Separados,"Estado de resultado integral, resultado del periodo, por funcion de gasto",890318932,2025-12-31,ALFAGUARA SA,A0150 - Explotación mixta (agrícola y pecuaria),01. SOCIEDAD ANÓNIMA,CL 2 22 175,VALLE,JAMUNDI-VALLE,Periodo Actual,215403.0,52814.0,162589.0,5410007.0,0.0,507908.0,59406.0,0.0,5005282,,,1350346.0,21294.0,,,,,,,6334334,909009.0,5425325,,5425325,2025,0.7548130713128415,23.236825856650093,25.186859050245353,5719991,-0.051515116020287445,A0150,Explotación mixta (agrícola y pecuaria)
Plenas-Separados,"Estado de resultado integral, resultado del periodo, por funcion de gasto",890319047,2025-12-31,CARVAJAL EMPAQUES S.A.,C2229 - Fabricación de artículos de plástico n.c.p.,01. SOCIEDAD ANÓNIMA,CALLE 29 NORTE #6A-40,VALLE,CALI-VALLE,Periodo Actual,520595489.0,387057847.0,133537642.0,30189208.0,45235738.0,33010450.0,3046239.0,-9087644.0,73346779,0.0,0.0,9910681.0,24910257.0,0.0,0.0,0.0,0.0,0.0,0.0,58347203,17612016.0,40735187,0.0,40735187,2025,0.25650941051469617,0.14089015473585864,0.0782472915357897,97539202,-0.5823711270469488,C2229,Fabricación de artículos de plástico n.c.p.
Plenas-Separados,"Estado de resultado integral, resultado del periodo, por funcion de gasto",890319193,2025-12-31,SISTEMAS DE INFORMACION EMPRESARIAL SAS,"J6201 - Actividades de desarrollo de sistemas informáticos (planificación, análisis, diseño, programación, pruebas)",08. SOCIEDAD POR ACCIONES SIMPLIFICADA SAS,AV 3AN 26N 83,VALLE,CALI-VALLE,Periodo Actual,305198898.0,60846286.0,244352612.0,2923230.0,92572140.0,57609801.0,2103343.0,0.0,94990558,,,3761016.0,3214798.0,,,,,,,95536776,32638745.0,62898031,,62898031,2025,0.8006339918042561,0.3112414842336685,0.20608865697804715,43863500,0.43394920605970794,J6201,"Actividades de desarrollo de sistemas informáticos (planificación, análisis, diseño, programación, pruebas)"
Plenas-Separados,"Estado de resultado integral, resultado del periodo, por funcion de gasto",890320250,2025-12-31,COLOMBIANA DE MOLDEADOS S.A.S. - COMOLSA,"C1702 - Fabricación de papel y cartón ondulado (corrugado); fabricación de envases, empaques y de embalajes de papel y cartón",08. SOCIEDAD POR ACCIONES SIMPLIFICADA SAS,KM 1.5 VIA BUGA BUENAVENTURA,VALLE,BUGA-VALLE,Periodo Actual,164728252.0,100952369.0,63775883.0,0.0,15661171.0,5852367.0,0.0,0.0,42262345,,,2692753.0,6201658.0,,2061980.0,,,,,40815420,13815296.0,27000124,,27000124,2025,0.3871581360554958,0.2565579643253909,0.1639070631308587,24899074,0.08438265615821697,C1702,"Fabricación de papel y cartón ondulado (corrugado); fabricación de envases, empaques y de embalajes de papel y cartón"
Plenas-Separados,"Estado de resultado integral, resultado del periodo, por funcion de gasto",890320974,2025-12-31,GESTA & CIA. S.A.S.,K6613 - Otras actividades relacionadas con el mercado de valores,08. SOCIEDAD POR ACCIONES SIMPLIFICADA SAS,CL 15 29 69,VALLE,YUMBO-VALLE,Periodo Actual,0.0,0.0,0.0,57.0,0.0,115602.0,0.0,-3182265.0,-3297810,,,,11765.0,,,,,,,-3309575,1000.0,-3310575,,-3310575,2025,,,,-6464494,0.4878833517364236,K6613,Otras actividades relacionadas con el mercado de valores
Plenas-Separados,"Estado de resultado integral, resultado del periodo, por funcion de gasto",890321151,2025-12-31,Carvajal Tecnologia y Servicios S.A.S.,"J6311 - Procesamiento de datos, alojamiento (hosting) y actividades relacionadas",08. SOCIEDAD POR ACCIONES SIMPLIFICADA SAS,CL 35 NORTE # 6 A BIS - 100,VALLE,CALI-VALLE,Periodo Actual,162425246.0,108225078.0,54200168.0,2018770.0,18710298.0,19087209.0,616712.0,58621.0,17863340,,,1607799.0,2799245.0,,,-108354.0,,,,16563540,6444284.0,10119256,,10119256,2025,0.33369300237969163,0.109978839127016,0.0623010046110689,3829480,1.6424621619645488,J6311,"Procesamiento de datos, alojamiento (hosting) y actividades relacionadas"
Plenas-Separados,"Estado de resultado integral, resultado del periodo, por funcion de gasto",890321213,2025-12-31,PRODUCTORA NACIONAL AVICOLA SAS,A0145 - Cría de aves de corral,08. SOCIEDAD POR ACCIONES SIMPLIFICADA SAS,CL 8 20 360,VALLE,YOTOCO-VALLE,Periodo Actual,178142226.0,128030449.0,50111777.0,1810795.0,19079036.0,6329922.0,0.0,0.0,26513614,,,,695977.0,,-1493418.0,,,,,24324219,7996173.0,16328046,,16328046,2025,0.28130207040300487,0.14883396595706624,0.09165735921588855,21124234,-0.22704671800170365,A0145,Cría de aves de corral
Plenas-Separados,"Estado de resultado integral, resultado del periodo, por funcion de gasto",890321924,2025-12-31,CINTAS ANDINAS DE COLOMBIA SA,C2229 - Fabricación de artículos de plástico n.c.p.,01. SOCIEDAD ANÓNIMA,CRA 2 37 50,VALLE,CALI-VALLE,Periodo Actual,86157577.0,62947814.0,23209763.0,2094322.0,13790554.0,4871655.0,106562.0,0.0,6535314,,,3041974.0,6006430.0,,,,209582.0,,,3780440,957168.0,2823272,,2823272,2025,0.26938736914572237,0.07585303843909166,0.03276870239746877,2577666,0.09528232129375955,C2229,Fabricación de artículos de plástico n.c.p.
Plenas-Separados,"Estado de resultado integral, resultado del periodo, por funcion de gasto",890322007,2025-12-31,QUIMPAC DE COLOMBIA S.A,C2011 - Fabricación de sustancias y productos químicos básicos,01. SOCIEDAD ANÓNIMA,km 13 autopista Yumbo aeropuerto,VALLE,PALMIRA-VALLE,Periodo Actual,541486353.0,389820680.0,151665673.0,0.0,43907124.0,25195829.0,412600.0,3838170.0,85988290,,,1014464.0,9482466.0,,6503670.0,,,,,84023958,26071338.0,57952620,,57952620,2025,0.28009140426111534,0.158800474884729,0.10702507954064726,28988463,0.9991615285018733,C2011,Fabricación de sustancias y productos químicos básicos
Plenas-Separados,"Estado de resultado integral, resultado del periodo, por funcion de gasto",890323576,2025-12-31,CONGO FILMS SOCIEDAD POR ACCIONES SIMPLIFICADA,"N7730 - Alquiler y arrendamiento de otros tipos de maquinaria, equipo y bienes tangibles n.c.p.",08. SOCIEDAD POR ACCIONES SIMPLIFICADA SAS,CR 65 81 55,BOGOTA D.C.,BOGOTA D.C.,Periodo Actual,28811113.0,16333227.0,12477886.0,1391240.0,685056.0,5378214.0,1377300.0,0.0,6428556,,,109117.0,,,,,,,,6537673,2317015.0,4220658,,4220658,2025,0.43309281387359105,0.22312765216671776,0.14649409760740587,3875346,0.08910481799560607,N7730,"Alquiler y arrendamiento de otros tipos de maquinaria, equipo y bienes tangibles n.c.p."
Plenas-Separados,"Estado de resultado integral, resultado del periodo, por funcion de gasto",890328053,2025-12-31,BOSQUES NACIONALES BOSNAL SAS,N8211 - Actividades combinadas de servicios administrativos de oficina,08. SOCIEDAD POR ACCIONES SIMPLIFICADA SAS,CR 4 10 44 OF 1106 ED.PLAZA DE CAICEDO,VALLE,CALI-VALLE,Periodo Actual,12877120.0,0.0,12877120.0,0.0,0.0,70804.0,40719.0,0.0,12765597,,,,111.0,,,,,,,12765486,4288435.0,8477051,,8477051,2025,1.0,0.9913394454660669,0.6583033318008996,8732185,-0.029217658581443248,N8211,Actividades combinadas de servicios administrativos de oficina
Plenas-Separados,"Estado de resultado integral, resultado del periodo, por funcion de gasto",890400514,2025-12-31,AGRINAL COLOMBIA S.A.S.,N8299 - Otras actividades de servicio de apoyo a las empresas n.c.p.,08. SOCIEDAD POR ACCIONES SIMPLIFICADA SAS,CR 42 NO 33 80,ANTIOQUIA,ITAGUI-ANTIOQUIA,Periodo Actual,3689734.0,3545957.0,143777.0,2292844.0,968926.0,1185509.0,26893.0,-3012786.0,-2757493,,,234.0,4141.0,,,,,,,-2761400,97067.0,-2858467,,-2858467,2025,0.03896676562592317,-0.7473419493112512,-0.7747081496931757,3047499,-1.9379714316559251,N8299,Otras actividades de servicio de apoyo a las empresas n.c.p.
Plenas-Separados,"Estado de resultado integral, resultado del periodo, por funcion de gasto",890401608,2025-12-31,INDUSTRIAS ASTIVIK S.A.,"C3315 - Mantenimiento y reparación especializado de equipo de transporte, excepto los vehículos automotores, motocicletas y bicicletas",01. SOCIEDAD ANÓNIMA,"ALBORNOZ, VIA A MAMONAL, KM 3",BOLIVAR,CARTAGENA-BOLIVAR,Periodo Actual,86151509.0,60439086.0,25712423.0,4452658.0,2206582.0,9068462.0,3919742.0,0.0,14970295,,,2628853.0,288820.0,,1452624.0,,,,,18762952,6153712.0,12609240,,12609240,2025,0.2984558633790152,0.1737670665756998,0.14636122044014344,7236353,0.7424854757638274,C3315,"Mantenimiento y reparación especializado de equipo de transporte, excepto los vehículos automotores, motocicletas y bicicletas"
Plenas-Separados,"Estado de resultado integral, resultado del periodo, por funcion de gasto",890401958,2025-12-31,INDUSTRIAS COLOMBIANAS MINERARIAS SAS INCOLMINE,B0510 - Extracción de hulla (carbón de piedra),08. SOCIEDAD POR ACCIONES SIMPLIFICADA SAS,AV 7 21 N 55 LC  103  ED ESTACION CENTRO EMPRESARIAL- ZONA INDUSTRIAL,NORTE DE SANTANDER,CUCUTA-NORTE DE SANTANDER,Periodo Actual,3545629.0,6978376.0,-3432747.0,1156036.0,0.0,372413.0,44445.0,0.0,-2693569,,,116.0,12850.0,,,,,,,-2706303,447115.0,-3153418,,-3153418,2025,-0.9681630537205105,-0.7596872092370635,-0.8893818275967396,-7907273,0.6012003126741672,B0510,Extracción de hulla (carbón de piedra)
Plenas-Separados,"Estado de resultado integral, resultado del periodo, por funcion de gasto",890402766,2025-12-31,APARTA HOTEL DON BLAS S.A,I5511 - Alojamiento en hoteles,01. SOCIEDAD ANÓNIMA,Bocagrande Cra 1ra N° 10-10,BOLIVAR,CARTAGENA-BOLIVAR,Periodo Actual,54821658.0,37765676.0,17055982.0,0.0,19125.0,9835439.0,1512337.0,2702088.0,8391169,0.0,0.0,604828.0,4009652.0,0.0,-710464.0,0.0,0.0,0.0,0.0,4275881,2135148.0,2140733,0.0,2140733,2025,0.31111758787010785,0.1530630284841075,0.039049037882072084,6783822,-0.6844355585980882,I5511,Alojamiento en hoteles
Plenas-Separados,"Estado de resultado integral, resultado del periodo, por funcion de gasto",890405325,2025-12-31,TEKIA S.A.S,A0129 - Otros cultivos permanentes n.c.p.,08. SOCIEDAD POR ACCIONES SIMPLIFICADA SAS,CARRERA 43 B 1 A SUR 128,ANTIOQUIA,ANTIOQUIA-ANTIOQUIA,Periodo Actual,7818927.0,7382971.0,435956.0,281116.0,0.0,666357.0,125339.0,0.0,-74624,0.0,0.0,11304.0,22628.0,0.0,-2379287.0,0.0,0.0,0.0,0.0,-2465235,217661.0,-2682896,0.0,-2682896,2025,0.05575649958108063,-0.009544020554226942,-0.3431284113536295,-3522327,0.23831716930313399,A0129,Otros cultivos permanentes n.c.p.
Plenas-Separados,"Estado de resultado integral, resultado del periodo, por funcion de gasto",890406759,2025-12-31,Inversiones BIV S.A.S,K6619 - Otras actividades auxiliares de las actividades de servicios financieros n.c.p.,08. SOCIEDAD POR ACCIONES SIMPLIFICADA SAS,notificaciones-judiciales.co@prosegur.com,BOGOTA D.C.,BOGOTA D.C.,Periodo Actual,11279102.0,0.0,11279102.0,0.0,0.0,235605.0,335244.0,0.0,10708253,,,90222.0,52616.0,,,,,,,10745859,-16406.0,10762265,,10762265,2025,1.0,0.949388789994097,0.9541774690928408,16009395,-0.3277531724340614,K6619,Otras actividades auxiliares de las actividades de servicios financieros n.c.p.
Plenas-Separados,"Estado de resultado integral, resultado del periodo, por funcion de gasto",890504378,2025-12-31,ORGANIZACION LA ESPERANZA S.A.,S9603 - Pompas fúnebres y actividades relacionadas,01. SOCIEDAD ANÓNIMA,DIAGONAL SANTANDER 8-93,NORTE DE SANTANDER,CUCUTA-NORTE DE SANTANDER,Periodo Actual,34198064.0,8381437.0,25816627.0,531495.0,10416927.0,12548232.0,1933941.0,0.0,1449022,,,833869.0,432519.0,5875.0,,66386.0,,,,1910883,799255.0,1111628,,1111628,2025,0.7549148688650913,0.04237146289918634,0.032505582772170964,574424,0.9352046571870256,S9603,Pompas fúnebres y actividades relacionadas
Plenas-Separados,"Estado de resultado integral, resultado del periodo, por funcion de gasto",890504445,2025-12-31,COSAN SA,F4210 - Construcción de carreteras y vías de ferrocarril,01. SOCIEDAD ANÓNIMA,AV LIBERTADORES 27 54 BRR SAN RAFAEL,NORTE DE SANTANDER,CUCUTA-NORTE DE SANTANDER,Periodo Actual,12192844.0,10419183.0,1773661.0,99783.0,0.0,814272.0,187654.0,0.0,871518,,,443963.0,130201.0,,,,,,,1185280,677229.0,508051,,508051,2025,0.14546737414175068,0.07147782748635183,0.04166796524256359,206618,1.4588903193332623,F4210,Construcción de carreteras y vías de ferrocarril
Plenas-Separados,"Estado de resultado integral, resultado del periodo, por funcion de gasto",890704021,2025-12-31,ORGANIZACION PAJONALES SAS,A0112 - Cultivo de arroz,08. SOCIEDAD POR ACCIONES SIMPLIFICADA SAS,CRA. 5 29-32 CC LA QUINTA OF 292,TOLIMA,IBAGUE-TOLIMA,Periodo Actual,80311292.0,74305807.0,6005485.0,1298794.0,0.0,17213095.0,1563588.0,-12110.0,-11484514,,,8709.0,12618281.0,,162768.0,,,,,-23931318,-8150372.0,-15780946,,-15780946,2025,0.07477759167415711,-0.14299999058662885,-0.19649722482362755,-4637437,-2.4029456357035146,A0112,Cultivo de arroz
Plenas-Separados,"Estado de resultado integral, resultado del periodo, por funcion de gasto",890800127,2025-12-31,CEMENTOS DE CALDAS S.A.,"C2394 - Fabricación de cemento, cal y yeso",01. SOCIEDAD ANÓNIMA,KM 2 VIA PANAMERICANA,CALDAS,VILLAMARIA-CALDAS,Periodo Actual,0.0,0.0,0.0,47922.0,0.0,156232.0,0.0,0.0,-108310,,,57671.0,1068.0,,,,,,,-51707,-84556.0,32849,,32849,2025,,,,-19454,2.6885473424488535,C2394,"Fabricación de cemento, cal y yeso"
Plenas-Separados,"Estado de resultado integral, resultado del periodo, por funcion de gasto",890800148,2025-12-31,ETEX COLOMBIA S.A,"C2395 - Fabricación de artículos de hormigón, cemento y yeso",01. SOCIEDAD ANÓNIMA,Parque Industrial Juanchito - Malteria,CALDAS,MANIZALES-CALDAS,Periodo Actual,229934836.0,183491136.0,46443700.0,2746240.0,27522468.0,17965724.0,648200.0,0.0,3053548,,,121676.0,469892.0,,,,,,,2705332,4488764.0,-1783432,,-1783432,2025,0.20198635756088737,0.013280058181353608,-0.007756249688063796,793719,-3.246931218731062,C2395,"Fabricación de artículos de hormigón, cemento y yeso"
Plenas-Separados,"Estado de resultado integral, resultado del periodo, por funcion de gasto",890800467,2025-12-31,HADA S.A.,"G4645 - Comercio al por mayor de productos farmacéuticos, medicinales, cosméticos y de tocador",01. SOCIEDAD ANÓNIMA,CR 21 64 A 33 P 9Y15 ED MULTIPLAZA EL CABLE TORRE EMPRESARIAL,CALDAS,MANIZALES-CALDAS,Periodo Actual,47810.0,43258.0,4552.0,199684.0,132305.0,1478026.0,189975.0,0.0,-1596070,,,4064.0,2737065.0,,17355616.0,,,,,13026545,-36132.0,13062677,,13062677,2025,0.0952102070696507,-33.38360175695461,273.2206023844384,20650406,-0.36743727944138244,G4645,"Comercio al por mayor de productos farmacéuticos, medicinales, cosméticos y de tocador"
Plenas-Separados,"Estado de resultado integral, resultado del periodo, por funcion de gasto",890800718,2025-12-31,SUCESORES DE JOSE JESUS RESTREPO Y CIA. S.A. CASA LUKER S.A.,"C1082 - Elaboración de cacao, chocolate y productos de confitería",01. SOCIEDAD ANÓNIMA,CRA 23 64B-33 TORRE A,CALDAS,MANIZALES-CALDAS,Periodo Actual,1870866238.0,1431465492.0,439400746.0,33328994.0,239322153.0,82019151.0,11366652.0,0.0,140021784,0.0,0.0,692166267.0,657611695.0,0.0,,0.0,0.0,0.0,0.0,174576356,55017968.0,119558388,,119558388,2025,0.2348648647750091,0.07484328978521018,0.06390536403490328,22815673,4.240186778623624,C1082,"Elaboración de cacao, chocolate y productos de confitería"
Plenas-Separados,"Estado de resultado integral, resultado del periodo, por funcion de gasto",890802586,2025-12-31,ARME S.A.S.,C2599 - Fabricación de otros productos elaborados de metal n.c.p.,08. SOCIEDAD POR ACCIONES SIMPLIFICADA SAS,KM 2 SECTOR EL LAGO VIA PALESTINA,CALDAS,CHINCHINA-CALDAS,Periodo Actual,289584633.0,245100060.0,44484573.0,743080.0,19715398.0,6141902.0,1084538.0,0.0,18285815,,,,4799657.0,,987978.0,,,,1412532.0,15886668,6191106.0,9695562,,9695562,2025,0.15361510222125632,0.06314497703336351,0.03348092714574395,1787290,4.4247279400656865,C2599,Fabricación de otros productos elaborados de metal n.c.p.
Plenas-Separados,"Estado de resultado integral, resultado del periodo, por funcion de gasto",890803003,2025-12-31,JARDINES DE LA ESPERANZA SA,S9603 - Pompas fúnebres y actividades relacionadas,01. SOCIEDAD ANÓNIMA,CALLE 50 24-05 VERSALLES,CALDAS,MANIZALES-CALDAS,Periodo Actual,12321833.0,7182435.0,5139398.0,0.0,1747517.0,1105840.0,309535.0,0.0,1976506,,,175739.0,,,,981713.0,,,,3133958,-129826.0,3263784,,3263784,2025,0.41709687186963174,0.160406816096274,0.26487812324676047,1326331,1.4607613031739437,S9603,Pompas fúnebres y actividades relacionadas
Plenas-Separados,"Estado de resultado integral, resultado del periodo, por funcion de gasto",890900016,2025-12-31,AGENCIA DE AUTOMOVILES S.A. AGENCIA DE AUTOMOVILES S.A.,G4511 - Comercio de vehículos automotores nuevos,01. SOCIEDAD ANÓNIMA,CARRERA 50 38 35,ANTIOQUIA,MEDELLIN-ANTIOQUIA,Periodo Actual,208696223.0,179045970.0,29650253.0,2677346.0,16899045.0,7376532.0,761046.0,0.0,7290976,,,29863.0,5246965.0,,,,,,,2073874,645974.0,1427900,0.0,1427900,2025,0.14207374035705475,0.034935831109890285,0.006842002119032121,-1787474,1.7988367942694552,G4511,Comercio de vehículos automotores nuevos
Plenas-Separados,"Estado de resultado integral, resultado del periodo, por funcion de gasto",890900076,2025-12-31,CINE COLOMBIA S.A.S.,I5612 - Expendio por autoservicio de comidas preparadas,08. SOCIEDAD POR ACCIONES SIMPLIFICADA SAS,CARRERA 13 No.38-85,BOGOTA D.C.,BOGOTA D.C.,Periodo Actual,609576719.0,456397506.0,153179213.0,901928.0,26002511.0,37167085.0,7152659.0,0.0,83758886,,,3295699.0,35302156.0,-82930.0,390091.0,,,,,52225450,-1691542.0,53916992,,53916992,2025,0.25128783338590727,0.13740499495683658,0.08844988714209737,60458867,-0.10820373130710505,I5612,Expendio por autoservicio de comidas preparadas
Plenas-Separados,"Estado de resultado integral, resultado del periodo, por funcion de gasto",890900085,2025-12-31,LOCERIA COLOMBIANA S.A.S,C2393 - Fabricación de otros productos de cerámica y porcelana,08. SOCIEDAD POR ACCIONES SIMPLIFICADA SAS,CR 54 N 129 SUR 51,ANTIOQUIA,CALDAS-ANTIOQUIA,Periodo Actual,215109814.0,155177965.0,59931849.0,2920482.0,33237886.0,18191571.0,5329439.0,0.0,6093435,,,875045.0,7016474.0,,638459.0,,,,,590465,-2010443.0,2600908,,2600908,2025,0.2786104821791162,0.028327089716139123,0.012091070842541848,16818507,-0.8453544063096683,C2393,Fabricación de otros productos de cerámica y porcelana
Plenas-Separados,"Estado de resultado integral, resultado del periodo, por funcion de gasto",890900098,2025-12-31,LANDERS Y CIA S.A. S,C2750 - Fabricación de aparatos de uso doméstico,08. SOCIEDAD POR ACCIONES SIMPLIFICADA SAS,CR 53 30 27,ANTIOQUIA,MEDELLIN-ANTIOQUIA,Periodo Actual,330640186.0,234451467.0,96188719.0,1040095.0,50281748.0,17358969.0,0.0,0.0,29588097,,,,11292180.0,,,,,,,18295917,7952590.0,10343327,,10343327,2025,0.29091660080302517,0.08948729843746217,0.03128272798636764,4060508,1.547298761632781,C2750,Fabricación de aparatos de uso doméstico
Plenas-Separados,"Estado de resultado integral, resultado del periodo, por funcion de gasto",890900118,2025-12-31,CRISTALERÍA PELDAR S.A,C2310 - Fabricación de vidrio y productos de vidrio,01. SOCIEDAD ANÓNIMA,CR 48 # 32B SUR 139 P11,ANTIOQUIA,ENVIGADO-ANTIOQUIA,Periodo Actual,1238318998.0,878099928.0,360219070.0,9968514.0,75590573.0,29342941.0,5813863.0,30715897.0,290156104,,,57256747.0,104982219.0,,4598905.0,,,,,247029537,80583329.0,166446208,,166446208,2025,0.29089359896907596,0.23431450576840782,0.13441302949306766,117227337,0.4198583048935079,C2310,Fabricación de vidrio y productos de vidrio
Plenas-Separados,"Estado de resultado integral, resultado del periodo, por funcion de gasto",890900120,2025-12-31,Suministros de Colombia S.A.S,C2310 - Fabricación de vidrio y productos de vidrio,08. SOCIEDAD POR ACCIONES SIMPLIFICADA SAS,Cr 48 no 72 sur 01 av las vegas,ANTIOQUIA,SABANETA-ANTIOQUIA,Periodo Actual,517112806.0,339224168.0,177888638.0,10842437.0,84770341.0,50146274.0,0.0,51234.0,53865694,,,184218.0,14537057.0,,15082106.0,,1183735.0,,,55778696,16276101.0,39502595,,39502595,2025,0.3440035441705924,0.1041662348621086,0.07639067248317188,45914009,-0.13963960324179053,C2310,Fabricación de vidrio y productos de vidrio
Plenas-Separados,"Estado de resultado integral, resultado del periodo, por funcion de gasto",890900121,2025-12-31,ELECTRO PORCELANA GAMMA S.A.S.,C2393 - Fabricación de otros productos de cerámica y porcelana,08. SOCIEDAD POR ACCIONES SIMPLIFICADA SAS,Cr 48 No 72 sur 01 Av Las Vegas,ANTIOQUIA,SABANETA-ANTIOQUIA,Periodo Actual,80841070.0,67934145.0,12906925.0,7518322.0,8001602.0,8592017.0,0.0,0.0,3831628,,,2475211.0,5998940.0,,,,-626721.0,,,-318822,-1385281.0,1066459,,1066459,2025,0.15965801788620562,0.04739704707025773,0.013192044588227246,9610158,-0.8890279431409973,C2393,Fabricación de otros productos de cerámica y porcelana
Plenas-Separados,"Estado de resultado integral, resultado del periodo, por funcion de gasto",890900122,2025-12-31,MINECOL S A S,"K6499 - Otras actividades de servicio financiero, excepto las de seguros y pensiones n.c.p.",08. SOCIEDAD POR ACCIONES SIMPLIFICADA SAS,CALLE 100  8A  55    TC  PISO 9,BOGOTA D.C.,BOGOTA D.C.,Periodo Actual,289579.0,0.0,289579.0,0.0,0.0,284578.0,0.0,0.0,5001,,,,,,,,,,,5001,1164.0,3837,,3837,2025,1.0,0.01726989871503113,0.013250270219870916,224568,-0.9829138612803249,K6499,"Otras actividades de servicio financiero, excepto las de seguros y pensiones n.c.p."
Plenas-Separados,"Estado de resultado integral, resultado del periodo, por funcion de gasto",890900148,2025-12-31,PINTUCO COLOMBIA S.A.S,"C2022 - Fabricación de pinturas, barnices y revestimientos similares, tintas para impresión y masillas",08. SOCIEDAD POR ACCIONES SIMPLIFICADA SAS,CALLE 19 A 43 B 41,ANTIOQUIA,MEDELLIN-ANTIOQUIA,Periodo Actual,829026898.0,465283025.0,363743873.0,11450644.0,144821957.0,36387008.0,4935558.0,0.0,189049994,0.0,0.0,12104458.0,23852523.0,0.0,-20258838.0,0.0,0.0,0.0,0.0,157043091,68527706.0,88515385,0.0,88515385,2025,0.4387600376749175,0.22803843211369482,0.10677022086200151,123365485,-0.2824947350549467,C2022,"Fabricación de pinturas, barnices y revestimientos similares, tintas para impresión y masillas"
Plenas-Separados,"Estado de resultado integral, resultado del periodo, por funcion de gasto",890900161,2025-12-31,PRODUCTOS FAMILIA SA,C1709 - Fabricación de otros artículos de papel y cartón,01. SOCIEDAD ANÓNIMA,CARRERA 50 8 SUR 117,ANTIOQUIA,MEDELLIN-ANTIOQUIA,Periodo Actual,1626475092.0,1034903749.0,591571343.0,167053778.0,561153773.0,177744239.0,1601815.0,0.0,18125294,,,30665693.0,3725553.0,,377268724.0,,,,,422334158,21857182.0,400476976,,400476976,2025,0.36371374262643796,0.011143911203529209,0.24622386040203806,397918774,0.0064289552721631575,C1709,Fabricación de otros artículos de papel y cartón
Plenas-Separados,"Estado de resultado integral, resultado del periodo, por funcion de gasto",890900168,2025-12-31,CERVECERIA UNIÓN SA,"C1103 - Producción de malta, elaboración de cervezas y otras bebidas malteadas",01. SOCIEDAD ANÓNIMA,CRA 53 A 127 - 35,ANTIOQUIA,ITAGUI-ANTIOQUIA,Periodo Actual,1061583456.0,362340758.0,699242698.0,0.0,67237680.0,81924297.0,0.0,-15547579.0,534533142,,,21546435.0,11958900.0,,25431530.0,,,,,569552207,190424090.0,379128117,,379128117,2025,0.6586789705961658,0.5035243710504848,0.357134537899204,334373857,0.13384497341249976,C1103,"Producción de malta, elaboración de cervezas y otras bebidas malteadas"
Plenas-Separados,"Estado de resultado integral, resultado del periodo, por funcion de gasto",890900223,2025-12-31,CAMILO ALBERTO MEJIA Y CIA S.A.S,C2599 - Fabricación de otros productos elaborados de metal n.c.p.,08. SOCIEDAD POR ACCIONES SIMPLIFICADA SAS,VEREDA BELEN KM 38 MAS 200MTS AUTOPISTA MEDELLIN BOGOTA,ANTIOQUIA,MARINILLA-ANTIOQUIA,Periodo Actual,255223850.0,188483089.0,66740761.0,3485303.0,23027149.0,10191613.0,1584352.0,0.0,35422950,,,472343.0,3274477.0,,2364459.0,,,,,34985275,12684023.0,22301252,,22301252,2025,0.26149891947794063,0.1387916920773666,0.08737918497820639,14745568,0.5124037270046159,C2599,Fabricación de otros productos elaborados de metal n.c.p.
Plenas-Separados,"Estado de resultado integral, resultado del periodo, por funcion de gasto",890900267,2025-12-31,PRODUCTORA Y COMERCIZALIZADORA ODONTOLOGICA NEW STETIC S.A,"C3250 - Fabricación de instrumentos, aparatos y materiales médicos y odontológicos (incluido mobiliario)",01. SOCIEDAD ANÓNIMA,cra 53 # 50 09,ANTIOQUIA,GUARNE-ANTIOQUIA,Periodo Actual,158651889.0,89436981.0,69214908.0,1562462.0,27845020.0,16454106.0,734100.0,0.0,25744144,,,1374807.0,2920638.0,,1306181.0,,,,,25504494,8098054.0,17406440,,17406440,2025,0.43626904436038577,0.16226812149712255,0.10971467222807539,11732548,0.4836027093177032,C3250,"Fabricación de instrumentos, aparatos y materiales médicos y odontológicos (incluido mobiliario)"
Plenas-Separados,"Estado de resultado integral, resultado del periodo, por funcion de gasto",890900281,2025-12-31,Industrias Haceb S.A.,C2750 - Fabricación de aparatos de uso doméstico,01. SOCIEDAD ANÓNIMA,Calle 59 No. 55 - 80,ANTIOQUIA,COPACABANA-ANTIOQUIA,Periodo Actual,1582592629.0,1099737131.0,482855498.0,2541408.0,275861761.0,58609435.0,10199010.0,-3663834.0,137062866,,,890675.0,24699235.0,,-390736.0,,,,,112863570,41191605.0,71671965,,71671965,2025,0.3051040989020049,0.08660653631794465,0.04528769039274983,52667630,0.3608352037105144,C2750,Fabricación de aparatos de uso doméstico
Plenas-Separados,"Estado de resultado integral, resultado del periodo, por funcion de gasto",890900291,2025-12-31,Solla S.A,C1090 - Elaboración de alimentos preparados para animales,01. SOCIEDAD ANÓNIMA,Carrera 42 # 33 - 80,ANTIOQUIA,ITAGUI-ANTIOQUIA,Periodo Actual,2367992371.0,2000088566.0,367903805.0,7138721.0,128984253.0,89944807.0,6932725.0,0.0,149180741,,,2073333.0,13365780.0,,-22190868.0,,,,,115697426,49898906.0,65798520,,65798520,2025,0.1553652830581691,0.06299882669681117,0.027786626682506317,115800529,-0.4317943055337856,C1090,Elaboración de alimentos preparados para animales
Plenas-Separados,"Estado de resultado integral, resultado del periodo, por funcion de gasto",890900424,2025-12-31,MICROPLAST ANTONIO PALACIO & CIA SAS,C2229 - Fabricación de artículos de plástico n.c.p.,08. SOCIEDAD POR ACCIONES SIMPLIFICADA SAS,CR 50 E 8 SUR 63,ANTIOQUIA,MEDELLIN-ANTIOQUIA,Periodo Actual,160490115.0,119049302.0,41440813.0,2062757.0,9764079.0,13232333.0,1121021.0,137048.0,19523185,,,12860237.0,9415538.0,,7965870.0,,,,,30933754,5945950.0,24987804,,24987804,2025,0.25821411493162677,0.1216472740392765,0.15569684151575316,25269760,-0.011157842417181643,C2229,Fabricación de artículos de plástico n.c.p.
Plenas-Separados,"Estado de resultado integral, resultado del periodo, por funcion de gasto",890900652,2025-12-31,INVESA S.A.,C2021 - Fabricación de plaguicidas y otros productos químicos de uso agropecuario,01. SOCIEDAD ANÓNIMA,CARRERA 48 # 26 S 181 OFICINA 213,ANTIOQUIA,ENVIGADO-ANTIOQUIA,Periodo Actual,480554125.0,277770269.0,202783856.0,0.0,74427910.0,34720218.0,0.0,0.0,93635728,,,7880956.0,14244621.0,,,2160341.0,,,,89432404,31524704.0,57907700,,57907700,2025,0.4219792224236968,0.19484949380051622,0.12050193097395637,53929550,0.07376568133796778,C2021,Fabricación de plaguicidas y otros productos químicos de uso agropecuario
Plenas-Separados,"Estado de resultado integral, resultado del periodo, por funcion de gasto",890900943,2025-12-31,COLOMBIANA DE COMERCIO S.A.,"G4741 - Comercio al por menor de computadores, equipos periféricos, programas de informática y equipos de telecomunicaciones en establecimientos especializados",01. SOCIEDAD ANÓNIMA,Cl 11 No. 31A-42,BOGOTA D.C.,BOGOTA D.C.,Periodo Actual,13960223200.0,11373925680.0,2586297520.0,623214536.0,2025820975.0,422297716.0,23638550.0,1380442.0,739135257,,,45023197.0,97412970.0,54162680.0,491305.0,,,,,633074109,229321109.0,403753000,,403753000,2025,0.1852619032624063,0.05294580512151124,0.028921672255211507,492207000,-0.17970894359486964,G4741,"Comercio al por menor de computadores, equipos periféricos, programas de informática y equipos de telecomunicaciones en establecimientos especializados"
Plenas-Separados,"Estado de resultado integral, resultado del periodo, por funcion de gasto",890901872,2025-12-31,INDUSTRIAL DE MATERIAS PRIMAS S.A.S,"B0811 - Extracción de piedra, arena, arcillas comunes, yeso y anhidrita",08. SOCIEDAD POR ACCIONES SIMPLIFICADA SAS,CR 48 N° 32 B SUR 139 P 11,ANTIOQUIA,ENVIGADO-ANTIOQUIA,Periodo Actual,9439195.0,8471057.0,968138.0,0.0,0.0,92294.0,2.0,0.0,875842,,,6536.0,499840.0,,3269641.0,,,,,3652179,199828.0,3452351,,3452351,2025,0.10256573786217998,0.0927877853990727,0.36574633747899055,1374401,1.5118950000763969,B0811,"Extracción de piedra, arena, arcillas comunes, yeso y anhidrita"
Plenas-Separados,"Estado de resultado integral, resultado del periodo, por funcion de gasto",890902070,2025-12-31,CIJ GUTIERREZ Y CIA S.A.S,G4662 - Comercio al por mayor de metales y productos metalíferos,08. SOCIEDAD POR ACCIONES SIMPLIFICADA SAS,CL 37 46 49,ANTIOQUIA,MEDELLIN-ANTIOQUIA,Periodo Actual,926111124.0,911763771.0,14347353.0,26378546.0,1000076.0,8504247.0,25938232.0,0.0,5283344,,,2751305.0,455138.0,,-49126.0,,,,,7530385,3032555.0,4497830,,4497830,2025,0.015492042615827602,0.005704870466494904,0.0048566849953958656,8885014,-0.4937734481904024,G4662,Comercio al por mayor de metales y productos metalíferos
Plenas-Separados,"Estado de resultado integral, resultado del periodo, por funcion de gasto",890902266,2025-12-31,AGENCIA DE ADUANAS TCC S.A.S. NIVEL 1,H5229 - Otras actividades complementarias al transporte,08. SOCIEDAD POR ACCIONES SIMPLIFICADA SAS,CR 64 67 B 35 BL 3 P2,ANTIOQUIA,MEDELLIN-ANTIOQUIA,Periodo Actual,23122031.0,15212559.0,7909472.0,406064.0,2258999.0,4794100.0,86734.0,0.0,1175703,0.0,0.0,638305.0,493562.0,0.0,408575.0,0.0,0.0,0.0,0.0,1729021,497427.0,1231594,0.0,1231594,2025,0.3420751403715357,0.05084773911080735,0.05326495756363271,1201166,0.025332052355794287,H5229,Otras actividades complementarias al transporte
Plenas-Separados,"Estado de resultado integral, resultado del periodo, por funcion de gasto",890903024,2025-12-31,COMERCIAL INTERNACIONAL DE EQUIPOS Y MAQUNARIA S.A.S,G4511 - Comercio de vehículos automotores nuevos,08. SOCIEDAD POR ACCIONES SIMPLIFICADA SAS,CALLE 11 SUR # 50-50,ANTIOQUIA,MEDELLIN-ANTIOQUIA,Periodo Actual,1026184415.0,766793501.0,259390914.0,10975023.0,152895262.0,33062816.0,5412799.0,-10381888.0,68613172,,,54686012.0,36089574.0,,3041264.0,,,,,90250874,28247930.0,62002944,,62002944,2025,0.25277222125810594,0.06686241868134393,0.060420859149376185,-1730541,36.82864780435713,G4511,Comercio de vehículos automotores nuevos
Plenas-Separados,"Estado de resultado integral, resultado del periodo, por funcion de gasto",890903035,2025-12-31,TERMOTECNICA COINDUSTRIAL SAS,F4290 - Construcción de otras obras de ingeniería civil,05. SOCIEDAD EN COMANDITA POR ACCIONES,CALLE 100 9A 45 TORRE 2 OFICINA 501,BOGOTA D.C.,BOGOTA D.C.,Periodo Actual,448869157.0,373179562.0,75689595.0,0.0,0.0,12940367.0,0.0,0.0,62749228,,,204286779.0,208907979.0,,,,,,,58128028,17995076.0,40132952,,40132952,2025,0.16862284659045976,0.1397940291094672,0.0894090212573906,16909134,1.3734481020731162,F4290,Construcción de otras obras de ingeniería civil
Plenas-Separados,"Estado de resultado integral, resultado del periodo, por funcion de gasto",890903055,2025-12-31,INTEGRAL S.A.,M7112 - Actividades de ingeniería y otras actividades conexas de consultoría técnica,01. SOCIEDAD ANÓNIMA,CR 46 52 36 P 11,ANTIOQUIA,MEDELLIN-ANTIOQUIA,Periodo Actual,97724467.0,85344846.0,12379621.0,4882462.0,5998349.0,11100377.0,3554349.0,-271783.0,-3662775,,,2787057.0,1272250.0,,4909736.0,,,,,2761768,-346776.0,3108544,,3108544,2025,0.1266788285476144,-0.037480634199826335,0.03180927044605933,6436563,-0.5170490834937839,M7112,Actividades de ingeniería y otras actividades conexas de consultoría técnica
Plenas-Separados,"Estado de resultado integral, resultado del periodo, por funcion de gasto",890903279,2025-12-31,Operaciones Generales Suramericana S.A.S.,"M7490 - Otras actividades profesionales, científicas y técnicas n.c.p.",08. SOCIEDAD POR ACCIONES SIMPLIFICADA SAS,Carrera 63 No. 49 A 31,ANTIOQUIA,MEDELLIN-ANTIOQUIA,Periodo Actual,226322989.0,164901420.0,61421569.0,14303806.0,970708.0,76333989.0,2198634.0,0.0,-3777956,,,29514037.0,,,,,,,,25736081,5119062.0,20617019,,20617019,2025,0.2713889970762095,-0.016692762925643406,0.09109555812732749,4868964,3.234374910145156,M7490,"Otras actividades profesionales, científicas y técnicas n.c.p."
Plenas-Separados,"Estado de resultado integral, resultado del periodo, por funcion de gasto",890903295,2025-12-31,SUPPLA S A,H5210 - Almacenamiento y depósito,01. SOCIEDAD ANÓNIMA,AV CRA 60 22 50,BOGOTA D.C.,BOGOTA D.C.,Periodo Actual,433195401.0,376771542.0,56423859.0,0.0,0.0,39702745.0,0.0,7716005.0,24437119,,,1140916.0,27504218.0,,0.0,3406141.0,,,,1479958,984345.0,495613,,495613,2025,0.13025036477707205,0.05641130756141153,0.0011440864765782683,-2315331,1.2140570829829516,H5210,Almacenamiento y depósito
Plenas-Separados,"Estado de resultado integral, resultado del periodo, por funcion de gasto",890903310,2025-12-31,ANHIDRIDOS Y DERIVADOS DE COLOMBIA S.A.S ANDERCOL,C2011 - Fabricación de sustancias y productos químicos básicos,08. SOCIEDAD POR ACCIONES SIMPLIFICADA SAS,CALLE 19A No 43B - 41,ANTIOQUIA,MEDELLIN-ANTIOQUIA,Periodo Actual,485694491.0,391235237.0,94459254.0,206827.0,46981717.0,12468717.0,62370.0,0.0,35153277,,,476792.0,4389676.0,,-875960.0,,,,,30364433,10214546.0,20149887,,20149887,2025,0.1944828606260638,0.072377343477013,0.04148675221436679,14352846,0.40389487910620653,C2011,Fabricación de sustancias y productos químicos básicos
Plenas-Separados,"Estado de resultado integral, resultado del periodo, por funcion de gasto",890903532,2025-12-31,INDUSTRIA COLOMBIANA DE CAFE S.A.S.,"C1062 - Descafeinado, tostión y molienda del café",08. SOCIEDAD POR ACCIONES SIMPLIFICADA SAS,CARRERA 52 # 2 - 38 GUAYABAL,ANTIOQUIA,MEDELLIN-ANTIOQUIA,Periodo Actual,2409884652.0,2021275278.0,388609374.0,0.0,125188816.0,72569376.0,0.0,-1975637.0,188875545,0.0,0.0,22338164.0,211117020.0,0.0,97221709.0,,0.0,0.0,0.0,97318398,12779387.0,84539011,0.0,84539011,2025,0.16125642099819473,0.07837534665538838,0.03508010681334469,100552605,-0.15925588402209967,C1062,"Descafeinado, tostión y molienda del café"
Plenas-Separados,"Estado de resultado integral, resultado del periodo, por funcion de gasto",890903858,2025-12-31,INDUSTRIA NACIONAL DE GASEOSAS S.A.S.,"C1104 - Elaboración de bebidas no alcohólicas, producción de aguas minerales y otras aguas embotelladas",08. SOCIEDAD POR ACCIONES SIMPLIFICADA SAS,"Calle 25 D # 95 A 85, Porteria 2",BOGOTA D.C.,BOGOTA D.C.,Periodo Actual,5221689554.0,3167079192.0,2054610362.0,95398782.0,1688530084.0,243064324.0,0.0,0.0,218414736,0.0,0.0,77384532.0,247616162.0,,326607.0,0.0,0.0,0.0,0.0,48509713,49672611.0,-1162898,0.0,-1162898,2025,0.39347616145163117,0.04182836488865688,-0.0002227053117528174,-45444421,0.9744105442558064,C1104,"Elaboración de bebidas no alcohólicas, producción de aguas minerales y otras aguas embotelladas"
Plenas-Separados,"Estado de resultado integral, resultado del periodo, por funcion de gasto",890903910,2025-12-31,RADIO CADENA NACIONAL SAS,J6010 - Actividades de programación y transmisión en el servicio de radiodifusión sonora,08. SOCIEDAD POR ACCIONES SIMPLIFICADA SAS,CL 37 13 A 19,BOGOTA D.C.,BOGOTA D.C.,Periodo Actual,163253040.0,0.0,163253040.0,6510108.0,18093644.0,182689612.0,3152223.0,0.0,-34172331,,,614999.0,7805796.0,,-1373916.0,,,,,-42737044,-3707727.0,-39029317,,-39029317,2025,1.0,-0.20932125368078905,-0.23907252814403945,-46290300,0.15685754898974516,J6010,Actividades de programación y transmisión en el servicio de radiodifusión sonora
Plenas-Separados,"Estado de resultado integral, resultado del periodo, por funcion de gasto",890903939,2025-12-31,POSTOBON S.A.,"C1104 - Elaboración de bebidas no alcohólicas, producción de aguas minerales y otras aguas embotelladas",01. SOCIEDAD ANÓNIMA,CALLE 52 N° 47-42 PISO 25,ANTIOQUIA,MEDELLIN-ANTIOQUIA,Periodo Actual,2870580613.0,1376732157.0,1493848456.0,0.0,934335652.0,341758297.0,0.0,-20769965.0,196984542,,,28976850.0,98921236.0,,-28966250.0,,,,,98073906,51818025.0,46255881,,46255881,2025,0.5203994095253092,0.06862184643340653,0.016113771823902442,44074579,0.049491159064729805,C1104,"Elaboración de bebidas no alcohólicas, producción de aguas minerales y otras aguas embotelladas"
Plenas-Separados,"Estado de resultado integral, resultado del periodo, por funcion de gasto",890904224,2025-12-31,C.I. Unión de Bananero de Urabá S.A. - Unibán,G4631 - Comercio al por mayor de productos alimenticios,01. SOCIEDAD ANÓNIMA,cl 52 47-42 piso 15 ed. coltejer,ANTIOQUIA,MEDELLIN-ANTIOQUIA,Periodo Actual,2393135726.0,2249098948.0,144036778.0,30532516.0,43173749.0,95178314.0,0.0,0.0,36217231,,,17014861.0,23310144.0,808103.0,100631147.0,,,,,129744992,31183229.0,98561763,,98561763,2025,0.06018746719424471,0.015133797304733396,0.041185195611425175,50209982,0.9629914027852071,G4631,Comercio al por mayor de productos alimenticios
Plenas-Separados,"Estado de resultado integral, resultado del periodo, por funcion de gasto",890904615,2025-12-31,Autoamerica S.A,G4511 - Comercio de vehículos automotores nuevos,01. SOCIEDAD ANÓNIMA,CRA 50 38 50,ANTIOQUIA,MEDELLIN-ANTIOQUIA,Periodo Actual,482347030.0,411290938.0,71056092.0,9952957.0,31946181.0,12090831.0,265562.0,0.0,36706475,,,628576.0,5540182.0,,571953.0,,,,,32366822,12803221.0,19563601,,19563601,2025,0.14731321554939397,0.07609972222696178,0.04055918204782975,24254620,-0.19340723540504862,G4511,Comercio de vehículos automotores nuevos
Plenas-Separados,"Estado de resultado integral, resultado del periodo, por funcion de gasto",890904815,2025-12-31,ARQUITECTO E INGENIEROS ASOCIADOS S.A,M7111 - Actividades de arquitectura,01. SOCIEDAD ANÓNIMA,CALLE 16 A SUR 48A-32,ANTIOQUIA,MEDELLIN-ANTIOQUIA,Periodo Actual,6873523.0,11870861.0,-4997338.0,790267.0,103879.0,4115570.0,224702.0,0.0,-8651222,,,40795.0,9685026.0,,,,,,,-18295453,-3055520.0,-15239933,79159.0,-15160774,2025,-0.7270417222725523,-1.2586299631208042,-2.205677350610451,-1729913,-7.763893906803406,M7111,Actividades de arquitectura
Plenas-Separados,"Estado de resultado integral, resultado del periodo, por funcion de gasto",890905047,2025-12-31,SERVICIOS GRUPO BIOS S.A.S.,M7010 - Actividades de administración empresarial,08. SOCIEDAD POR ACCIONES SIMPLIFICADA SAS,CR 48 27 A SUR 89,ANTIOQUIA,ENVIGADO-ANTIOQUIA,Periodo Actual,14152285.0,0.0,14152285.0,755702.0,0.0,13026239.0,0.0,-122799.0,1758949,0.0,0.0,2641695.0,808463.0,0.0,,0.0,0.0,0.0,0.0,3592181,1457896.0,2134285,,2134285,2025,1.0,0.12428727940399731,0.15080850901462203,4611730,-0.5372051269263378,M7010,Actividades de administración empresarial
Plenas-Separados,"Estado de resultado integral, resultado del periodo, por funcion de gasto",890906119,2025-12-31,NUVANT SAS,C2221 - Fabricación de formas básicas de plástico,08. SOCIEDAD POR ACCIONES SIMPLIFICADA SAS,CL 61 SUR  43A290,ANTIOQUIA,SABANETA-ANTIOQUIA,Periodo Actual,188464450.0,151740240.0,36724210.0,9191266.0,19255434.0,17003682.0,1956840.0,0.0,7699520,,,73416.0,7124159.0,,,,,,,648777,-7221345.0,7870122,,7870122,2025,0.1948601447116419,0.040853964766299426,0.04175918588359768,-11089011,1.709722625399145,C2221,Fabricación de formas básicas de plástico
Plenas-Separados,"Estado de resultado integral, resultado del periodo, por funcion de gasto",890906295,2025-12-31,RESTREPO HERMANOS SA,L6810 - Actividades inmobiliarias realizadas con bienes propios o arrendados,01. SOCIEDAD ANÓNIMA,CALLE 49 SUR N 45 A 300 OF 1409 ED S48,ANTIOQUIA,ENVIGADO-ANTIOQUIA,Periodo Actual,5282100.0,0.0,5282100.0,180433.0,0.0,3914622.0,108316.0,0.0,1439595,,,702123.0,506781.0,,-344351.0,,,,,1290586,585878.0,704708,1216.0,705924,2025,1.0,0.27254217072755155,0.13364457318112113,6662379,-0.8940432539187578,L6810,Actividades inmobiliarias realizadas con bienes propios o arrendados
Plenas-Separados,"Estado de resultado integral, resultado del periodo, por funcion de gasto",890906388,2025-12-31,PROCOPAL S.A.,F4210 - Construcción de carreteras y vías de ferrocarril,01. SOCIEDAD ANÓNIMA,CRA 43 a 19-17 INT 506,ANTIOQUIA,GIRARDOTA-ANTIOQUIA,Periodo Actual,141427056.0,122822444.0,18604612.0,4866035.0,0.0,11919457.0,2851582.0,0.0,8699608,0.0,0.0,490634.0,0.0,0.0,0.0,0.0,0.0,0.0,0.0,9190242,3415821.0,5774421,0.0,5774421,2025,0.13154917118546255,0.06151303891951198,0.04082967689011359,5473386,0.05499977527621842,F4210,Construcción de carreteras y vías de ferrocarril
Plenas-Separados,"Estado de resultado integral, resultado del periodo, por funcion de gasto",890906413,2025-12-31,ELECTRICAS DE MEDELLIN INGENIERIA Y SERVICIOS S.A.S,F4220 - Construcción de proyectos de servicio público,08. SOCIEDAD POR ACCIONES SIMPLIFICADA SAS,CARRERA 38 10 36 PISO 10,BOGOTA D.C.,BOGOTA D.C.,Periodo Actual,313446323.0,247922506.0,65523817.0,8167159.0,6346550.0,22456783.0,4708524.0,-154484.0,40024635,,,2003767.0,39251066.0,,110268326.0,,,,,113045662,11344838.0,101700824,,101700824,2025,0.20904318280996392,0.1276921503398845,0.32446009583593044,56535921,0.7988709160676802,F4220,Construcción de proyectos de servicio público
Plenas-Separados,"Estado de resultado integral, resultado del periodo, por funcion de gasto",890907163,2025-12-31,COMPAÑIA INDUSTRIAL DE PRODUCTOS AGROPECUARIOS S.A.,C1090 - Elaboración de alimentos preparados para animales,01. SOCIEDAD ANÓNIMA,CR 49 A 23 45,ANTIOQUIA,BELLO-ANTIOQUIA,Periodo Actual,1058463171.0,924592903.0,133870268.0,3000325.0,31620863.0,28908557.0,2751204.0,-1899113.0,71690856,,,1923023.0,19089183.0,,,323195.0,,,,54847891,19173873.0,35674018,,35674018,2025,0.12647607556673315,0.06773108216157292,0.03370359874335203,37865376,-0.05787234226856747,C1090,Elaboración de alimentos preparados para animales
Plenas-Separados,"Estado de resultado integral, resultado del periodo, por funcion de gasto",890908649,2025-12-31,SUN CHEMICAL COLOMBIA SAS,"C2022 - Fabricación de pinturas, barnices y revestimientos similares, tintas para impresión y masillas",08. SOCIEDAD POR ACCIONES SIMPLIFICADA SAS,CALLE 7D 43A 99 OFC 208,ANTIOQUIA,MEDELLIN-ANTIOQUIA,Periodo Actual,268502171.0,206918872.0,61583299.0,0.0,10266906.0,31589651.0,0.0,-1131401.0,18595341,,,192250.0,7057038.0,,7815291.0,,,,,19545844,5153095.0,14392749,,14392749,2025,0.22935866317445902,0.06925583108227457,0.05360384590707835,12649689,0.13779469202760636,C2022,"Fabricación de pinturas, barnices y revestimientos similares, tintas para impresión y masillas"
Plenas-Separados,"Estado de resultado integral, resultado del periodo, por funcion de gasto",890908901,2025-12-31,INDUSTRIAL CONCONCRETO S A S,"B0811 - Extracción de piedra, arena, arcillas comunes, yeso y anhidrita",08. SOCIEDAD POR ACCIONES SIMPLIFICADA SAS,CL 5 B 21 24,ANTIOQUIA,GIRARDOTA-ANTIOQUIA,Periodo Actual,39404986.0,29331096.0,10073890.0,1247031.0,1475629.0,2995942.0,478570.0,0.0,6370780,,,534570.0,1916398.0,,2191358.0,,,,,7180310,1895883.0,5284427,,5284427,2025,0.2556501352392309,0.16167446424165713,0.13410554187228996,2743954,0.925843873476013,B0811,"Extracción de piedra, arena, arcillas comunes, yeso y anhidrita"
Plenas-Separados,"Estado de resultado integral, resultado del periodo, por funcion de gasto",890908985,2025-12-31,INVERSIONES CHORRITOS S.A.S.,K6619 - Otras actividades auxiliares de las actividades de servicios financieros n.c.p.,08. SOCIEDAD POR ACCIONES SIMPLIFICADA SAS,CL 32 F 81-47,ANTIOQUIA,MEDELLIN-ANTIOQUIA,Periodo Actual,1017634.0,465570.0,552064.0,156132.0,0.0,884681.0,83339.0,0.0,-259824,,,22758.0,,,,,,,,-237066,24255.0,-261321,,-261321,2025,0.5424975973680125,-0.2553216578848584,-0.2567927172244638,-21624,-11.08476692563818,K6619,Otras actividades auxiliares de las actividades de servicios financieros n.c.p.
Plenas-Separados,"Estado de resultado integral, resultado del periodo, por funcion de gasto",890910354,2025-12-31,CELSA S.A.S. BIC,C2740 - Fabricación de equipos eléctricos de iluminación,08. SOCIEDAD POR ACCIONES SIMPLIFICADA SAS,AUTOPISTA MEDELLIN - BOGOTA KM 26 VDA LA HONDA PARQUE INDUSTRIAL CINCUENTENARIO,ANTIOQUIA,GUARNE-ANTIOQUIA,Periodo Actual,120869297.0,75585758.0,45283539.0,1378876.0,11645414.0,14869007.0,1365437.0,0.0,18782557,,,4490936.0,5722104.0,,-2319277.0,,,,,15232112,6478497.0,8753615,,8753615,2025,0.37464881590235444,0.15539560058829496,0.07242215531376839,21496152,-0.592782233769095,C2740,Fabricación de equipos eléctricos de iluminación
Plenas-Separados,"Estado de resultado integral, resultado del periodo, por funcion de gasto",890910447,2025-12-31,Sedic SA,M7112 - Actividades de ingeniería y otras actividades conexas de consultoría técnica,01. SOCIEDAD ANÓNIMA,CR 46 53 15 PISO 3 TORE 46,ANTIOQUIA,MEDELLIN-ANTIOQUIA,Periodo Actual,28769036.0,24690201.0,4078835.0,422751.0,570824.0,2778784.0,1137139.0,0.0,14839,,,,,,,,,,,14839,200803.0,-185964,0.0,-185964,2025,0.14177864701479745,0.0005157976096244588,-0.006464033066662366,352440,-1.5276472591079333,M7112,Actividades de ingeniería y otras actividades conexas de consultoría técnica
Plenas-Separados,"Estado de resultado integral, resultado del periodo, por funcion de gasto",890911327,2025-12-31,ABRASIVOS DE COLOMBIA S.A,C2399 - Fabricación de otros productos minerales no metálicos n.c.p.,01. SOCIEDAD ANÓNIMA,Autopista Norte KM 20,ANTIOQUIA,GIRARDOTA-ANTIOQUIA,Periodo Actual,98681688.0,61269908.0,37411780.0,2627637.0,12952517.0,13435775.0,433618.0,0.0,13217507,,,27029.0,10420072.0,,-188015.0,,,,,2636449,1380457.0,1255992,,1255992,2025,0.3791157281379297,0.13394082800853588,0.01272771094065598,3210708,-0.6088115144697057,C2399,Fabricación de otros productos minerales no metálicos n.c.p.
Plenas-Separados,"Estado de resultado integral, resultado del periodo, por funcion de gasto",890911431,2025-12-31,CONINSA S.A.S.,F4290 - Construcción de otras obras de ingeniería civil,08. SOCIEDAD POR ACCIONES SIMPLIFICADA SAS,Calle 47 79 10 Piso 1,ANTIOQUIA,MEDELLIN-ANTIOQUIA,Periodo Actual,200943400.0,58165437.0,142777963.0,6837048.0,60154255.0,29580912.0,0.0,0.0,59879844,,,8055072.0,15227642.0,,,,,,,52707274,603630.0,52103644,,52103644,2025,0.7105382062809726,0.2979935842630313,0.2592951248958662,46646431,0.11699100837961215,F4290,Construcción de otras obras de ingeniería civil
Plenas-Separados,"Estado de resultado integral, resultado del periodo, por funcion de gasto",890911585,2025-12-31,PREVER SA,S9603 - Pompas fúnebres y actividades relacionadas,01. SOCIEDAD ANÓNIMA,CR 49 54 47,ANTIOQUIA,MEDELLIN-ANTIOQUIA,Periodo Actual,17705530.0,11213947.0,6491583.0,0.0,3975950.0,1795128.0,416529.0,0.0,303976,,,239085.0,,,,4116544.0,,,,4659605,-146671.0,4806276,,4806276,2025,0.36664155210264815,0.017168421391508756,0.2714562060553963,3494634,0.37533029209925844,S9603,Pompas fúnebres y actividades relacionadas
Plenas-Separados,"Estado de resultado integral, resultado del periodo, por funcion de gasto",890913183,2025-12-31,AKZONOBEL COLOMBIA S.A.S.,M7010 - Actividades de administración empresarial,08. SOCIEDAD POR ACCIONES SIMPLIFICADA SAS,CL 19A  43B 41,ANTIOQUIA,MEDELLIN-ANTIOQUIA,Periodo Actual,25786916.0,0.0,25786916.0,0.0,0.0,37923495.0,0.0,603181.0,-11533398,,,,44444692.0,,109993861.0,,,,,54015771,9147838.0,44867933,,44867933,2025,1.0,-0.44725774885216985,1.7399495542623244,102757282,-0.5633600643504759,M7010,Actividades de administración empresarial
Plenas-Separados,"Estado de resultado integral, resultado del periodo, por funcion de gasto",890916269,2025-12-31,ESPUMAS PLASTICAS SAS,C3120 - Fabricación de colchones y somieres,08. SOCIEDAD POR ACCIONES SIMPLIFICADA SAS,CARRERA 42 85A 95,ANTIOQUIA,ITAGUI-ANTIOQUIA,Periodo Actual,215822219.0,70993141.0,144829078.0,6566620.0,71581264.0,15809581.0,3090763.0,0.0,60914090,,,6830377.0,11902740.0,,-83006.0,,,,,55758721,21439835.0,34318886,,34318886,2025,0.6710573112956456,0.28224197806065554,0.1590146100758977,33504161,0.02431712884856302,C3120,Fabricación de colchones y somieres
Plenas-Separados,"Estado de resultado integral, resultado del periodo, por funcion de gasto",890916911,2025-12-31,INDUSTRIA COLOMBIANA DE MOTOCICLETAS YAMAHA S.A.S.,C3091 - Fabricación de motocicletas,08. SOCIEDAD POR ACCIONES SIMPLIFICADA SAS,"COSTADO ORIENTAL, KM 20 AUTOPISTA NORTE,  VIA GIRARDOTA",ANTIOQUIA,GIRARDOTA-ANTIOQUIA,Periodo Actual,2091432910.0,1614555912.0,476876998.0,44519351.0,94974036.0,39800570.0,40220465.0,0.0,346401278,,,47375391.0,3596254.0,,599009.0,,,,,390779424,137016606.0,253762818,,253762818,2025,0.22801448505465088,0.16562868277711093,0.12133442903506764,234334178,0.08290997141697358,C3091,Fabricación de motocicletas
Plenas-Separados,"Estado de resultado integral, resultado del periodo, por funcion de gasto",890916988,2025-12-31,AVERY DENNISON RETAIL INFORMATION SERVICES COLOMBIA S.A.S.,C1811 - Actividades de impresión,08. SOCIEDAD POR ACCIONES SIMPLIFICADA SAS,CARRERA 50 FF #7 SUR 31,ANTIOQUIA,MEDELLIN-ANTIOQUIA,Periodo Actual,42449154.0,24293620.0,18155534.0,0.0,3173088.0,12047740.0,0.0,-579288.0,2355418,0.0,0.0,0.0,386098.0,0.0,19691.0,0.0,0.0,0.0,0.0,1989011,2129526.0,-140515,0.0,-140515,2025,0.4277007263796117,0.05548798451907899,-0.003310195534167772,369229,-1.3805632818657256,C1811,Actividades de impresión
Plenas-Separados,"Estado de resultado integral, resultado del periodo, por funcion de gasto",890917007,2025-12-31,OPTIMA S.A.S. VIVIENDA Y CONSTRUCCION,F4111 - Construcción de edificios residenciales,08. SOCIEDAD POR ACCIONES SIMPLIFICADA SAS,"CARRERA 43 A 14 27 PISO 5, OFICINA 507",ANTIOQUIA,MEDELLIN-ANTIOQUIA,Periodo Actual,25445681.0,23194260.0,2251421.0,2578048.0,0.0,8289258.0,2130262.0,0.0,-5590051,,,80670.0,344962.0,,,,,,,-5854343,,-5854343,,-5854343,2025,0.08847949481092686,-0.21968565117200048,-0.23007216823947452,259060,-23.598405774724004,F4111,Construcción de edificios residenciales
Plenas-Separados,"Estado de resultado integral, resultado del periodo, por funcion de gasto",890917295,2025-12-31,COLORQUIMICA S.A.S.,C2029 - Fabricación de otros productos químicos n.c.p.,08. SOCIEDAD POR ACCIONES SIMPLIFICADA SAS,Cra 53 Nº 78 sur- 59,ANTIOQUIA,LA-ESTRELLA-ANTIOQUIA,Periodo Actual,274518277.0,211157797.0,63360480.0,7325580.0,25538132.0,13902442.0,486891.0,0.0,30758595,,,3069303.0,9911246.0,,3332746.0,,,,,27249398,8078841.0,19170557,,19170557,2025,0.23080605303376575,0.11204570907313395,0.06983344500592213,20840319,-0.08012171022909965,C2029,Fabricación de otros productos químicos n.c.p.
Plenas-Separados,"Estado de resultado integral, resultado del periodo, por funcion de gasto",890917465,2025-12-31,GRIFFITH FOODS S.A.S.,C1089 - Elaboración de otros productos alimenticios n.c.p.,08. SOCIEDAD POR ACCIONES SIMPLIFICADA SAS,AUTOPISTA MEDELLIN-BOGOTA KM39,ANTIOQUIA,MARINILLA-ANTIOQUIA,Periodo Actual,293553178.0,183814877.0,109738301.0,4011790.0,32078896.0,54756766.0,2285517.0,0.0,24628912,,,385878.0,2144107.0,,403188.0,,,,,23273871,11377761.0,11896110,,11896110,2025,0.3738276715232836,0.0838993199385496,0.04052454850275884,16305502,-0.2704235662293623,C1089,Elaboración de otros productos alimenticios n.c.p.
Plenas-Separados,"Estado de resultado integral, resultado del periodo, por funcion de gasto",890917730,2025-12-31,INVERSIONES Y ASESORIAS MUÑOZ SANCHEZ Y CIA SAS,L6810 - Actividades inmobiliarias realizadas con bienes propios o arrendados,08. SOCIEDAD POR ACCIONES SIMPLIFICADA SAS,CLL 73 51C 31,ANTIOQUIA,MEDELLIN-ANTIOQUIA,Periodo Actual,1557275.0,0.0,1557275.0,27938.0,0.0,1772401.0,164949.0,0.0,-352137,,,994154.0,40799.0,,,,,,,601218,392175.0,209043,,209043,2025,1.0,-0.22612383811465542,0.1342364065434814,-117672,2.7764888843565165,L6810,Actividades inmobiliarias realizadas con bienes propios o arrendados
Plenas-Separados,"Estado de resultado integral, resultado del periodo, por funcion de gasto",890919437,2025-12-31,RYMEL INGENIERIA ELECTRICA S.A.S.,"C2711 - Fabricación de motores, generadores y transformadores eléctricos",08. SOCIEDAD POR ACCIONES SIMPLIFICADA SAS,AUT. NORTE PARAJE EL NORAL DIAG. A LA BOMBA TOLU,ANTIOQUIA,COPACABANA-ANTIOQUIA,Periodo Actual,321800001.0,171096106.0,150703895.0,2907533.0,21593973.0,8072063.0,7076996.0,0.0,116868396,,,2044242.0,9156948.0,,,,,,,109755690,40263524.0,69492166,,69492166,2025,0.4683153963072859,0.36317090005229674,0.21594830883794808,98759261,-0.29634785339270614,C2711,"Fabricación de motores, generadores y transformadores eléctricos"
Plenas-Separados,"Estado de resultado integral, resultado del periodo, por funcion de gasto",890921335,2025-12-31,LAUMAYER COLOMBIANA COMERCIALIZADORA S.A.S,G4690 - Comercio al por mayor no especializado,08. SOCIEDAD POR ACCIONES SIMPLIFICADA SAS,CR 50C 10 SUR 61,ANTIOQUIA,MEDELLIN-ANTIOQUIA,Periodo Actual,109379577.0,69654236.0,39725341.0,9114716.0,18198417.0,8102359.0,7262835.0,0.0,15276446,,,272399.0,2229058.0,,,53110.0,,,,13372897,4746787.0,8626110,,8626110,2025,0.36318791944130485,0.13966451890740078,0.0788639912183972,5645979,0.5278324627137295,G4690,Comercio al por mayor no especializado
Plenas-Separados,"Estado de resultado integral, resultado del periodo, por funcion de gasto",890921972,2025-12-31,CARBE S.A.S.,K6613 - Otras actividades relacionadas con el mercado de valores,08. SOCIEDAD POR ACCIONES SIMPLIFICADA SAS,KR  11 91 42 PISO 7,BOGOTA D.C.,BOGOTA D.C.,Periodo Actual,371369767.0,0.0,371369767.0,6619.0,0.0,20561859.0,465150.0,-67689335.0,282660042,,,,6765677.0,,,,,,,275894365,1585758.0,274308607,,274308607,2025,1.0,0.7611283069254262,0.7386401139110498,264990988,0.03516202218922253,K6613,Otras actividades relacionadas con el mercado de valores
Plenas-Separados,"Estado de resultado integral, resultado del periodo, por funcion de gasto",890922549,2025-12-31,PREMEX SAS,C1090 - Elaboración de alimentos preparados para animales,08. SOCIEDAD POR ACCIONES SIMPLIFICADA SAS,CR 50 2 SUR 251,ANTIOQUIA,MEDELLIN-ANTIOQUIA,Periodo Actual,582319370.0,431250602.0,151068768.0,465146.0,43650982.0,51335400.0,2925008.0,0.0,53622524,,,14184673.0,23625886.0,,-597154.0,,,,,43584157,9585308.0,33998849,,33998849,2025,0.2594259710096884,0.09208439004871159,0.058385227680130235,15193825,1.2376754372253203,C1090,Elaboración de alimentos preparados para animales
Plenas-Separados,"Estado de resultado integral, resultado del periodo, por funcion de gasto",890922586,2025-12-31,TEXCOMERCIAL - TEXCO S.A.S.,G4690 - Comercio al por mayor no especializado,08. SOCIEDAD POR ACCIONES SIMPLIFICADA SAS,CLL 16 B SUR 41 23,ANTIOQUIA,MEDELLIN-ANTIOQUIA,Periodo Actual,239698279.0,200263542.0,39434737.0,0.0,27192597.0,5700734.0,0.0,726046.0,7267452,,,145479.0,3121396.0,,98934.0,,-712.0,,,4389757,1778830.0,2610927,,2610927,2025,0.16451823168909777,0.030319166371653425,0.010892556304085938,1503634,0.7364112543344989,G4690,Comercio al por mayor no especializado
Plenas-Separados,"Estado de resultado integral, resultado del periodo, por funcion de gasto",890923500,2025-12-31,PREVER SA & CIA SCA,N8299 - Otras actividades de servicio de apoyo a las empresas n.c.p.,05. SOCIEDAD EN COMANDITA POR ACCIONES,CR 49 54 47,ANTIOQUIA,MEDELLIN-ANTIOQUIA,Periodo Actual,266322.0,254427.0,11895.0,36800.0,5104.0,24880.0,4118.0,0.0,14593,,,,53.0,,,1565542.0,,,,1580082,48498.0,1531584,,1531584,2025,0.04466397819181292,0.05479457198428969,5.750873003356839,620490,1.4683459846250544,N8299,Otras actividades de servicio de apoyo a las empresas n.c.p.
Plenas-Separados,"Estado de resultado integral, resultado del periodo, por funcion de gasto",890924167,2025-12-31,890924167,"C1410 - Confección de prendas de vestir, excepto prendas de piel",01. SOCIEDAD ANÓNIMA,CRA 50 7 35,ANTIOQUIA,MEDELLIN-ANTIOQUIA,Periodo Actual,257715669.0,138758130.0,118957539.0,0.0,43351355.0,52122143.0,1722228.0,0.0,21761813,,,,13437373.0,,,,,,,8324440,2903931.0,5420509,,5420509,2025,0.4615844254312686,0.08444117148344597,0.02103290428957193,1343972,3.0332008404937008,C1410,"Confección de prendas de vestir, excepto prendas de piel"
Plenas-Separados,"Estado de resultado integral, resultado del periodo, por funcion de gasto",890925108,2025-12-31,PAPELES Y CARTONES S.A.,"C1702 - Fabricación de papel y cartón ondulado (corrugado); fabricación de envases, empaques y de embalajes de papel y cartón",01. SOCIEDAD ANÓNIMA,TRONCAL DEL NORDESTE # 999-18,ANTIOQUIA,BARBOSA-ANTIOQUIA,Periodo Actual,521687808.0,403035891.0,118651917.0,0.0,0.0,46519097.0,29391887.0,0.0,42740933,,,3231493.0,11882156.0,,10232586.0,,,,,44322856,27643942.0,16678914,,16678914,2025,0.22743854692498391,0.0819281806946119,0.03197106342956744,86360119,-0.8068678668680389,C1702,"Fabricación de papel y cartón ondulado (corrugado); fabricación de envases, empaques y de embalajes de papel y cartón"
Plenas-Separados,"Estado de resultado integral, resultado del periodo, por funcion de gasto",890925215,2025-12-31,PRODUCTOS AUTOADHESIVOS ARCLAD S.A,C1709 - Fabricación de otros artículos de papel y cartón,01. SOCIEDAD ANÓNIMA,AUTOPISTA MEDELLIN BOGOTA KM 34,ANTIOQUIA,RIONEGRO-ANTIOQUIA,Periodo Actual,651007157.0,548864518.0,102142639.0,9894586.0,29915237.0,17559334.0,1179253.0,-469127.0,62914274,0.0,0.0,3209770.0,22616679.0,,13182492.0,,,,,56689857,16951592.0,39738265,,39738265,2025,0.15689941024719026,0.09664144752251932,0.06104121064217424,-40401859,1.9835751617270878,C1709,Fabricación de otros artículos de papel y cartón
Plenas-Separados,"Estado de resultado integral, resultado del periodo, por funcion de gasto",890926345,2025-12-31,EMPRESA COLOMBIANA DE RADIO SAS,J6010 - Actividades de programación y transmisión en el servicio de radiodifusión sonora,08. SOCIEDAD POR ACCIONES SIMPLIFICADA SAS,CL 37 13 A 19,BOGOTA D.C.,BOGOTA D.C.,Periodo Actual,103416.0,0.0,103416.0,3.0,0.0,48781.0,1.0,0.0,54637,,,4.0,5867.0,,65726.0,,,,,114500,19395.0,95105,,95105,2025,1.0,0.5283225032876925,0.919635259534308,98924,-0.03860539403986899,J6010,Actividades de programación y transmisión en el servicio de radiodifusión sonora
Plenas-Separados,"Estado de resultado integral, resultado del periodo, por funcion de gasto",890927442,2025-12-31,VIA LIBRE SA,"M7490 - Otras actividades profesionales, científicas y técnicas n.c.p.",01. SOCIEDAD ANÓNIMA,CARRERA 50 38-50,ANTIOQUIA,MEDELLIN-ANTIOQUIA,Periodo Actual,22914.0,0.0,22914.0,19103.0,0.0,97661.0,0.0,0.0,-55644,,,39906.0,10864.0,,,,,8657717.0,,8631115,,8631115,,8631115,2025,1.0,-2.4283843938203717,376.6743039190015,10551807,-0.18202493658195226,M7490,"Otras actividades profesionales, científicas y técnicas n.c.p."
Plenas-Separados,"Estado de resultado integral, resultado del periodo, por funcion de gasto",890930060,2025-12-31,AGRICOLA SANTAMARIA S.A.S,A0122 - Cultivo de plátano y banano,08. SOCIEDAD POR ACCIONES SIMPLIFICADA SAS,CR 43A 19-17 OF 1006,ANTIOQUIA,APARTADO-ANTIOQUIA,Periodo Actual,168682818.0,121574323.0,47108495.0,6068034.0,8878691.0,19807418.0,231064.0,77740.0,24337096,,,5892919.0,7808336.0,,-760246.0,,,,,21661433,4539498.0,17121935,,17121935,2025,0.2792726346319398,0.14427726717252257,0.10150372873187356,-2053885,9.336364986355127,A0122,Cultivo de plátano y banano
Plenas-Separados,"Estado de resultado integral, resultado del periodo, por funcion de gasto",890931654,2025-12-31,OCEANOS SA,A0321 - Acuicultura marítima,01. SOCIEDAD ANÓNIMA,ALBORNOZ VIA MAMONAL 1-504,BOLIVAR,CARTAGENA-BOLIVAR,Periodo Actual,44057027.0,71905094.0,-27848067.0,982789.0,942644.0,3433975.0,5750887.0,0.0,-36992784,-1612299.0,,3492.0,535860.0,,,,-672.0,,,-39138123,-18849588.0,-20288535,,-20288535,2025,-0.6320913801106007,-0.8396568383971983,-0.46050622072161157,-20161119,-0.006319887303874353,A0321,Acuicultura marítima
Plenas-Separados,"Estado de resultado integral, resultado del periodo, por funcion de gasto",890931708,2025-12-31,EXTRUSIONES S.A,C2219 - Fabricación de formas básicas de caucho y otros productos de caucho n.c.p.,01. SOCIEDAD ANÓNIMA,CL 25 41-146,ANTIOQUIA,ITAGUI-ANTIOQUIA,Periodo Actual,66815053.0,44812192.0,22002861.0,2716149.0,8481390.0,6858029.0,4644874.0,0.0,4734717,,,844884.0,,,,,,,,5579601,2042221.0,3537380,,3537380,2025,0.32930993858524665,0.07086302842564535,0.05294286004682208,6063612,-0.41662164399701035,C2219,Fabricación de formas básicas de caucho y otros productos de caucho n.c.p.
Plenas-Separados,"Estado de resultado integral, resultado del periodo, por funcion de gasto",890932117,2025-12-31,NIVEL SAS,L6810 - Actividades inmobiliarias realizadas con bienes propios o arrendados,08. SOCIEDAD POR ACCIONES SIMPLIFICADA SAS,CR 35 15B 143 P 4 OFC 401,ANTIOQUIA,MEDELLIN-ANTIOQUIA,Periodo Actual,2858931.0,1484445.0,1374486.0,5163347.0,0.0,898986.0,1385176.0,0.0,4253671,,,1394040.0,2062599.0,,,,,,,3585112,803050.0,2782062,,2782062,2025,0.4807692105895525,1.4878536767763895,0.97311267743083,3059862,-0.09078840810467922,L6810,Actividades inmobiliarias realizadas con bienes propios o arrendados
Plenas-Separados,"Estado de resultado integral, resultado del periodo, por funcion de gasto",890932389,2025-12-31,TERNIUM COLOMBIA SAS,"G4663 - Comercio al por mayor de materiales de construcción, artículos de ferretería, pinturas, productos de vidrio, equipo y materiales de fontanería y calefacción",08. SOCIEDAD POR ACCIONES SIMPLIFICADA SAS,CR 42 NO. 26-18,ANTIOQUIA,ITAGUI-ANTIOQUIA,Periodo Actual,1268002432.0,1149681647.0,118320785.0,7319379.0,87944159.0,49878129.0,4659715.0,543794.0,-16298045,,,1441223.0,30053435.0,,,,,,,-44910257,-36872969.0,-8037288,,-8037288,2025,0.09331274295221541,-0.012853323139367606,-0.006338543047841726,-8129339,0.011323306851885498,G4663,"Comercio al por mayor de materiales de construcción, artículos de ferretería, pinturas, productos de vidrio, equipo y materiales de fontanería y calefacción"
Plenas-Separados,"Estado de resultado integral, resultado del periodo, por funcion de gasto",890932424,2025-12-31,SP INGENIEROS SAS,F4290 - Construcción de otras obras de ingeniería civil,08. SOCIEDAD POR ACCIONES SIMPLIFICADA SAS,CR 74 28 29,ANTIOQUIA,MEDELLIN-ANTIOQUIA,Periodo Actual,493742994.0,432728298.0,61014696.0,5037341.0,0.0,8841817.0,1867270.0,1473147.0,56816097,,,4281550.0,27214610.0,,,,,,,33883037,3443926.0,30439111,,30439111,2025,0.12357582131079312,0.1150722090043469,0.061649707175389305,84604007,-0.6402166743709905,F4290,Construcción de otras obras de ingeniería civil
Plenas-Separados,"Estado de resultado integral, resultado del periodo, por funcion de gasto",890935966,2025-12-31,CONSTRUCCIONES Y SERVICIOS SAS,F4290 - Construcción de otras obras de ingeniería civil,08. SOCIEDAD POR ACCIONES SIMPLIFICADA SAS,CALLE 16 N 41 210 OFICINA 301,ANTIOQUIA,MEDELLIN-ANTIOQUIA,Periodo Actual,4547107.0,1660026.0,2887081.0,512493.0,136190.0,1838391.0,92970.0,0.0,1332023,,,241451.0,349206.0,,,,,,,1224268,,1224268,35568.0,1259836,2025,0.6349269986389148,0.29293856511403843,0.27706319644556415,422297,1.9832937482387987,F4290,Construcción de otras obras de ingeniería civil
Plenas-Separados,"Estado de resultado integral, resultado del periodo, por funcion de gasto",890937250,2025-12-31,UNION ELECTRICA SA,M7112 - Actividades de ingeniería y otras actividades conexas de consultoría técnica,01. SOCIEDAD ANÓNIMA,Calle 15 SUR 48 39,ANTIOQUIA,MEDELLIN-ANTIOQUIA,Periodo Actual,131245101.0,111505810.0,19739291.0,965447.0,4231106.0,10697897.0,4762353.0,0.0,1013382,,,12866217.0,16598994.0,,,,,,,-2719395,-467243.0,-2252152,,-2252152,2025,0.15040021189057565,0.0077212939170963795,-0.017159893838627926,-9556030,0.7643213761363244,M7112,Actividades de ingeniería y otras actividades conexas de consultoría técnica
Plenas-Separados,"Estado de resultado integral, resultado del periodo, por funcion de gasto",890940259,2025-12-31,LABORATORIOS RETINA SAS,G4659 - Comercio al por mayor de otros tipos de maquinaria y equipo n.c.p.,08. SOCIEDAD POR ACCIONES SIMPLIFICADA SAS,CARRERA 33 7A78,ANTIOQUIA,MEDELLIN-ANTIOQUIA,Periodo Actual,44933051.0,21063105.0,23869946.0,537511.0,9564451.0,2588709.0,485181.0,0.0,11769116,,,1103849.0,1021740.0,,,,,,,11851225,4272957.0,7578268,,7578268,2025,0.5312335901695169,0.26192559236629626,0.16865687575944932,6783041,0.1172375340205079,G4659,Comercio al por mayor de otros tipos de maquinaria y equipo n.c.p.
Plenas-Separados,"Estado de resultado integral, resultado del periodo, por funcion de gasto",890940852,2025-12-31,REFORESTADORA EL GUASIMO SAS,A0220 - Extracción de madera,08. SOCIEDAD POR ACCIONES SIMPLIFICADA SAS,CR 27 35 SUR 162 OF 343,ANTIOQUIA,ENVIGADO-ANTIOQUIA,Periodo Actual,9034839.0,7251309.0,1783530.0,0.0,0.0,3627853.0,0.0,15437562.0,13593239,0.0,0.0,0.0,142691.0,0.0,0.0,0.0,0.0,0.0,0.0,13450548,1478671.0,11971877,0.0,11971877,2025,0.19740584198567346,1.5045358306882946,1.3250791740727201,-21337851,1.5610629205349686,A0220,Extracción de madera
Plenas-Separados,"Estado de resultado integral, resultado del periodo, por funcion de gasto",890942766,2025-12-31,CONSTRUCTORA MONSERRATE DE COLOMBIA SAS,F4111 - Construcción de edificios residenciales,08. SOCIEDAD POR ACCIONES SIMPLIFICADA SAS,TRANSVERSAL 34 A 74 A 23 OF 401,ANTIOQUIA,MEDELLIN-ANTIOQUIA,Periodo Actual,35794452.0,2299500.0,33494952.0,1603301.0,6986196.0,8276564.0,2052392.0,0.0,17783101,,,2563511.0,,,,,,,,20346612,2585767.0,17760845,,17760845,2025,0.9357582007401594,0.4968116567338424,0.4961898843988448,13212829,0.3442121289846406,F4111,Construcción de edificios residenciales
Plenas-Separados,"Estado de resultado integral, resultado del periodo, por funcion de gasto",890942987,2025-12-31,ROTOPLAST SAS,C2221 - Fabricación de formas básicas de plástico,08. SOCIEDAD POR ACCIONES SIMPLIFICADA SAS,KM22 AUT MED- BOG LA BRIZUELA BG 2,ANTIOQUIA,GUARNE-ANTIOQUIA,Periodo Actual,56107907.0,33983562.0,22124345.0,1691505.0,9781240.0,5952485.0,1002174.0,0.0,7079951,,,,2781743.0,,,,,,,4298208,1681107.0,2617101,,2617101,2025,0.394317774141887,0.12618455006706986,0.04664406747519561,2567131,0.01946530971734594,C2221,Fabricación de formas básicas de plástico
Plenas-Separados,"Estado de resultado integral, resultado del periodo, por funcion de gasto",891100445,2025-12-31,ORF S.A BIC,C1051 - Elaboración de productos de molinería,01. SOCIEDAD ANÓNIMA,CRA 10 97A 13 PISO 4 TORRE B,BOGOTA D.C.,BOGOTA D.C.,Periodo Actual,1363266920.0,1196565949.0,166700971.0,26766588.0,124212004.0,43055060.0,2411699.0,0.0,23788796,,,8082222.0,61050927.0,,32002175.0,,,,,2822266,-6331907.0,9154173,,9154173,2025,0.12228050762062062,0.01744984467165095,0.006714879430948123,3000752,2.050626309671709,C1051,Elaboración de productos de molinería
Plenas-Separados,"Estado de resultado integral, resultado del periodo, por funcion de gasto",891102723,2025-12-31,MECANICOS ASOCIADOS SAS,B0910 - Actividades de apoyo para la extracción de petróleo y de gas natural,08. SOCIEDAD POR ACCIONES SIMPLIFICADA SAS,CRA 7 156-10 PISO 25,BOGOTA D.C.,BOGOTA D.C.,Periodo Actual,690384475.0,632936673.0,57447802.0,2690519.0,0.0,50190822.0,2117693.0,1264601.0,9094407,,,3127496.0,25993406.0,,8543474.0,-280956.0,,,,-5508985,181968.0,-5690953,,-5690953,2025,0.08321131786748247,0.013172959893108837,-0.008243164795963872,9810841,-1.5800678045847445,B0910,Actividades de apoyo para la extracción de petróleo y de gas natural
Plenas-Separados,"Estado de resultado integral, resultado del periodo, por funcion de gasto",891104736,2025-12-31,PROCESADORA Y COMERCIALIZADORA DE ALIMENTOS S.A. - PROCEAL S.A.,A0322 - Acuicultura de agua dulce,01. SOCIEDAD ANÓNIMA,CARRERA 1D No. 15 - 12,HUILA,NEIVA-HUILA,Periodo Actual,148282396.0,134192732.0,14089664.0,18528163.0,14590191.0,8585249.0,3116380.0,0.0,6326007,,,1038978.0,2376119.0,,58607.0,,,,,5047473,2467382.0,2580091,,2580091,2025,0.09501912823151307,0.04266188819878524,0.017399846978463984,2769721,-0.0684653797259724,A0322,Acuicultura de agua dulce
Plenas-Separados,"Estado de resultado integral, resultado del periodo, por funcion de gasto",891300199,2025-12-31,Urbanizaciones y Parcelaciones Manuelita Ltda.,L6810 - Actividades inmobiliarias realizadas con bienes propios o arrendados,03. SOCIEDAD LIMITADA,KM 7 VIA PALMIRA CERRITO,VALLE,PALMIRA-VALLE,Periodo Actual,41796.0,0.0,41796.0,111018.0,0.0,147655.0,5.0,67.0,5221,,,0.0,1111.0,,10320.0,,,,,14430,,14430,,14430,2025,1.0,0.12491625992917983,0.3452483491243181,356748,-0.959551279895052,L6810,Actividades inmobiliarias realizadas con bienes propios o arrendados
Plenas-Separados,"Estado de resultado integral, resultado del periodo, por funcion de gasto",891300237,2025-12-31,INGENIO DEL CAUCA S.A.S.,C1071 - Elaboración y refinación de azúcar,08. SOCIEDAD POR ACCIONES SIMPLIFICADA SAS,CRA. 9 # 28-103,VALLE,CALI-VALLE,Periodo Actual,1222209475.0,986418980.0,235790495.0,6615306.0,80288929.0,91314753.0,11450723.0,16745887.0,76097283,,,4569569.0,88374324.0,,54347098.0,,,,,46639626,1859273.0,44780353,,44780353,2025,0.19292150799272767,0.06226206272864969,0.03663885276294393,115431087,-0.6120598517797896,C1071,Elaboración y refinación de azúcar
Plenas-Separados,"Estado de resultado integral, resultado del periodo, por funcion de gasto",891300238,2025-12-31,INGENIO PROVIDENCIA S.A,C1071 - Elaboración y refinación de azúcar,01. SOCIEDAD ANÓNIMA,CR 9 28 103,VALLE,PALMIRA-VALLE,Periodo Actual,1165980875.0,869375780.0,296605095.0,8912154.0,77102340.0,55530375.0,16566317.0,2969694.0,159287911,0.0,0.0,13149406.0,36219675.0,0.0,2284267.0,0.0,0.0,0.0,0.0,138501909,46173680.0,92328229,0.0,92328229,2025,0.25438247003837006,0.1366127990735697,0.07918502865666643,153143581,-0.39711329461467926,C1071,Elaboración y refinación de azúcar
Plenas-Separados,"Estado de resultado integral, resultado del periodo, por funcion de gasto",891300241,2025-12-31,Manuelita S.A.,C1071 - Elaboración y refinación de azúcar,01. SOCIEDAD ANÓNIMA,KM 7 VIA PALMIRA CERRITO,VALLE,PALMIRA-VALLE,Periodo Actual,940846142.0,749774475.0,191071667.0,19644842.0,80726204.0,47798872.0,8739419.0,-189520.0,73262494,,,2529276.0,72497261.0,,50156.0,,,,,3344665,722700.0,2621965,,2621965,2025,0.20308492374091067,0.0778687297843009,0.002786815912776523,59402888,-0.9558613210859378,C1071,Elaboración y refinación de azúcar
Plenas-Separados,"Estado de resultado integral, resultado del periodo, por funcion de gasto",891300271,2025-12-31,AZCARATE RIVERA E HIJOS SAS,A0124 - Cultivo de caña de azúcar,08. SOCIEDAD POR ACCIONES SIMPLIFICADA SAS,CL 8 NRO 3-14 OFIC 1104,VALLE,CALI-VALLE,Periodo Actual,11141709.0,114703.0,11027006.0,26285.0,0.0,5587649.0,20379.0,0.0,5445263,,,23839.0,44157.0,,-16959.0,,,,,5407986,1723000.0,3684986,,3684986,2025,0.9897050802529487,0.4887278064792394,0.3307379505244662,5297794,-0.3044301080789476,A0124,Cultivo de caña de azúcar
Plenas-Separados,"Estado de resultado integral, resultado del periodo, por funcion de gasto",891300382,2025-12-31,HARINERA DEL VALLE SA,C1051 - Elaboración de productos de molinería,01. SOCIEDAD ANÓNIMA,CR 33 A  No 16 04,VALLE,PALMIRA-VALLE,Periodo Actual,1471896620.0,1106960394.0,364936226.0,16144688.0,251264397.0,58114103.0,15603101.0,0.0,56099313,,,50383994.0,40561960.0,,2890537.0,,,,,68811884,8719330.0,60092554,,60092554,2025,0.24793604458443555,0.038113623088556314,0.040826613216898344,86535171,-0.3055707487999301,C1051,Elaboración de productos de molinería
Plenas-Separados,"Estado de resultado integral, resultado del periodo, por funcion de gasto",891300513,2025-12-31,INGENIO PICHICHI SA,C1071 - Elaboración y refinación de azúcar,01. SOCIEDAD ANÓNIMA,CL 36 NORTE NRO 6A - 65 WORL TRADE CENTER CALI - PACIFIC MALL PISO 13 OFICINA 1303 - 1304,VALLE,CALI-VALLE,Periodo Actual,410031589.0,340950643.0,69080946.0,1275358.0,31568846.0,30689128.0,1160202.0,37046.0,6975174,,,8111265.0,27250670.0,,15127825.0,,,,,2963594,191153.0,2772441,,2772441,2025,0.1684771316485082,0.017011308853084488,0.006761530268342325,5291912,-0.47609843096408255,C1071,Elaboración y refinación de azúcar
Plenas-Separados,"Estado de resultado integral, resultado del periodo, por funcion de gasto",891300671,2025-12-31,PROTERRA COLOMBIA SA,A0124 - Cultivo de caña de azúcar,01. SOCIEDAD ANÓNIMA,CR 31 CL 4 HACIENDA LA ITALIA,VALLE,PALMIRA-VALLE,Periodo Actual,46242212.0,11432776.0,34809436.0,153229.0,484537.0,24026132.0,618835.0,0.0,9833161,,,812659.0,553853.0,,-1909384.0,,,,,8182583,613135.0,7569448,,7569448,2025,0.7527632112408463,0.21264469355401944,0.1636913043865635,7498404,0.009474549517470652,A0124,Cultivo de caña de azúcar
Plenas-Separados,"Estado de resultado integral, resultado del periodo, por funcion de gasto",891300959,2025-12-31,SUCROAL S A,C2029 - Fabricación de otros productos químicos n.c.p.,01. SOCIEDAD ANÓNIMA,"Recta Cali - Palmira, Km. 18, Vereda La Herradura",VALLE,PALMIRA-VALLE,Periodo Actual,622868869.0,501696251.0,121172618.0,9280043.0,76392890.0,29045835.0,1984015.0,0.0,23029921,0.0,0.0,11681399.0,23828062.0,0.0,-130962.0,0.0,0.0,0.0,0.0,10752296,4477194.0,6275102,0.0,6275102,2025,0.19453953156230064,0.036973947721892005,0.010074515379255532,145162,42.22826910623993,C2029,Fabricación de otros productos químicos n.c.p.
Plenas-Separados,"Estado de resultado integral, resultado del periodo, por funcion de gasto",891304762,2025-12-31,ITALCOL DE OCCIDENTE S.A.,C1090 - Elaboración de alimentos preparados para animales,01. SOCIEDAD ANÓNIMA,KM 11 RECTA PALMIRA CALI,VALLE,PALMIRA-VALLE,Periodo Actual,2566089276.0,2107215868.0,458873408.0,10279973.0,149040280.0,42626175.0,594813.0,-178177.0,276713936,0.0,0.0,3947116.0,12686356.0,0.0,2092048.0,0.0,0.0,0.0,0.0,270066744,89564007.0,180502737,,180502737,2025,0.17882207462216135,0.1078348826706994,0.07034156554419115,121583567,0.4845981365228411,C1090,Elaboración de alimentos preparados para animales
Plenas-Separados,"Estado de resultado integral, resultado del periodo, por funcion de gasto",891304818,2025-12-31,COSMOAGRO S.A.,"G4664 - Comercio al por mayor de productos químicos básicos, cauchos y plásticos en formas primarias y productos químicos de uso agropecuario",01. SOCIEDAD ANÓNIMA,ZONA FRANCA DEL PACIFICO KM 6 CARRETERA YUMBO AEROPUERTO BODEGAS 15 Y 16  ZONA FRANCA DEL PACIFICO KM 6 CARRETERA YUMBO AEROPUERTO,VALLE,PALMIRA-VALLE,Periodo Actual,92762210.0,50326584.0,42435626.0,8495105.0,29434358.0,6696411.0,3621728.0,0.0,11178234,,,,951638.0,,,,,,,10226596,2167459.0,8059137,,8059137,2025,0.457466742114057,0.12050417944979966,0.08687952777321713,8780638,-0.08216954166656228,G4664,"Comercio al por mayor de productos químicos básicos, cauchos y plásticos en formas primarias y productos químicos de uso agropecuario"
Plenas-Separados,"Estado de resultado integral, resultado del periodo, por funcion de gasto",891304849,2025-12-31,INGENIERIA MAQUINARIA  Y EQUIPOS DE COLOMBIA SOCIEDAD POR ACCIONES SIMPLIFICADA,G4653 - Comercio al por mayor de maquinaria y equipo agropecuarios,08. SOCIEDAD POR ACCIONES SIMPLIFICADA SAS,RECTA CALI PALMIRA KM 8,VALLE,PALMIRA-VALLE,Periodo Actual,213917812.0,169891730.0,44026082.0,8705910.0,14458273.0,14432662.0,755007.0,0.0,23086050,,,988444.0,11743261.0,,,,,,,12331233,2703059.0,9628174,,9628174,2025,0.20580839710533314,0.10792018572067295,0.04500875317479407,8301531,0.1598070283662134,G4653,Comercio al por mayor de maquinaria y equipo agropecuarios
Plenas-Separados,"Estado de resultado integral, resultado del periodo, por funcion de gasto",891400378,2025-12-31,PAPELES NACIONALES SAS,C1709 - Fabricación de otros artículos de papel y cartón,08. SOCIEDAD POR ACCIONES SIMPLIFICADA SAS,PARAJE LA MARINA VIA PEREIRA CARTAGO PUERTO CALDAS,RISARALDA,PEREIRA-RISARALDA,Periodo Actual,1007030847.0,784945426.0,222085421.0,23942973.0,73687879.0,46335805.0,0.0,0.0,126004710,,,,56305108.0,,,,,,,69699602,24827557.0,44872045,,44872045,2025,0.22053487404244332,0.12512497544179002,0.044558759181683734,46637562,-0.037856116921377664,C1709,Fabricación de otros artículos de papel y cartón
Plenas-Separados,"Estado de resultado integral, resultado del periodo, por funcion de gasto",891401705,2025-12-31,INGENIO RISARALDA S.A,C1071 - Elaboración y refinación de azúcar,01. SOCIEDAD ANÓNIMA,CARRERA 7 NRO. 19 48 PISO 8 EDIFICIO BANCOPOPULAR - Centro,RISARALDA,PEREIRA-RISARALDA,Periodo Actual,559669186.0,463977096.0,95692090.0,4061744.0,34618150.0,21382656.0,8608497.0,-1779187.0,33365344,,,5839690.0,27152201.0,,-56253.0,,,,,11996580,4722313.0,7274267,,7274267,2025,0.17097973659032212,0.059616189053509905,0.012997440598775434,31415968,-0.7684531955214622,C1071,Elaboración y refinación de azúcar
Plenas-Separados,"Estado de resultado integral, resultado del periodo, por funcion de gasto",891401858,2025-12-31,OPERADORA AVICOLA COLOMBIA S.A.S,A0145 - Cría de aves de corral,08. SOCIEDAD POR ACCIONES SIMPLIFICADA SAS,CRA 48 27A SUR 89,ANTIOQUIA,ENVIGADO-ANTIOQUIA,Periodo Actual,1056635883.0,785490933.0,271144950.0,5067894.0,191692674.0,36997720.0,2311714.0,-118263.0,45092473,,,612956.0,22864449.0,,,,,,,22840980,7676128.0,15164852,,15164852,2025,0.256611529442068,0.04267550792613012,0.014352013067116328,40147954,-0.6222758449907559,A0145,Cría de aves de corral
Plenas-Separados,"Estado de resultado integral, resultado del periodo, por funcion de gasto",891409156,2025-12-31,TECNODIESEL SAS,G4659 - Comercio al por mayor de otros tipos de maquinaria y equipo n.c.p.,08. SOCIEDAD POR ACCIONES SIMPLIFICADA SAS,CL 10 29B 143,VALLE,YUMBO-VALLE,Periodo Actual,77843304.0,58784215.0,19059089.0,1208088.0,7327518.0,6788627.0,1283791.0,0.0,4867241,,,93251.0,1214997.0,,,0.0,,,,3745495,1045439.0,2700056,,2700056,2025,0.24483915790624713,0.06252613583822188,0.03468578363528866,1854398,0.45602831754564016,G4659,Comercio al por mayor de otros tipos de maquinaria y equipo n.c.p.
Plenas-Separados,"Estado de resultado integral, resultado del periodo, por funcion de gasto",891501133,2025-12-31,INGENIO LA CABAÑA S.A.,C1071 - Elaboración y refinación de azúcar,01. SOCIEDAD ANÓNIMA,CL 23 NORTE # 4N-50 PISO 9,CAUCA,GUACHENE-CAUCA,Periodo Actual,369538309.0,426304446.0,-56766137.0,3153566.0,26955149.0,56565038.0,114197675.0,0.0,-251330433,,,83088.0,29187778.0,,18444181.0,,,-864631.0,,-262855573,-1895867.0,-260959706,,-260959706,2025,-0.15361367310905782,-0.6801201035966206,-0.7061776807556913,-69592033,-2.7498503025482814,C1071,Elaboración y refinación de azúcar
Plenas-Separados,"Estado de resultado integral, resultado del periodo, por funcion de gasto",891800111,2025-12-31,DIACO SA,C2410 - Industrias básicas de hierro y de acero,01. SOCIEDAD ANÓNIMA,CALLE 93B 18 12,BOGOTA D.C.,BOGOTA D.C.,Periodo Actual,1133292338.0,1050475099.0,82817239.0,0.0,15655606.0,34331161.0,7168000.0,12560922.0,38223394,,,52428158.0,43409000.0,,-7806000.0,,,,-881982.0,38554570,16896066.0,21658504,,21658504,2025,0.07307667776714467,0.03372774412951162,0.019111136000638875,31055360,-0.30258403058280436,C2410,Industrias básicas de hierro y de acero
Plenas-Separados,"Estado de resultado integral, resultado del periodo, por funcion de gasto",891855089,2025-12-31,GYJ RAMIREZ SA,M7020 - Actividades de consultoría de gestión,01. SOCIEDAD ANÓNIMA,CL 94 A 11 A 27 OF 501,BOGOTA D.C.,BOGOTA D.C.,Periodo Actual,9189916.0,0.0,9189916.0,1126405.0,0.0,9479171.0,600767.0,0.0,236383,,,17628.0,1741628.0,,11905950.0,,,,,10418333,-69873.0,10488206,,10488206,2025,1.0,0.025721997894213613,1.1412733261109242,17764162,-0.4095862219675772,M7020,Actividades de consultoría de gestión
Plenas-Separados,"Estado de resultado integral, resultado del periodo, por funcion de gasto",891902805,2025-12-31,MASSY MOTORS MZ SAS,G4511 - Comercio de vehículos automotores nuevos,08. SOCIEDAD POR ACCIONES SIMPLIFICADA SAS,AVENIDA 3 NORTE No 34-46,VALLE,CALI-VALLE,Periodo Actual,296235089.0,260225393.0,36009696.0,1184342.0,21886100.0,4211391.0,0.0,0.0,11096547,,,,2755323.0,,,,,,,8341224,3420342.0,4920882,,4920882,2025,0.12155783476413222,0.0374585841179672,0.016611408245429022,5156644,-0.04572004582825574,G4511,Comercio de vehículos automotores nuevos
Plenas-Separados,"Estado de resultado integral, resultado del periodo, por funcion de gasto",900009336,2025-12-31,ARQUITECTURA DE LA TIERRA S.A.S.,F4111 - Construcción de edificios residenciales,08. SOCIEDAD POR ACCIONES SIMPLIFICADA SAS,CL 3 UR 43A 52 OF 705 ED 43 AVENIDA,ANTIOQUIA,MEDELLIN-ANTIOQUIA,Periodo Actual,22067095.0,14820478.0,7246617.0,4649430.0,232552.0,94530.0,86389.0,0.0,11482576,,,124697.0,37502.0,,,,,,,11569771,10114.0,11559657,,11559657,2025,0.32839016644465435,0.5203483285860689,0.5238413574600553,9394325,0.23049362247952887,F4111,Construcción de edificios residenciales
Plenas-Separados,"Estado de resultado integral, resultado del periodo, por funcion de gasto",900010692,2025-12-31,MANUCHAR COLOMBIA CIA SAS,"G4664 - Comercio al por mayor de productos químicos básicos, cauchos y plásticos en formas primarias y productos químicos de uso agropecuario",08. SOCIEDAD POR ACCIONES SIMPLIFICADA SAS,KM 3.3 VIA SIBERIA FUNZA PI SANTA LUCIA BD 9A,CUNDINAMARCA,FUNZA-CUNDINAMARCA,Periodo Actual,321137854.0,282332227.0,38805627.0,34888718.0,8926739.0,11672685.0,24806345.0,0.0,28288576,,,,,,,2559467.0,,,,30848043,10077805.0,20770238,,20770238,2025,0.12083790969095783,0.08808857519487566,0.06467701562208235,3004210,5.91371042636833,G4664,"Comercio al por mayor de productos químicos básicos, cauchos y plásticos en formas primarias y productos químicos de uso agropecuario"
Plenas-Separados,"Estado de resultado integral, resultado del periodo, por funcion de gasto",900011545,2025-12-31,MANEJO TECNICO DE INFORMACION SA,H5210 - Almacenamiento y depósito,01. SOCIEDAD ANÓNIMA,CARRERA 42 BIS N° 17 A - 75,BOGOTA D.C.,BOGOTA D.C.,Periodo Actual,122777691.0,103421185.0,19356506.0,0.0,3422692.0,8809021.0,0.0,-599242.0,6525551,0.0,0.0,244386.0,3606997.0,,,,,,,3162940,1661695.0,1501245,0.0,1501245,2025,0.15765491142849397,0.05314932172816314,0.012227343483760417,994890,0.5089557639538039,H5210,Almacenamiento y depósito
Plenas-Separados,"Estado de resultado integral, resultado del periodo, por funcion de gasto",900015051,2025-12-31,ACEITES MANUELITA SA,C2029 - Fabricación de otros productos químicos n.c.p.,01. SOCIEDAD ANÓNIMA,KM 7 VIA PALMIRA-EL CERRITO,VALLE,PALMIRA-VALLE,Periodo Actual,965656776.0,738732989.0,226923787.0,6898294.0,20719457.0,41275789.0,6894402.0,-359435.0,164572998,,,2981036.0,28214069.0,,13560225.0,,,,,152900190,49356947.0,103543243,,103543243,2025,0.23499424706568828,0.17042597545030844,0.10722571991769465,52330745,0.9786311660573531,C2029,Fabricación de otros productos químicos n.c.p.
Plenas-Separados,"Estado de resultado integral, resultado del periodo, por funcion de gasto",900017459,2025-12-31,Inversiones Falabella de Colombia SA,K6613 - Otras actividades relacionadas con el mercado de valores,01. SOCIEDAD ANÓNIMA,CL 99 11 A 32 P2,BOGOTA D.C.,BOGOTA D.C.,Periodo Actual,0.0,0.0,0.0,954215.0,0.0,12377483.0,480295.0,0.0,-11903563,,,44674180.0,,,245854399.0,,,,,278625016,13984535.0,264640481,,264640481,2025,,,,83748845,2.15992991903351,K6613,Otras actividades relacionadas con el mercado de valores
Plenas-Separados,"Estado de resultado integral, resultado del periodo, por funcion de gasto",900018481,2025-12-31,PEI ASSET MANAGEMENT S.A.S.,L6810 - Actividades inmobiliarias realizadas con bienes propios o arrendados,08. SOCIEDAD POR ACCIONES SIMPLIFICADA SAS,CALLE 28 13A 75,BOGOTA D.C.,BOGOTA D.C.,Periodo Actual,58043306.0,0.0,58043306.0,0.0,0.0,31937664.0,108556.0,0.0,25997086,,,,4945738.0,,664503.0,,,,,21715851,8002834.0,13713017,,13713017,2025,1.0,0.44789120040819175,0.2362549266232354,8382176,0.6359734035648977,L6810,Actividades inmobiliarias realizadas con bienes propios o arrendados
Plenas-Separados,"Estado de resultado integral, resultado del periodo, por funcion de gasto",900023333,2025-12-31,AMOV COLOMBIA S.A.,J6190 - Otras actividades de telecomunicaciones,01. SOCIEDAD ANÓNIMA,CL 72 No 5- 83 PSO 5 BOGOTA D.C. BOGOTA D.C. CL 72 No 5- 83 PSO 3 BOGOTA D.C. BOGOTA D.C.,BOGOTA D.C.,BOGOTA D.C.,Periodo Actual,640703356.0,0.0,640703356.0,0.0,0.0,4021173.0,0.0,0.0,636682183,,,57745408.0,39820464.0,,,,,,,654607127,42450189.0,612156938,,612156938,2025,1.0,0.993723814675945,0.9554451873356505,459675950,0.3317140868474846,J6190,Otras actividades de telecomunicaciones
Plenas-Separados,"Estado de resultado integral, resultado del periodo, por funcion de gasto",900032774,2025-12-31,OLIMPIA IT,J6202 - Actividades de consultoría informática y actividades de administración de instalaciones informáticas,08. SOCIEDAD POR ACCIONES SIMPLIFICADA SAS,CARRERA 7 24 89 TORRE COLPATRIA PISO 46,BOGOTA D.C.,BOGOTA D.C.,Periodo Actual,114779342.0,55563153.0,59216189.0,0.0,9426394.0,26353721.0,944726.0,0.0,22491348,,,2608993.0,,,,,,,,25100341,8921582.0,16178759,,16178759,2025,0.5159132991022025,0.19595292679060664,0.1409553210367768,8341299,0.9395970579642331,J6202,Actividades de consultoría informática y actividades de administración de instalaciones informáticas
Plenas-Separados,"Estado de resultado integral, resultado del periodo, por funcion de gasto",900038011,2025-12-31,CONSTRUCTORA PUNTA AZUL SAS,F4111 - Construcción de edificios residenciales,08. SOCIEDAD POR ACCIONES SIMPLIFICADA SAS,TV 34 A 74 A 23 OF 401,ANTIOQUIA,MEDELLIN-ANTIOQUIA,Periodo Actual,767957.0,651940.0,116017.0,1.0,28605.0,57068.0,6939.0,0.0,23406,,,3.0,1477.0,,,,,,,21932,136430.0,-114498,,-114498,2025,0.1510722605562551,0.030478268965580105,-0.14909428522690724,-382650,0.7007761662093297,F4111,Construcción de edificios residenciales
Plenas-Separados,"Estado de resultado integral, resultado del periodo, por funcion de gasto",900040299,2025-12-31,ATLANTIC FS SAS,"G4723 - Comercio al por menor de carnes (incluye aves de corral), productos cárnicos, pescados y productos de mar, en establecimientos especializados",08. SOCIEDAD POR ACCIONES SIMPLIFICADA SAS,CR 52 1 42 AV GUAYABAL,ANTIOQUIA,MEDELLIN-ANTIOQUIA,Periodo Actual,647655749.0,515702635.0,131953114.0,1314992.0,87607891.0,12777945.0,4219421.0,0.0,28662849,0.0,0.0,1787102.0,5058874.0,0.0,,1935786.0,0.0,0.0,0.0,27326863,11015430.0,16311433,0.0,16311433,2025,0.20373958573476664,0.04425630289587686,0.0251853442591768,10507817,0.5523141486000375,G4723,"Comercio al por menor de carnes (incluye aves de corral), productos cárnicos, pescados y productos de mar, en establecimientos especializados"
Plenas-Separados,"Estado de resultado integral, resultado del periodo, por funcion de gasto",900043170,2025-12-31,TINTATEX S.A,C1313 - Acabado de productos textiles,01. SOCIEDAD ANÓNIMA,KM 41 AUTOPISTA MEDELLIN BOGOTA,ANTIOQUIA,MARINILLA-ANTIOQUIA,Periodo Actual,213970041.0,179112162.0,34857879.0,651685.0,8758138.0,6053082.0,0.0,1605967.0,22304311,,,3019209.0,6927269.0,,-4089.0,,,,,18392162,6558968.0,11833194,,11833194,2025,0.16291009169830462,0.10424034549771385,0.05530304123276772,10418438,0.13579348458953253,C1313,Acabado de productos textiles
Plenas-Separados,"Estado de resultado integral, resultado del periodo, por funcion de gasto",900044844,2025-12-31,PROLUB COMBUSTIBLES Y LUBRICANTES S.A,C1921 - Fabricación de productos de la refinación del petróleo,01. SOCIEDAD ANÓNIMA,AV TRONCAL DE OCCIDENTE 29 88 E KM 2.5 VIA BOGOTA MOSQUERA,CUNDINAMARCA,MOSQUERA-CUNDINAMARCA,Periodo Actual,44738667.0,30673281.0,14065386.0,446877.0,9212692.0,2551434.0,335501.0,9260.0,2421896,,,208465.0,2617538.0,,,,,,,12823,1004.0,11819,,11819,2025,0.3143899213626548,0.054134290590285135,0.00026417863545196823,1371255,-0.9913808883103434,C1921,Fabricación de productos de la refinación del petróleo
Plenas-Separados,"Estado de resultado integral, resultado del periodo, por funcion de gasto",900049274,2025-12-31,VNF SAS,F4210 - Construcción de carreteras y vías de ferrocarril,08. SOCIEDAD POR ACCIONES SIMPLIFICADA SAS,CLL 127 13 A 54 OF 603,BOGOTA D.C.,BOGOTA D.C.,Periodo Actual,38378298.0,34557052.0,3821246.0,370649.0,0.0,1804097.0,248968.0,42000.0,2180830,,,28209.0,1070099.0,,,,,,,1138940,557923.0,581017,,581017,2025,0.09956788599640348,0.05682456267341506,0.015139207059156192,300198,0.9354459390135844,F4210,Construcción de carreteras y vías de ferrocarril
Plenas-Separados,"Estado de resultado integral, resultado del periodo, por funcion de gasto",900053139,2025-12-31,EMPRO EMPRENDIMIENTO Y PROSPERIDAD SAS,M7010 - Actividades de administración empresarial,08. SOCIEDAD POR ACCIONES SIMPLIFICADA SAS,AV 3 AN 26 N 83,VALLE,CALI-VALLE,Periodo Actual,5159217.0,1672753.0,3486464.0,12313095.0,0.0,3549617.0,7261714.0,0.0,4988228,,,4331883.0,481382.0,,,15679006.0,-2862.0,,,24514873,1378718.0,23136155,,23136155,2025,0.6757738625841867,0.9668575677278161,4.484431455393328,32737859,-0.29329052947536977,M7010,Actividades de administración empresarial
Plenas-Separados,"Estado de resultado integral, resultado del periodo, por funcion de gasto",900053261,2025-12-31,ILUMAX SA,G4690 - Comercio al por mayor no especializado,01. SOCIEDAD ANÓNIMA,CR 35 10 532 ACOPI,VALLE,YUMBO-VALLE,Periodo Actual,22646449.0,13823444.0,8823005.0,40862.0,4540825.0,3927821.0,76397.0,-13971.0,304853,,,29123.0,547332.0,,67904.0,,,,,-145452,,-145452,64889.0,-80563,2025,0.3895977245704172,0.013461404037339364,-0.0035574230644283347,-151910,0.4696662497531433,G4690,Comercio al por mayor no especializado
Plenas-Separados,"Estado de resultado integral, resultado del periodo, por funcion de gasto",900060442,2025-12-31,REFINANCIA SAS,N8299 - Otras actividades de servicio de apoyo a las empresas n.c.p.,08. SOCIEDAD POR ACCIONES SIMPLIFICADA SAS,KR 7 32 33,BOGOTA D.C.,BOGOTA D.C.,Periodo Actual,34857424.0,15045806.0,19811618.0,1677674.0,0.0,16988579.0,55647323.0,0.0,-51146610,,,1353829.0,4568448.0,,,,,,,-54361229,5810488.0,-60171717,,-60171717,2025,0.5683615060022794,-1.4673089439999927,-1.7262238598009996,-2612126,-22.035533890784748,N8299,Otras actividades de servicio de apoyo a las empresas n.c.p.
Plenas-Separados,"Estado de resultado integral, resultado del periodo, por funcion de gasto",900061364,2025-12-31,CONSTRUCTORA Y PROMOTORA URBANA SAS,F4111 - Construcción de edificios residenciales,08. SOCIEDAD POR ACCIONES SIMPLIFICADA SAS,CALLE 8 43 A 115,ANTIOQUIA,MEDELLIN-ANTIOQUIA,Periodo Actual,334231.0,137318.0,196913.0,210355.0,32913.0,258713.0,360161.0,0.0,-244519,,,25763.0,410091.0,,,,,,,-628847,-23.0,-628824,,-628824,2025,0.5891524125529948,-0.7315868366489044,-1.881405375324252,104025,-7.0449315068493155,F4111,Construcción de edificios residenciales
Plenas-Separados,"Estado de resultado integral, resultado del periodo, por funcion de gasto",900061482,2025-12-31,ARKUS SAS,M7010 - Actividades de administración empresarial,08. SOCIEDAD POR ACCIONES SIMPLIFICADA SAS,CRA 14 93 40 OF 501,BOGOTA D.C.,BOGOTA D.C.,Periodo Actual,206422.0,0.0,206422.0,246.0,0.0,1652634.0,932433.0,0.0,-2378399,,,329711.0,1551.0,,,,,,,-2050239,10184.0,-2060423,,-2060423,2025,1.0,-11.522022846402031,-9.98160564280939,-212296,-8.705425443720088,M7010,Actividades de administración empresarial
Plenas-Separados,"Estado de resultado integral, resultado del periodo, por funcion de gasto",900061554,2025-12-31,GESTORA ADMINEGOCIOS & CIA S. EN C.,M7010 - Actividades de administración empresarial,04. SOCIEDAD EN COMANDITA,CR 13 26A 47 PISO26,BOGOTA D.C.,BOGOTA D.C.,Periodo Actual,0.0,0.0,0.0,1.0,0.0,1290201.0,1142.0,387446448.0,386155106,,,,11020140.0,,513577433.0,,,,,888712399,-260.0,888712659,,888712659,2025,,,,-47491216,19.713200752745518,M7010,Actividades de administración empresarial
Plenas-Separados,"Estado de resultado integral, resultado del periodo, por funcion de gasto",900062314,2025-12-31,AGROPECUARIA GOLOSO DEL VALLE S.A.S,A0144 - Cría de ganado porcino,08. SOCIEDAD POR ACCIONES SIMPLIFICADA SAS,CL 30 23 28 BRR SAJONIA,VALLE,TULUA-VALLE,Periodo Actual,264655931.0,225447162.0,39208769.0,0.0,16578250.0,5348063.0,0.0,0.0,17282456,,,4090307.0,7997507.0,,1100727.0,,,,,14475983,2632596.0,11843387,,11843387,2025,0.14814997287931553,0.06530160096808864,0.04475012880024971,7170077,0.6517796112928773,A0144,Cría de ganado porcino
Plenas-Separados,"Estado de resultado integral, resultado del periodo, por funcion de gasto",900062453,2025-12-31,SINERGIA INMOBILIARIA SAS,F4111 - Construcción de edificios residenciales,08. SOCIEDAD POR ACCIONES SIMPLIFICADA SAS,AVENIDA CENTENARIO 2 - 56 OFICINA 401,RISARALDA,PEREIRA-RISARALDA,Periodo Actual,6537382.0,6222992.0,314390.0,255296.0,124.0,112902.0,157982.0,0.0,298678,,,303719.0,26559.0,,-942.0,,,,,574896,209085.0,365811,,365811,2025,0.04809111659682729,0.04568770801522689,0.055956803503298416,1340252,-0.7270580458003421,F4111,Construcción de edificios residenciales
Plenas-Separados,"Estado de resultado integral, resultado del periodo, por funcion de gasto",900062992,2025-12-31,EVACOL SAS,"C1522 - Fabricación de otros tipos de calzado, excepto calzado de cuero y piel",08. SOCIEDAD POR ACCIONES SIMPLIFICADA SAS,CR 23 13 100,VALLE,YUMBO-VALLE,Periodo Actual,47836015.0,25836146.0,21999869.0,1309380.0,11671600.0,6987688.0,385501.0,0.0,4264460,,,,1993929.0,,,,,,,2270531,879724.0,1390807,,1390807,2025,0.4599017915685493,0.08914747601780793,0.029074474535556526,2660264,-0.4771921132639467,C1522,"Fabricación de otros tipos de calzado, excepto calzado de cuero y piel"
Plenas-Separados,"Estado de resultado integral, resultado del periodo, por funcion de gasto",900064172,2025-12-31,JOHANA ORTIZ Y CIA SAS,G4771 - Comercio al por menor de prendas de vestir y sus accesorios (incluye artículos de piel) en establecimientos especializados,08. SOCIEDAD POR ACCIONES SIMPLIFICADA SAS,CL 16 #103 10 LC 12 Y 13,VALLE,CALI-VALLE,Periodo Actual,16654340.0,10844069.0,5810271.0,3280038.0,4654052.0,1915346.0,3459674.0,0.0,-938763,,,,,,,,,,,-938763,920669.0,-1859432,,-1859432,2025,0.34887428742297805,-0.05636746938035371,-0.11164849522706995,-949232,-0.9588804422944022,G4771,Comercio al por menor de prendas de vestir y sus accesorios (incluye artículos de piel) en establecimientos especializados
Plenas-Separados,"Estado de resultado integral, resultado del periodo, por funcion de gasto",900066708,2025-12-31,INVERSIONES YM SAS,L6810 - Actividades inmobiliarias realizadas con bienes propios o arrendados,08. SOCIEDAD POR ACCIONES SIMPLIFICADA SAS,CL 105 14 140,RISARALDA,PEREIRA-RISARALDA,Periodo Actual,5147663.0,0.0,5147663.0,2766242.0,0.0,12283451.0,79890.0,0.0,-4449436,,,16678.0,1162484.0,,-3807162.0,,,,,-9402404,-639538.0,-8762866,,-8762866,2025,1.0,-0.8643603903363526,-1.7022998591788157,5871584,-2.4924194220843985,L6810,Actividades inmobiliarias realizadas con bienes propios o arrendados
Plenas-Separados,"Estado de resultado integral, resultado del periodo, por funcion de gasto",900069416,2025-12-31,Manuelita Internacional S.A.,K6613 - Otras actividades relacionadas con el mercado de valores,01. SOCIEDAD ANÓNIMA,KM 7 VIA PALMIRA CERRITO,VALLE,PALMIRA-VALLE,Periodo Actual,30910713.0,0.0,30910713.0,0.0,0.0,84170.0,1146042.0,0.0,29680501,,,0.0,986793.0,,,,,,,28693708,126184.0,28567524,,28567524,2025,1.0,0.960201112151635,0.9241949223235323,42473037,-0.3273962490603156,K6613,Otras actividades relacionadas con el mercado de valores
Plenas-Separados,"Estado de resultado integral, resultado del periodo, por funcion de gasto",900074316,2025-12-31,GFT TECHONOLOGIES COLOMBIA SAS,J6202 - Actividades de consultoría informática y actividades de administración de instalaciones informáticas,08. SOCIEDAD POR ACCIONES SIMPLIFICADA SAS,Carrera 11 71 73 Oficina 404,BOGOTA D.C.,BOGOTA D.C.,Periodo Actual,269808424.0,193234254.0,76574170.0,0.0,15337378.0,46295868.0,1144979.0,0.0,13795945,,,855640.0,1748252.0,,,372432.0,,,,13275765,6828066.0,6447699,,6447699,2025,0.28380941137701465,0.051132373094473875,0.02389732279078136,15539242,-0.5850699152506924,J6202,Actividades de consultoría informática y actividades de administración de instalaciones informáticas
Plenas-Separados,"Estado de resultado integral, resultado del periodo, por funcion de gasto",900075141,2025-12-31,CONSTRUKTIVA SAS,F4112 - Construcción de edificios no residenciales,08. SOCIEDAD POR ACCIONES SIMPLIFICADA SAS,CALLE 78 9 57 OFICINA 1402,BOGOTA D.C.,BOGOTA D.C.,Periodo Actual,2781089.0,1801011.0,980078.0,0.0,0.0,642913.0,0.0,0.0,337165,,,9844.0,9092.0,,,,,,,337917,36494.0,301423,,301423,2025,0.3524079955729572,0.12123488316986619,0.10838308302970527,1433839,-0.7897790477173519,F4112,Construcción de edificios no residenciales
Plenas-Separados,"Estado de resultado integral, resultado del periodo, por funcion de gasto",900078743,2025-12-31,INVERSIONES BONANZA J Y C SOCIEDAD ANONIMA SIMPLIFICADA O IBJYC SAS,G4620 - Comercio al por mayor de materias primas agropecuarias; animales vivos,08. SOCIEDAD POR ACCIONES SIMPLIFICADA SAS,CLL 2 20 50 OFICINA 1201 ED Q OFFICE,ANTIOQUIA,MEDELLIN-ANTIOQUIA,Periodo Actual,91527823.0,81885882.0,9641941.0,13264500.0,859104.0,5332500.0,4516232.0,0.0,12198605,,,,4212006.0,,,,,,,7986599,460707.0,7525892,,7525892,2025,0.1053443716234789,0.13327756085709588,0.08222518304625251,1439650,4.2275844823394575,G4620,Comercio al por mayor de materias primas agropecuarias; animales vivos
Plenas-Separados,"Estado de resultado integral, resultado del periodo, por funcion de gasto",900081360,2025-12-31,SERVICIOS NUTRESA S.A.S.,M7010 - Actividades de administración empresarial,08. SOCIEDAD POR ACCIONES SIMPLIFICADA SAS,CARRERA 52 NRO 2 - 38,ANTIOQUIA,MEDELLIN-ANTIOQUIA,Periodo Actual,76482079.0,39280767.0,37201312.0,0.0,0.0,29871694.0,757980.0,-21836.0,6549802,0.0,0.0,20372501.0,2910873.0,0.0,-3319.0,0.0,0.0,0.0,0.0,24008111,10342877.0,13665234,-2335806.0,11329428,2025,0.48640560620743584,0.08563838856943207,0.14813179960759174,7217569,0.569701377291994,M7010,Actividades de administración empresarial
Plenas-Separados,"Estado de resultado integral, resultado del periodo, por funcion de gasto",900082107,2025-12-31,CONSTRUCTORA CONTEX S.A.S. BIC,F4111 - Construcción de edificios residenciales,08. SOCIEDAD POR ACCIONES SIMPLIFICADA SAS,CR 43 A 1 Sur 100 OF 1305 ED SUDAMERIS,ANTIOQUIA,MEDELLIN-ANTIOQUIA,Periodo Actual,58256622.0,9438316.0,48818306.0,0.0,0.0,28471038.0,0.0,0.0,20347268,,,928933.0,7243836.0,,,,,,,14032365,1249260.0,12783105,,12783105,2025,0.8379872420340472,0.34926961607900986,0.21942750130620345,7550779,0.6929518133162155,F4111,Construcción de edificios residenciales
Plenas-Separados,"Estado de resultado integral, resultado del periodo, por funcion de gasto",900083863,2025-12-31,CELEMA S.A. BIC,C1040 - Elaboración de productos lácteos,01. SOCIEDAD ANÓNIMA,CR 22 71 79,CALDAS,MANIZALES-CALDAS,Periodo Actual,179659533.0,133739529.0,45920004.0,7211528.0,0.0,39135624.0,9420083.0,0.0,4575825,,,,,,,,,,,4575825,1227072.0,3348753,,3348753,2025,0.2555945862332838,0.025469424992883623,0.01863943952253288,866697,2.863810535862014,C1040,Elaboración de productos lácteos
Plenas-Separados,"Estado de resultado integral, resultado del periodo, por funcion de gasto",900084777,2025-12-31,RED EMPRESARIAL DE SERVICIOS S.A.,N8299 - Otras actividades de servicio de apoyo a las empresas n.c.p.,01. SOCIEDAD ANÓNIMA,CL 22N 6AN 24,VALLE,CALI-VALLE,Periodo Actual,60564919.0,17016916.0,43548003.0,478693.0,0.0,37828905.0,575585.0,0.0,5622206,,,2611471.0,189359.0,,461011.0,,,,,8505329,3897071.0,4608258,,4608258,2025,0.7190301534127371,0.09282941499517237,0.07608790824932829,3020883,0.5254672226630426,N8299,Otras actividades de servicio de apoyo a las empresas n.c.p.
Plenas-Separados,"Estado de resultado integral, resultado del periodo, por funcion de gasto",900086745,2025-12-31,DESARROLLADORA DE ZONAS FRANCAS SAS,L6810 - Actividades inmobiliarias realizadas con bienes propios o arrendados,08. SOCIEDAD POR ACCIONES SIMPLIFICADA SAS,CRA 106 15 A 25 CASILLERO 3,BOGOTA D.C.,BOGOTA D.C.,Periodo Actual,24766191.0,5524451.0,19241740.0,0.0,5766056.0,11674698.0,0.0,0.0,1800986,,,6875182.0,9384824.0,,4866242.0,,,,,4157586,426621.0,3730965,,3730965,2025,0.7769357831408148,0.07271953931066752,0.15064750974423155,8156764,-0.5425925035957887,L6810,Actividades inmobiliarias realizadas con bienes propios o arrendados
Plenas-Separados,"Estado de resultado integral, resultado del periodo, por funcion de gasto",900087151,2025-12-31,CARTAGENA II SA,L6810 - Actividades inmobiliarias realizadas con bienes propios o arrendados,01. SOCIEDAD ANÓNIMA,BRR MANGA TERMINAL MARITIMO,BOLIVAR,CARTAGENA-BOLIVAR,Periodo Actual,7011790.0,7941984.0,-930194.0,1692.0,0.0,2181042.0,112168.0,0.0,-3221712,0.0,0.0,3641568.0,414701.0,0.0,741493660.0,0.0,0.0,0.0,0.0,741498815,1831422.0,739667393,0.0,739667393,2025,-0.1326614174126721,-0.45947069150673364,105.4890966500708,353092869,1.0948239342664268,L6810,Actividades inmobiliarias realizadas con bienes propios o arrendados
Plenas-Separados,"Estado de resultado integral, resultado del periodo, por funcion de gasto",900090506,2025-12-31,PRIMEFINANZAS S.A.S.,K6613 - Otras actividades relacionadas con el mercado de valores,08. SOCIEDAD POR ACCIONES SIMPLIFICADA SAS,Calle 75 # 5-59,BOGOTA D.C.,BOGOTA D.C.,Periodo Actual,0.0,0.0,0.0,2.0,0.0,148022.0,4.0,0.0,-148024,,,12.0,0.0,,7105741.0,,,,,6957729,,6957729,,6957729,2025,,,,9014782,-0.22818666053155806,K6613,Otras actividades relacionadas con el mercado de valores
Plenas-Separados,"Estado de resultado integral, resultado del periodo, por funcion de gasto",900101105,2025-12-31,ECOLOGY COLOMBIA SAS,G4520 - Mantenimiento y reparación de vehículos automotores,08. SOCIEDAD POR ACCIONES SIMPLIFICADA SAS,Calle 165 # 45 46 Piso 12 Ofc 1202,BOGOTA D.C.,BOGOTA D.C.,Periodo Actual,12788973.0,10068799.0,2720174.0,227481.0,44791.0,2196990.0,693876.0,0.0,11998,0.0,0.0,0.0,717400.0,0.0,,0.0,0.0,0.0,0.0,-705402,0.0,-705402,0.0,-705402,2025,0.2126968287445755,0.0009381519532490998,-0.055157048185182654,-414526,-0.7017074924130211,G4520,Mantenimiento y reparación de vehículos automotores
Plenas-Separados,"Estado de resultado integral, resultado del periodo, por funcion de gasto",900103568,2025-12-31,ENTORNO Y CONTEXTO S.A.S,F4111 - Construcción de edificios residenciales,08. SOCIEDAD POR ACCIONES SIMPLIFICADA SAS,CL 15 35 01 INT 203 EDIFICIO ALMINAR C34,ANTIOQUIA,MEDELLIN-ANTIOQUIA,Periodo Actual,3689150.0,3823462.0,-134312.0,1789738.0,34169.0,653510.0,99.0,0.0,967648,,,290165.0,17455.0,,,,,,,1240358,21537.0,1218821,,1218821,2025,-0.03640730249515471,0.2622956507596601,0.33037989780843824,2326232,-0.4760535492590593,F4111,Construcción de edificios residenciales
Plenas-Separados,"Estado de resultado integral, resultado del periodo, por funcion de gasto",900104079,2025-12-31,EL ZUQUE S.A.S.,"G4799 - Otros tipos de comercio al por menor no realizado en establecimientos, puestos de venta o mercados",08. SOCIEDAD POR ACCIONES SIMPLIFICADA SAS,CR 13 26A 47 PISO26,BOGOTA D.C.,BOGOTA D.C.,Periodo Actual,803873.0,0.0,803873.0,4.0,0.0,1668313.0,0.0,0.0,-864436,,,6629389.0,3159.0,,298010680.0,,,,,303772474,2794124.0,300978350,,300978350,2025,1.0,-1.075339014993662,374.41032352125274,203877374,0.47627146698485534,G4799,"Otros tipos de comercio al por menor no realizado en establecimientos, puestos de venta o mercados"
Plenas-Separados,"Estado de resultado integral, resultado del periodo, por funcion de gasto",900104080,2025-12-31,SOCINEG S.A.S.,"G4799 - Otros tipos de comercio al por menor no realizado en establecimientos, puestos de venta o mercados",08. SOCIEDAD POR ACCIONES SIMPLIFICADA SAS,CR 13 26 45 P11,BOGOTA D.C.,BOGOTA D.C.,Periodo Actual,263650.0,0.0,263650.0,5.0,0.0,1159326.0,326000.0,-1278.0,-1222949,,,2329144.0,1714.0,,226390734.0,,,,,227495215,981079.0,226514136,,226514136,2025,1.0,-4.638532144889058,859.1471117011189,153333483,0.4772646624090578,G4799,"Otros tipos de comercio al por menor no realizado en establecimientos, puestos de venta o mercados"
Plenas-Separados,"Estado de resultado integral, resultado del periodo, por funcion de gasto",900104081,2025-12-31,AMINVERSIONES S.A.S.,"G4799 - Otros tipos de comercio al por menor no realizado en establecimientos, puestos de venta o mercados",08. SOCIEDAD POR ACCIONES SIMPLIFICADA SAS,CR 13 26 45 P11,BOGOTA D.C.,BOGOTA D.C.,Periodo Actual,195048.0,0.0,195048.0,7.0,0.0,1078622.0,500003.0,-1808.0,-1385378,,,2778990.0,1185.0,,184275659.0,,,,,185668086,1051008.0,184617078,,184617078,2025,1.0,-7.102754193839465,946.52125630614,122812628,0.5032418164685801,G4799,"Otros tipos de comercio al por menor no realizado en establecimientos, puestos de venta o mercados"
Plenas-Separados,"Estado de resultado integral, resultado del periodo, por funcion de gasto",900104083,2025-12-31,ESADINCO S.A.S.,"G4799 - Otros tipos de comercio al por menor no realizado en establecimientos, puestos de venta o mercados",08. SOCIEDAD POR ACCIONES SIMPLIFICADA SAS,CR 13 26 45 P11,BOGOTA D.C.,BOGOTA D.C.,Periodo Actual,0.0,0.0,0.0,6.0,0.0,287750.0,2.0,0.0,-287746,,,634725.0,951192.0,,45826230.0,,,,,45222017,-192395.0,45414412,,45414412,2025,,,,-14889476,4.050101427343716,G4799,"Otros tipos de comercio al por menor no realizado en establecimientos, puestos de venta o mercados"
Plenas-Separados,"Estado de resultado integral, resultado del periodo, por funcion de gasto",900106251,2025-12-31,IKE ASISTENCIA COLOMBIA SAS,N8299 - Otras actividades de servicio de apoyo a las empresas n.c.p.,08. SOCIEDAD POR ACCIONES SIMPLIFICADA SAS,CALLE 93 B # 17 25 PISO 6,BOGOTA D.C.,BOGOTA D.C.,Periodo Actual,102051235.0,63914525.0,38136710.0,0.0,5607653.0,13497248.0,17670815.0,-1095662.0,265332,,,,218464.0,,139848.0,,,,,186716,165598.0,21118,,21118,2025,0.3737016019453366,0.0025999881334116143,0.00020693527128799567,1107594,-0.9809334467322863,N8299,Otras actividades de servicio de apoyo a las empresas n.c.p.
Plenas-Separados,"Estado de resultado integral, resultado del periodo, por funcion de gasto",900108727,2025-12-31,ALGOA EU,L6810 - Actividades inmobiliarias realizadas con bienes propios o arrendados,07. EMPRESA UNIPERSONAL,CARRERA 63 #14-75,BOGOTA D.C.,BOGOTA D.C.,Periodo Actual,865000.0,0.0,865000.0,0.0,0.0,824022.0,2802.0,0.0,38176,,,6897.0,1364.0,,,,,,,43709,159957.0,-116248,,-116248,2025,1.0,0.044134104046242774,-0.1343907514450867,-135070,0.13934996668394167,L6810,Actividades inmobiliarias realizadas con bienes propios o arrendados
Plenas-Separados,"Estado de resultado integral, resultado del periodo, por funcion de gasto",900110385,2025-12-31,PLANTACIONES UNIDAS SAS,C1033 - Elaboración de aceites y grasas de origen animal,08. SOCIEDAD POR ACCIONES SIMPLIFICADA SAS,CR 9 94A 32 OF 402,BOGOTA D.C.,BOGOTA D.C.,Periodo Actual,3573191.0,0.0,3573191.0,4.0,0.0,1472474.0,100.0,0.0,2100621,,,0.0,4690.0,,,,,,,2095931,34787.0,2061144,,2061144,2025,1.0,0.5878837711166294,0.5768356631369552,4191434,-0.5082484896577162,C1033,Elaboración de aceites y grasas de origen animal
Plenas-Separados,"Estado de resultado integral, resultado del periodo, por funcion de gasto",900111454,2025-12-31,INVERSIONES JMH SAS,L6810 - Actividades inmobiliarias realizadas con bienes propios o arrendados,08. SOCIEDAD POR ACCIONES SIMPLIFICADA SAS,CR 13 93 24 P 6,BOGOTA D.C.,BOGOTA D.C.,Periodo Actual,14132393.0,0.0,14132393.0,7011536.0,0.0,12827564.0,91203767.0,0.0,-82887402,,,46222487.0,36169145.0,,39091245.0,,,,,-33742815,1428785.0,-35171600,,-35171600,2025,1.0,-5.865064890284327,-2.4887221859737414,18625120,-2.888395886845293,L6810,Actividades inmobiliarias realizadas con bienes propios o arrendados
Plenas-Separados,"Estado de resultado integral, resultado del periodo, por funcion de gasto",900111607,2025-12-31,KALTEX LATINO AMERICA SAS,K6494 - Otras actividades de distribución de fondos,08. SOCIEDAD POR ACCIONES SIMPLIFICADA SAS,CR 42 54 A 161,ANTIOQUIA,ITAGUI-ANTIOQUIA,Periodo Actual,0.0,0.0,0.0,1.0,0.0,83208.0,662.0,0.0,-83869,,,,,,10625152.0,,,,,10541283,,10541283,,10541283,2025,,,,-27756019,1.3797836786320112,K6494,Otras actividades de distribución de fondos
Plenas-Separados,"Estado de resultado integral, resultado del periodo, por funcion de gasto",900113435,2025-12-31,SUMMUM PROJECTS SAS,M7112 - Actividades de ingeniería y otras actividades conexas de consultoría técnica,08. SOCIEDAD POR ACCIONES SIMPLIFICADA SAS,calle 185 45-03 centro comercial Santa  Fe torre de oficinas piso 5,BOGOTA D.C.,BOGOTA D.C.,Periodo Actual,155940324.0,125843516.0,30096808.0,2953225.0,606428.0,13822301.0,1247563.0,-1998484.0,15375257,,,10660731.0,20303181.0,0.0,,,,,,5732807,4907747.0,825060,,825060,2025,0.1930020871317415,0.09859705691005234,0.005290870115160207,28969307,-0.97151951201318,M7112,Actividades de ingeniería y otras actividades conexas de consultoría técnica
Plenas-Separados,"Estado de resultado integral, resultado del periodo, por funcion de gasto",900114274,2025-12-31,Inversiones Szerer Vanyplas & Cía. S en C,N8299 - Otras actividades de servicio de apoyo a las empresas n.c.p.,04. SOCIEDAD EN COMANDITA,Cl 19 No. 69 B 88,BOGOTA D.C.,BOGOTA D.C.,Periodo Actual,0.0,0.0,0.0,0.0,0.0,39378.0,9299.0,0.0,-48677,,,,2226.0,,8311243.0,,,,,8260340,11221.0,8249119,,8249119,2025,,,,6188507,0.33297401134069976,N8299,Otras actividades de servicio de apoyo a las empresas n.c.p.
Plenas-Separados,"Estado de resultado integral, resultado del periodo, por funcion de gasto",900117010,2025-12-31,A kORN ARQUITECTOS SAS,F4111 - Construcción de edificios residenciales,05. SOCIEDAD EN COMANDITA POR ACCIONES,CLL 10413a 11,BOGOTA D.C.,BOGOTA D.C.,Periodo Actual,0.0,0.0,0.0,399094.0,0.0,38642.0,15433.0,0.0,345019,,,,,,,,,,,345019,,345019,,345019,2025,,,,-67660,6.099305350280816,F4111,Construcción de edificios residenciales
Plenas-Separados,"Estado de resultado integral, resultado del periodo, por funcion de gasto",900117244,2025-12-31,ARINTIA GROUP S.A.S.,G4511 - Comercio de vehículos automotores nuevos,05. SOCIEDAD EN COMANDITA POR ACCIONES,CL 165 45 46 ED URBAN 165 P 12 OF 1202,BOGOTA D.C.,BOGOTA D.C.,Periodo Actual,65576220.0,42195209.0,23381011.0,42489.0,17592679.0,6785858.0,13148854.0,0.0,-14103891,,,,,,,,,,,-14103891,-5029911.0,-9073980,,-9073980,2025,0.35654709893311937,-0.21507630357467997,-0.13837302607561094,-3991512,-1.2733189828816749,G4511,Comercio de vehículos automotores nuevos
Plenas-Separados,"Estado de resultado integral, resultado del periodo, por funcion de gasto",900120377,2025-12-31,HERSAGO UNO SAS,"K6499 - Otras actividades de servicio financiero, excepto las de seguros y pensiones n.c.p.",08. SOCIEDAD POR ACCIONES SIMPLIFICADA SAS,CALLE 70 9 36,BOGOTA D.C.,BOGOTA D.C.,Periodo Actual,0.0,0.0,0.0,3904.0,0.0,91953.0,3902.0,0.0,-91951,,,352.0,4572.0,,11915176.0,0.0,,,,11819005,28594.0,11790411,,11790411,2025,,,,-2114075,6.577101569244232,K6499,"Otras actividades de servicio financiero, excepto las de seguros y pensiones n.c.p."
Plenas-Separados,"Estado de resultado integral, resultado del periodo, por funcion de gasto",900120564,2025-12-31,HOTEL SPIWAK CHIPICHAPE S.A.S.,I5511 - Alojamiento en hoteles,08. SOCIEDAD POR ACCIONES SIMPLIFICADA SAS,AV 6 D 36N 18 PISO 11,VALLE,CALI-VALLE,Periodo Actual,2113785.0,0.0,2113785.0,3.0,0.0,695867.0,240771.0,0.0,1177150,0.0,0.0,193415.0,1613558.0,0.0,,0.0,0.0,0.0,0.0,-242993,11393.0,-254386,,-254386,2025,1.0,0.5568920207116618,-0.12034620361105788,868526,-1.2928939375447597,I5511,Alojamiento en hoteles
Plenas-Separados,"Estado de resultado integral, resultado del periodo, por funcion de gasto",900122793,2025-12-31,MULTIACCIONES S.A.S.,K6613 - Otras actividades relacionadas con el mercado de valores,08. SOCIEDAD POR ACCIONES SIMPLIFICADA SAS,CARRERA 7 #24 89 PISO 12,BOGOTA D.C.,BOGOTA D.C.,Periodo Actual,0.0,0.0,0.0,0.0,0.0,980627009.0,0.0,0.0,-980627009,,,50201.0,,,-30274421.0,,,,,-1010851229,1921858.0,-1012773087,,-1012773087,2025,,,,-91822724,-10.029656308170514,K6613,Otras actividades relacionadas con el mercado de valores
Plenas-Separados,"Estado de resultado integral, resultado del periodo, por funcion de gasto",900123136,2025-12-31,EMPRESA INMOBILIARIA CARSONIA SUCURSAL COLOMBIA,L6820 - Actividades inmobiliarias realizadas a cambio de una retribución o por contrata,02. SUCURSAL EXTRANJERA,CL 81 11 68 OF 716,BOGOTA D.C.,BOGOTA D.C.,Periodo Actual,0.0,0.0,0.0,15170.0,0.0,22681.0,0.0,0.0,-7511,,,624989.0,341877.0,,11917246.0,,,,,12192847,,12192847,,12192847,2025,,,,-982062,13.415557266241846,L6820,Actividades inmobiliarias realizadas a cambio de una retribución o por contrata
Plenas-Separados,"Estado de resultado integral, resultado del periodo, por funcion de gasto",900123726,2025-12-31,EMPRESA INDUSTRIAL DE DETERGENTES Y QUMICOS DERSACHEM SUCURSAL COLOMBIA,"C2023 - Fabricación de jabones y detergentes, preparados para limpiar y pulir; perfumes y preparados de tocador",02. SUCURSAL EXTRANJERA,CL 81 11 68 OF 716,BOGOTA D.C.,BOGOTA D.C.,Periodo Actual,0.0,0.0,0.0,111.0,0.0,302028.0,1109.0,0.0,-303026,0.0,0.0,30466200.0,90587.0,0.0,23142153.0,0.0,0.0,0.0,0.0,53214740,1610124.0,51604616,0.0,51604616,2025,,,,46403407,0.11208679138581355,C2023,"Fabricación de jabones y detergentes, preparados para limpiar y pulir; perfumes y preparados de tocador"
Plenas-Separados,"Estado de resultado integral, resultado del periodo, por funcion de gasto",900124375,2025-12-31,EMPRESA DE DESARROLLO LA ISLA SUCURSAL COLOMBIA,L6810 - Actividades inmobiliarias realizadas con bienes propios o arrendados,02. SUCURSAL EXTRANJERA,CL 81 11 68  OF 716,BOGOTA D.C.,BOGOTA D.C.,Periodo Actual,0.0,0.0,0.0,250340.0,0.0,974221.0,14554.0,27011388.0,26272953,,,10960423.0,31337381.0,,-70210357.0,,-6664471.0,,,-70978833,47506.0,-71026339,,-71026339,2025,,,,-45803190,-0.5506854216922445,L6810,Actividades inmobiliarias realizadas con bienes propios o arrendados
Plenas-Separados,"Estado de resultado integral, resultado del periodo, por funcion de gasto",900128566,2025-12-31,NTT DATA COLOMBIA S. A. S.,J6202 - Actividades de consultoría informática y actividades de administración de instalaciones informáticas,08. SOCIEDAD POR ACCIONES SIMPLIFICADA SAS,CLL 97A 13A 57,BOGOTA D.C.,BOGOTA D.C.,Periodo Actual,324814529.0,259769496.0,65045033.0,517788.0,0.0,37152384.0,4881568.0,0.0,23528869,,,297937.0,4343515.0,,,,,,,19483291,9775720.0,9707571,,9707571,2025,0.20025284336957722,0.07243785883728127,0.029886504861363513,179798,52.991540506568484,J6202,Actividades de consultoría informática y actividades de administración de instalaciones informáticas
Plenas-Separados,"Estado de resultado integral, resultado del periodo, por funcion de gasto",900129117,2025-12-31,comercializadora Inducascos SAS,C2229 - Fabricación de artículos de plástico n.c.p.,08. SOCIEDAD POR ACCIONES SIMPLIFICADA SAS,cl 89 42 107,ANTIOQUIA,ITAGUI-ANTIOQUIA,Periodo Actual,339236251.0,221613759.0,117622492.0,0.0,55366080.0,19863973.0,1214451.0,0.0,41177988,,,25943229.0,39708465.0,,,,,,,27412752,13855417.0,13557335,,13557335,2025,0.3467273667046863,0.1213843976833714,0.03996428730725479,13459096,0.007299078630541011,C2229,Fabricación de artículos de plástico n.c.p.
Plenas-Separados,"Estado de resultado integral, resultado del periodo, por funcion de gasto",900131271,2025-12-31,INVERSIONES NIXA SA,K6613 - Otras actividades relacionadas con el mercado de valores,01. SOCIEDAD ANÓNIMA,CRA 53 A 127 - 35,BOGOTA D.C.,BOGOTA D.C.,Periodo Actual,8403089.0,0.0,8403089.0,0.0,0.0,131004.0,0.0,0.0,8272085,,,,985.0,,,,,,,8271100,,8271100,,8271100,2025,1.0,0.9844100187442975,0.9842927999453535,5704165,0.4500106501126808,K6613,Otras actividades relacionadas con el mercado de valores
Plenas-Separados,"Estado de resultado integral, resultado del periodo, por funcion de gasto",900131471,2025-12-31,AZURITA SAS,"M7490 - Otras actividades profesionales, científicas y técnicas n.c.p.",08. SOCIEDAD POR ACCIONES SIMPLIFICADA SAS,CR 2 OESTE 6 08 OFC 205,VALLE,CALI-VALLE,Periodo Actual,31078315.0,0.0,31078315.0,1114719.0,0.0,4350190.0,2380961.0,0.0,25461883,,,447396.0,3269861.0,,,5280572.0,,,,27919990,720301.0,27199689,,27199689,2025,1.0,0.8192813220407863,0.8751983175407032,-36654091,1.7420642077851556,M7490,"Otras actividades profesionales, científicas y técnicas n.c.p."
Plenas-Separados,"Estado de resultado integral, resultado del periodo, por funcion de gasto",900134876,2025-12-31,CARTAMA FARMS S.A.S.,A0121 - Cultivo de frutas tropicales y subtropicales,08. SOCIEDAD POR ACCIONES SIMPLIFICADA SAS,Cr 33 7 41 Ofc. 401,ANTIOQUIA,MEDELLIN-ANTIOQUIA,Periodo Actual,19204696.0,11232889.0,7971807.0,277146.0,1818052.0,7185560.0,2129427.0,0.0,-2884086,,,12411224.0,22293158.0,,,,,,,-12766020,-153091.0,-12612929,,-12612929,2025,0.4150967555018835,-0.15017608193329382,-0.656762752193526,-5730637,-1.2009645699073244,A0121,Cultivo de frutas tropicales y subtropicales
Plenas-Separados,"Estado de resultado integral, resultado del periodo, por funcion de gasto",900135202,2025-12-31,PETROLESOS Y DERIVADOS DE COLOMBIA SA,"G4661 - Comercio al por mayor de combustibles sólidos, líquidos, gaseosos y productos conexos",08. SOCIEDAD POR ACCIONES SIMPLIFICADA SAS,TERMINAL MARITIMA TUMACO,NARINO,TUMACO-NARINO,Periodo Actual,244659660.0,225081133.0,19578527.0,1897838.0,137487.0,20405710.0,5269750.0,0.0,-4336582,,,,,,,,,,,-4336582,,-4336582,,-4336582,2025,0.08002351920214391,-0.01772495719155336,-0.01772495719155336,-3860516,-0.12331667580188763,G4661,"Comercio al por mayor de combustibles sólidos, líquidos, gaseosos y productos conexos"
Plenas-Separados,"Estado de resultado integral, resultado del periodo, por funcion de gasto",900136638,2025-12-31,CERVECERIA DEL VALLE SAS,"C1103 - Producción de malta, elaboración de cervezas y otras bebidas malteadas",08. SOCIEDAD POR ACCIONES SIMPLIFICADA SAS,CRA 53 A 127 - 35,VALLE,YUMBO-VALLE,Periodo Actual,1612722449.0,868671705.0,744050744.0,0.0,52975946.0,102828647.0,0.0,-15047240.0,573198911,,,5003440.0,14636602.0,,17717512.0,,,,,581283261,85837671.0,495445590,,495445590,2025,0.46136317161168255,0.3554231612236955,0.30721069847276616,453225498,0.09315471478614824,C1103,"Producción de malta, elaboración de cervezas y otras bebidas malteadas"
Plenas-Separados,"Estado de resultado integral, resultado del periodo, por funcion de gasto",900137951,2025-12-31,PISCICOLA LA SIRENA SAS,A0322 - Acuicultura de agua dulce,08. SOCIEDAD POR ACCIONES SIMPLIFICADA SAS,KRA 116 N 22 H 31,BOGOTA D.C.,BOGOTA D.C.,Periodo Actual,17844710.0,17227716.0,616994.0,88552.0,9554.0,628194.0,41252.0,0.0,26546,,,309650.0,431754.0,,,,,,,-95558,6101.0,-101659,,-101659,2025,0.034575737011136636,0.001487611734794233,-0.005696870389039665,466699,-1.2178256220818986,A0322,Acuicultura de agua dulce
Plenas-Separados,"Estado de resultado integral, resultado del periodo, por funcion de gasto",900139415,2025-12-31,CARBONES EL TESORO S.A.,B0510 - Extracción de hulla (carbón de piedra),01. SOCIEDAD ANÓNIMA,CR 53 No 106 - 280 PI 11 CEBuenavista,ATLANTICO,BARRANQUILLA-ATLANTICO,Periodo Actual,0.0,1276674.0,-1276674.0,0.0,0.0,0.0,15301548.0,0.0,-16578222,0.0,0.0,0.0,0.0,0.0,20945.0,0.0,0.0,0.0,0.0,-16557277,0.0,-16557277,,-16557277,2025,,,,-89955148,0.8159385274981705,B0510,Extracción de hulla (carbón de piedra)
Plenas-Separados,"Estado de resultado integral, resultado del periodo, por funcion de gasto",900142547,2025-12-31,Promotora de Innovacion en Biotecnologia SAS,C1090 - Elaboración de alimentos preparados para animales,08. SOCIEDAD POR ACCIONES SIMPLIFICADA SAS,Parque Industrial Manzana C bodega 17 Kilometro 3 Via Palenque Cafe Madrid,SANTANDER,BUCARAMANGA-SANTANDER,Periodo Actual,37006764.0,17215105.0,19791659.0,514946.0,6639766.0,4955121.0,34115.0,0.0,8677603,,,377022.0,980479.0,,,,,,,8074146,2869294.0,5204852,,5204852,2025,0.5348119332995449,0.2344869440624422,0.14064596407294624,2122831,1.4518447299855712,C1090,Elaboración de alimentos preparados para animales
Plenas-Separados,"Estado de resultado integral, resultado del periodo, por funcion de gasto",900148608,2025-12-31,ML Ingenieros sa,F4210 - Construcción de carreteras y vías de ferrocarril,01. SOCIEDAD ANÓNIMA,AV CL 127 No. 13A-54 OF 501,BOGOTA D.C.,BOGOTA D.C.,Periodo Actual,1888083.0,889288.0,998795.0,253501.0,0.0,785364.0,19691.0,-93917.0,353324,,,8056.0,7178.0,,,,,,,354202,110895.0,243307,,243307,2025,0.528999519618576,0.18713372240521206,0.12886456792418555,170357,0.428218388443093,F4210,Construcción de carreteras y vías de ferrocarril
Plenas-Separados,"Estado de resultado integral, resultado del periodo, por funcion de gasto",900155770,2025-12-31,GODIVA ENTERPRISE SAS,L6810 - Actividades inmobiliarias realizadas con bienes propios o arrendados,08. SOCIEDAD POR ACCIONES SIMPLIFICADA SAS,CLL 104 13A 11,BOGOTA D.C.,BOGOTA D.C.,Periodo Actual,0.0,0.0,0.0,0.0,0.0,3786.0,0.0,0.0,-3786,,,,,,,,,,,-3786,,-3786,,-3786,2025,,,,-4842,0.218091697645601,L6810,Actividades inmobiliarias realizadas con bienes propios o arrendados
Plenas-Separados,"Estado de resultado integral, resultado del periodo, por funcion de gasto",900164089,2025-12-31,PROMOTORA DE INVERSIONES Y COBRANZAS S.A.S,N8291 - Actividades de agencias de cobranza y oficinas de calificación crediticia,08. SOCIEDAD POR ACCIONES SIMPLIFICADA SAS,CL 72 10 51 PISO 11,BOGOTA D.C.,BOGOTA D.C.,Periodo Actual,28928043.0,0.0,28928043.0,9563342.0,0.0,5357381.0,7343911.0,0.0,25790093,0.0,0.0,640398.0,3683969.0,9884871.0,4294.0,0.0,0.0,0.0,0.0,12865945,4859845.0,8006100,0.0,8006100,2025,1.0,0.8915256728566119,0.27675912954084037,9954772,-0.19575254963147323,N8291,Actividades de agencias de cobranza y oficinas de calificación crediticia
Plenas-Separados,"Estado de resultado integral, resultado del periodo, por funcion de gasto",900165546,2025-12-31,NEMINCOL SAS,K6613 - Otras actividades relacionadas con el mercado de valores,08. SOCIEDAD POR ACCIONES SIMPLIFICADA SAS,CARRERA 7 26 20 PISO 22,BOGOTA D.C.,BOGOTA D.C.,Periodo Actual,0.0,0.0,0.0,1.0,0.0,470788.0,4.0,0.0,-470791,,,,,,-70285.0,,,,,-541076,,-541076,,-541076,2025,,,,-10937098,0.9505283759915107,K6613,Otras actividades relacionadas con el mercado de valores
Plenas-Separados,"Estado de resultado integral, resultado del periodo, por funcion de gasto",900169754,2025-12-31,CORPORACION LATINOAMERICANA DE VALORES S A,M7020 - Actividades de consultoría de gestión,01. SOCIEDAD ANÓNIMA,Carrera 7B bis # 124-79,BOGOTA D.C.,BOGOTA D.C.,Periodo Actual,3763098.0,2459253.0,1303845.0,1689662.0,0.0,1255954.0,0.0,0.0,1737553,,,,134813.0,,,,,,,1602740,93983.0,1508757,,1508757,2025,0.34648180833983067,0.46173471963791535,0.40093481487859206,1146173,0.31634316983561817,M7020,Actividades de consultoría de gestión
Plenas-Separados,"Estado de resultado integral, resultado del periodo, por funcion de gasto",900170693,2025-12-31,INVERSIONES Y CONSTRUCCIONES ESTRATÉGICAS S.A.S.,K6613 - Otras actividades relacionadas con el mercado de valores,08. SOCIEDAD POR ACCIONES SIMPLIFICADA SAS,"CARRERA 43 A 5 A - 113 PISO 13, 14, 15",ANTIOQUIA,MEDELLIN-ANTIOQUIA,Periodo Actual,15302828.0,0.0,15302828.0,15292724.0,0.0,0.0,0.0,-3560850.0,27034702,,,,,,-47522268.0,,,,,-20487566,3086941.0,-23574507,,-23574507,2025,1.0,1.7666474458185115,-1.5405327041511543,5168781,-5.560941351548847,K6613,Otras actividades relacionadas con el mercado de valores
Plenas-Separados,"Estado de resultado integral, resultado del periodo, por funcion de gasto",900174535,2025-12-31,NEMEFUN SA,M7010 - Actividades de administración empresarial,01. SOCIEDAD ANÓNIMA,CR 7 26 20 P22,BOGOTA D.C.,BOGOTA D.C.,Periodo Actual,508428.0,379692.0,128736.0,2.0,0.0,384660.0,4.0,0.0,-255926,,,24696.0,845.0,,-132905.0,,,,,-364980,14875.0,-379855,,-379855,2025,0.2532039934858033,-0.5033672417726797,-0.74711660254746,-12972855,0.9707192441447932,M7010,Actividades de administración empresarial
Plenas-Separados,"Estado de resultado integral, resultado del periodo, por funcion de gasto",900179369,2025-12-31,CONFIPETROL SAS,M7112 - Actividades de ingeniería y otras actividades conexas de consultoría técnica,08. SOCIEDAD POR ACCIONES SIMPLIFICADA SAS,CRA 15 98 26  OF 401,BOGOTA D.C.,BOGOTA D.C.,Periodo Actual,721814324.0,643943535.0,77870789.0,1716178.0,5185001.0,45929011.0,3668072.0,-163273.0,24641610,,,24011312.0,33386929.0,,4700374.0,,,,,19966367,5670603.0,14295764,,14295764,2025,0.10788202230245572,0.03413843308545925,0.019805320460778222,2457048,4.818268100582488,M7112,Actividades de ingeniería y otras actividades conexas de consultoría técnica
Plenas-Separados,"Estado de resultado integral, resultado del periodo, por funcion de gasto",900181427,2025-12-31,G4 INGENIEROS CIVILES SAS,F4290 - Construcción de otras obras de ingeniería civil,08. SOCIEDAD POR ACCIONES SIMPLIFICADA SAS,CR 48 A 16 SUR 86 OF 902 ED PLEX CORPORATIVO,ANTIOQUIA,MEDELLIN-ANTIOQUIA,Periodo Actual,8947013.0,5481082.0,3465931.0,0.0,8549.0,2760184.0,0.0,0.0,697198,,,335635.0,1769277.0,,,,,,,-736444,,-736444,,-736444,2025,0.38738414708908997,0.07792522487672701,-0.0823117167707256,476728,-2.5447886425802553,F4290,Construcción de otras obras de ingeniería civil
Plenas-Separados,"Estado de resultado integral, resultado del periodo, por funcion de gasto",900182199,2025-12-31,COLGENER SA,"K6499 - Otras actividades de servicio financiero, excepto las de seguros y pensiones n.c.p.",01. SOCIEDAD ANÓNIMA,CALLE 90 13 A 20,BOGOTA D.C.,BOGOTA D.C.,Periodo Actual,66901211.0,0.0,66901211.0,1777.0,0.0,3884286.0,2189.0,0.0,63016513,,,8334.0,315568.0,,,,,,,62709279,-58187.0,62767466,,62767466,2025,1.0,0.9419338164147731,0.9382112081648268,160680714,-0.6093652782747779,K6499,"Otras actividades de servicio financiero, excepto las de seguros y pensiones n.c.p."
Plenas-Separados,"Estado de resultado integral, resultado del periodo, por funcion de gasto",900189642,2025-12-31,BAYPORT COLOMBIA SA,K6619 - Otras actividades auxiliares de las actividades de servicios financieros n.c.p.,01. SOCIEDAD ANÓNIMA,CR 13 A 34 72 LOCAL 107,BOGOTA D.C.,BOGOTA D.C.,Periodo Actual,167263589.0,210437239.0,-43173650.0,28052119.0,0.0,59432674.0,0.0,6975.0,-74547230,0.0,0.0,28692985.0,2710386.0,32083028.0,7553353.0,0.0,0.0,0.0,0.0,-73094306,-36077983.0,-37016323,0.0,-37016323,2025,-0.2581174435997544,-0.4456871363677363,-0.22130532545251078,-29309262,-0.2629565016000744,K6619,Otras actividades auxiliares de las actividades de servicios financieros n.c.p.
Plenas-Separados,"Estado de resultado integral, resultado del periodo, por funcion de gasto",900191557,2025-12-31,INVERSIONES MOLANO CAMACHO S.A.S.,K6613 - Otras actividades relacionadas con el mercado de valores,08. SOCIEDAD POR ACCIONES SIMPLIFICADA SAS,CL 116 # 7 - 15 IN 2 OF 1502,BOGOTA D.C.,BOGOTA D.C.,Periodo Actual,11379095.0,0.0,11379095.0,0.0,5236019.0,1567787.0,93779.0,0.0,4481510,,,147331.0,743.0,,,,,,,4628098,937796.0,3690302,,3690302,2025,1.0,0.3938371197357962,0.3243054039007496,10130087,-0.6357087555121689,K6613,Otras actividades relacionadas con el mercado de valores
Plenas-Separados,"Estado de resultado integral, resultado del periodo, por funcion de gasto",900191693,2025-12-31,UNIQUE PROPERTIES S.A.S,L6810 - Actividades inmobiliarias realizadas con bienes propios o arrendados,08. SOCIEDAD POR ACCIONES SIMPLIFICADA SAS,Cra 13 96 67 Ofi 604,BOGOTA D.C.,BOGOTA D.C.,Periodo Actual,9472665.0,0.0,9472665.0,1434811.0,4198157.0,163039.0,0.0,0.0,6546280,,,26182.0,4736152.0,,,,,,,1836310,132889.0,1703421,,1703421,2025,1.0,0.6910705698977004,0.1798248961617454,14636679,-0.8836197063555196,L6810,Actividades inmobiliarias realizadas con bienes propios o arrendados
Plenas-Separados,"Estado de resultado integral, resultado del periodo, por funcion de gasto",900192242,2025-12-31,ESTUDIOS Y PROYECTOS DEL SOL S A S,F4210 - Construcción de carreteras y vías de ferrocarril,08. SOCIEDAD POR ACCIONES SIMPLIFICADA SAS,CALLE 26 # 59 -41 OF 902-903,BOGOTA D.C.,BOGOTA D.C.,Periodo Actual,7407076.0,0.0,7407076.0,22289935.0,0.0,5316880.0,0.0,0.0,24380131,,,12877106.0,8002371.0,5879580.0,,15022787.0,,,,38398073,2844770.0,35553303,,35553303,2025,1.0,3.291464945141646,4.799910653002615,45549129,-0.2194515289194663,F4210,Construcción de carreteras y vías de ferrocarril
Plenas-Separados,"Estado de resultado integral, resultado del periodo, por funcion de gasto",900197394,2025-12-31,INMOBILIARIA E INVERSIONES ISANT SAS,"M7490 - Otras actividades profesionales, científicas y técnicas n.c.p.",08. SOCIEDAD POR ACCIONES SIMPLIFICADA SAS,CALLE 7 SUR 42 - 70 OF 1011,ANTIOQUIA,MEDELLIN-ANTIOQUIA,Periodo Actual,2386274.0,31985.0,2354289.0,2081115.0,225155.0,2264761.0,792985.0,0.0,1152503,,,969169.0,415104.0,,,,,,,1706568,168553.0,1538015,,1538015,2025,0.9865962584346978,0.4829717794352199,0.6445257334237393,606292,1.5367562164765494,M7490,"Otras actividades profesionales, científicas y técnicas n.c.p."
Plenas-Separados,"Estado de resultado integral, resultado del periodo, por funcion de gasto",900197910,2025-12-31,SOAIN SOFTWARE ASSCIATES SAS,N8299 - Otras actividades de servicio de apoyo a las empresas n.c.p.,08. SOCIEDAD POR ACCIONES SIMPLIFICADA SAS,CALLE 100 # 23 10 OF 302 EDIFICIO ECOTOWER CHICO,BOGOTA D.C.,BOGOTA D.C.,Periodo Actual,27733089.0,16890840.0,10842249.0,194102.0,1775692.0,6054233.0,1976063.0,0.0,1230363,,,1498354.0,1996956.0,,,,,,,731761,657736.0,74025,,74025,2025,0.3909499226717947,0.04436444133576321,0.002669194188934381,58295,0.2698344626468822,N8299,Otras actividades de servicio de apoyo a las empresas n.c.p.
Plenas-Separados,"Estado de resultado integral, resultado del periodo, por funcion de gasto",900202418,2025-12-31,CI MATEC LOGISTICA S.A.S.,C2816 - Fabricación de equipo de elevación y manipulación,08. SOCIEDAD POR ACCIONES SIMPLIFICADA SAS,CRA 42 46 253,ANTIOQUIA,ITAGUI-ANTIOQUIA,Periodo Actual,57386293.0,37737428.0,19648865.0,295263.0,3162415.0,8820631.0,0.0,980990.0,8942072,,,832247.0,7233363.0,,,,,,,2540956,763692.0,1777264,,1777264,2025,0.3423964848191187,0.15582243655292388,0.03097018307141742,3947383,-0.549761449547713,C2816,Fabricación de equipo de elevación y manipulación
Plenas-Separados,"Estado de resultado integral, resultado del periodo, por funcion de gasto",900203461,2025-12-31,COMERCIALIZADORA COLOMBIANA DE CARBONES Y COQUES S. A.S. C I,C1910 - Fabricación de productos de hornos de coque,08. SOCIEDAD POR ACCIONES SIMPLIFICADA SAS,CL 100 No 19 a 30 P 7,BOGOTA D.C.,BOGOTA D.C.,Periodo Actual,436390872.0,427070779.0,9320093.0,0.0,1681795.0,13647854.0,0.0,600498.0,-5409058,,,8017779.0,27790885.0,,-6956009.0,,,,,-32138173,-7904449.0,-24233724,,-24233724,2025,0.021357213447855985,-0.012394984283722599,-0.05553215146076658,-2017117,-11.014039840029112,C1910,Fabricación de productos de hornos de coque
Plenas-Separados,"Estado de resultado integral, resultado del periodo, por funcion de gasto",900205377,2025-12-31,Comercializadora Agrohierros SA,C2410 - Industrias básicas de hierro y de acero,01. SOCIEDAD ANÓNIMA,Calle 10 32 137 BD 12 Indupark,ATLANTICO,GALAPA-ATLANTICO,Periodo Actual,301603705.0,230235793.0,71367912.0,1547434.0,33449640.0,8247857.0,185735.0,0.0,31032114,,,19958443.0,35855459.0,,,,,,,15135098,5742121.0,9392977,,9392977,2025,0.23662810110373148,0.1028903607135728,0.031143440363240897,8017246,0.1715964559401071,C2410,Industrias básicas de hierro y de acero
Plenas-Separados,"Estado de resultado integral, resultado del periodo, por funcion de gasto",900208029,2025-12-31,LOGYTECH MOBILE SAS,N8299 - Otras actividades de servicio de apoyo a las empresas n.c.p.,08. SOCIEDAD POR ACCIONES SIMPLIFICADA SAS,"Calle 80 Km 1.5 Vía SiberiaEntrada Vehicular Parque LaFlorida, Parque IndustrialTerrapuerto Bodegas 11-18-19 Y59.",CUNDINAMARCA,COTA-CUNDINAMARCA,Periodo Actual,148700690.0,124275023.0,24425667.0,2434451.0,0.0,11128564.0,721762.0,0.0,15009792,,,215187.0,8789911.0,,,,,,,6435068,2111834.0,4323234,,4323234,2025,0.16426061641005163,0.10093962576770828,0.029073395691707953,4365395,-0.009658003456731864,N8299,Otras actividades de servicio de apoyo a las empresas n.c.p.
Plenas-Separados,"Estado de resultado integral, resultado del periodo, por funcion de gasto",900213868,2025-12-31,INVERSIONES TRUAR SASTRANSPORTE DE CARGA POR CARRETERA01. ANUALINVERSIONES TRUAR SAS,H4923 - Transporte de carga por carretera,08. SOCIEDAD POR ACCIONES SIMPLIFICADA SAS,CR 48 50SUR 128 OF 7004,ANTIOQUIA,SABANETA-ANTIOQUIA,Periodo Actual,15852710.0,14737047.0,1115663.0,1099638.0,0.0,418885.0,0.0,0.0,1796416,,,2667.0,3452523.0,,,,,,,-1653440,857632.0,-2511072,,-2511072,2025,0.07037679992884498,0.11331917381949207,-0.15840017258878766,-346761,-6.241506397778297,H4923,Transporte de carga por carretera
Plenas-Separados,"Estado de resultado integral, resultado del periodo, por funcion de gasto",900218736,2025-12-31,CONVATEC COLOMBIA LTDA,"G4645 - Comercio al por mayor de productos farmacéuticos, medicinales, cosméticos y de tocador",03. SOCIEDAD LIMITADA,AV KR 45 108 27 OF 801 TO 3 ED PARALELO 108,BOGOTA D.C.,BOGOTA D.C.,Periodo Actual,144508622.0,97157191.0,47351431.0,21530256.0,19794243.0,42042192.0,0.0,0.0,7045252,,,,1029934.0,,1089136.0,,,,,7104454,3767064.0,3337390,,3337390,2025,0.32767201253915496,0.048753160209361074,0.023094746554292105,1334536,1.5007867903151357,G4645,"Comercio al por mayor de productos farmacéuticos, medicinales, cosméticos y de tocador"
Plenas-Separados,"Estado de resultado integral, resultado del periodo, por funcion de gasto",900222662,2025-12-31,VERTIX CONSTRUCCIONES SAS,F4290 - Construcción de otras obras de ingeniería civil,08. SOCIEDAD POR ACCIONES SIMPLIFICADA SAS,CR 47 A 96 41 OF 605,BOGOTA D.C.,BOGOTA D.C.,Periodo Actual,3740341.0,3577831.0,162510.0,140315.0,0.0,325809.0,104961.0,0.0,-127945,,,,59130.0,,-91531.0,,,,,-278606,,-278606,,-278606,2025,0.043447910230644746,-0.034206774195187015,-0.07448679144495114,202081,-2.37868478481401,F4290,Construcción de otras obras de ingeniería civil
Plenas-Separados,"Estado de resultado integral, resultado del periodo, por funcion de gasto",900224316,2025-12-31,TECH AND SOLVE SAS,"J6201 - Actividades de desarrollo de sistemas informáticos (planificación, análisis, diseño, programación, pruebas)",08. SOCIEDAD POR ACCIONES SIMPLIFICADA SAS,"CR 43 B 16 41 Edificio Staff, oficina 1407",ANTIOQUIA,MEDELLIN-ANTIOQUIA,Periodo Actual,16859210.0,10299043.0,6560167.0,43903.0,1486226.0,3960875.0,267423.0,-112666.0,776880,,,9822.0,49318.0,,20612.0,,,,,757996,339818.0,418178,,418178,2025,0.3891147331339962,0.046080450981985516,0.024804127832798808,499193,-0.16229193918985244,J6201,"Actividades de desarrollo de sistemas informáticos (planificación, análisis, diseño, programación, pruebas)"
Plenas-Separados,"Estado de resultado integral, resultado del periodo, por funcion de gasto",900226833,2025-12-31,NEW BRANDS SAS,C1040 - Elaboración de productos lácteos,08. SOCIEDAD POR ACCIONES SIMPLIFICADA SAS,CR 11 NO 77A 49 PI 3 OFC 302,CUNDINAMARCA,CHIA-CUNDINAMARCA,Periodo Actual,8935527.0,5319525.0,3616002.0,26520.0,2612416.0,863761.0,0.0,0.0,166345,,,2928.0,49577.0,,-64885.0,,,,,54811,67452.0,-12641,,-12641,2025,0.40467697092740024,0.018616137582036292,-0.0014146899225977382,767821,-1.0164634726062454,C1040,Elaboración de productos lácteos
Plenas-Separados,"Estado de resultado integral, resultado del periodo, por funcion de gasto",900226948,2025-12-31,LABORATORIOS SIEGFRIED S.A.S,"C2100 - Fabricación de productos farmacéuticos, sustancias químicas medicinales y productos botánicos de uso farmacéutico",08. SOCIEDAD POR ACCIONES SIMPLIFICADA SAS,CALLE 17 42 09BOGOTA D.C.BOGOTA D.C.CALLE 17 42 09CALLE 17 42 09CALLE 17 42 0920862623124704420juridico@siegfried.com.co 1814909,BOGOTA D.C.,BOGOTA D.C.,Periodo Actual,545093988.0,294335509.0,250758479.0,86480331.0,107533429.0,17020178.0,0.0,-4957347.0,207727856,,,4939.0,25353576.0,-3693191.0,,,,,,186072410,35332321.0,150740089,,150740089,2025,0.4600279667733191,0.38108630910088115,0.2765396286117175,17915285,7.414049176443467,C2100,"Fabricación de productos farmacéuticos, sustancias químicas medicinales y productos botánicos de uso farmacéutico"
Plenas-Separados,"Estado de resultado integral, resultado del periodo, por funcion de gasto",900228696,2025-12-31,AGRICOLAS Y FORESTALES SA,A0210 - Silvicultura y otras actividades forestales,01. SOCIEDAD ANÓNIMA,CALLE 52 No.47 42 PISO 32,ANTIOQUIA,MEDELLIN-ANTIOQUIA,Periodo Actual,0.0,0.0,0.0,39527.0,0.0,2871408.0,0.0,0.0,-2831881,,,,8592850.0,,5676257.0,,,,,-5748474,,-5748474,,-5748474,2025,,,,-3212912,-0.7891787885880472,A0210,Silvicultura y otras actividades forestales
Plenas-Separados,"Estado de resultado integral, resultado del periodo, por funcion de gasto",900233101,2025-12-31,CEMENTOS SAN MARCOS SAS BIC,"C2394 - Fabricación de cemento, cal y yeso",08. SOCIEDAD POR ACCIONES SIMPLIFICADA SAS,KM 24 VIA PANORAMA CALI BUGA,VALLE,YUMBO-VALLE,Periodo Actual,350566364.0,252317265.0,98249099.0,2132582.0,49699043.0,12848525.0,1207429.0,-1685040.0,34941644,,,124061.0,25777554.0,,,,,,,9288151,2729317.0,6558834,,6558834,2025,0.2802582024098581,0.09967198108030695,0.018709250725491736,660409,8.931472769147604,C2394,"Fabricación de cemento, cal y yeso"
Plenas-Separados,"Estado de resultado integral, resultado del periodo, por funcion de gasto",900235204,2025-12-31,INVERSIONES SANTURBAN SAS,F4111 - Construcción de edificios residenciales,08. SOCIEDAD POR ACCIONES SIMPLIFICADA SAS,CR 26 36 14 OF 701 ED FENIX,SANTANDER,BUCARAMANGA-SANTANDER,Periodo Actual,20592091.0,15485695.0,5106396.0,52541.0,0.0,1020741.0,586530.0,0.0,3551666,0.0,0.0,414464.0,80736.0,0.0,,0.0,0.0,0.0,0.0,3885394,117717.0,3767677,0.0,3767677,2025,0.24797850786498563,0.17247719039314657,0.18296718871337544,2728573,0.3808232361750996,F4111,Construcción de edificios residenciales
Plenas-Separados,"Estado de resultado integral, resultado del periodo, por funcion de gasto",900242672,2025-12-31,INVERSIONISTAS INMOBILIARIOS S.A.S.,F4111 - Construcción de edificios residenciales,08. SOCIEDAD POR ACCIONES SIMPLIFICADA SAS,Carrera 43 B 16 41 OF 1306,ANTIOQUIA,MEDELLIN-ANTIOQUIA,Periodo Actual,29643854.0,28700586.0,943268.0,733554.0,38599.0,472925.0,68465.0,0.0,1096833,,,439681.0,51361.0,,,,,,,1485153,505362.0,979791,,979791,2025,0.03182001908388835,0.03700035089904302,0.03305207885587346,190657,4.139024530963982,F4111,Construcción de edificios residenciales
Plenas-Separados,"Estado de resultado integral, resultado del periodo, por funcion de gasto",900243676,2025-12-31,INVERSIONES HYBISCUS SAS,N8299 - Otras actividades de servicio de apoyo a las empresas n.c.p.,08. SOCIEDAD POR ACCIONES SIMPLIFICADA SAS,CARRERA 16 93 86,BOGOTA D.C.,BOGOTA D.C.,Periodo Actual,0.0,0.0,0.0,3874.0,0.0,465934.0,0.0,0.0,-462060,,,106872.0,402.0,,49896431.0,,,,,49540841,7180843.0,42359998,,42359998,2025,,,,32651062,0.2973543708930509,N8299,Otras actividades de servicio de apoyo a las empresas n.c.p.
Plenas-Separados,"Estado de resultado integral, resultado del periodo, por funcion de gasto",900243678,2025-12-31,INVERSIONES NUEVO STIRO S.A.S,L6810 - Actividades inmobiliarias realizadas con bienes propios o arrendados,08. SOCIEDAD POR ACCIONES SIMPLIFICADA SAS,CL 12 B 37 31,BOGOTA D.C.,BOGOTA D.C.,Periodo Actual,0.0,0.0,0.0,0.0,0.0,2842852.0,1013.0,0.0,-2843865,,,2267948.0,111258.0,,,,,,,-687175,,-687175,,-687175,2025,,,,-31573,-20.7646406739936,L6810,Actividades inmobiliarias realizadas con bienes propios o arrendados
Plenas-Separados,"Estado de resultado integral, resultado del periodo, por funcion de gasto",900246080,2025-12-31,OBRAS CAPITAL SA,F4290 - Construcción de otras obras de ingeniería civil,01. SOCIEDAD ANÓNIMA,CR 43 B 16 80 OF 501,ANTIOQUIA,MEDELLIN-ANTIOQUIA,Periodo Actual,10915985.0,7689921.0,3226064.0,464949.0,0.0,1767085.0,49956.0,0.0,1873972,0.0,0.0,358529.0,115658.0,0.0,0.0,0.0,0.0,0.0,0.0,2116843,753175.0,1363668,,1363668,2025,0.29553576704255274,0.1716722769406517,0.12492395326670017,3040567,-0.5515086495380631,F4290,Construcción de otras obras de ingeniería civil
Plenas-Separados,"Estado de resultado integral, resultado del periodo, por funcion de gasto",900248016,2025-12-31,SANADORES AMBIENTALES SANAM COMPANY S.A.S,C1089 - Elaboración de otros productos alimenticios n.c.p.,08. SOCIEDAD POR ACCIONES SIMPLIFICADA SAS,CR 43A 6 SUR 26 OF 426-427-428,ANTIOQUIA,MEDELLIN-ANTIOQUIA,Periodo Actual,562659.0,56397.0,506262.0,29452.0,0.0,780193.0,687319.0,0.0,-931798,,,,,,,,,,,-931798,-271556.0,-660242,,-660242,2025,0.8997669991948942,-1.6560616643473223,-1.1734318654815794,-331443,-0.9920227610780737,C1089,Elaboración de otros productos alimenticios n.c.p.
Plenas-Separados,"Estado de resultado integral, resultado del periodo, por funcion de gasto",900252139,2025-12-31,PARQUE ARAUCO COLOMBIA S.A.,M6910 - Actividades jurídicas,08. SOCIEDAD POR ACCIONES SIMPLIFICADA SAS,Carrerra 58 D 146 51 Centro Comercial Parque La Colina,BOGOTA D.C.,BOGOTA D.C.,Periodo Actual,23272878.0,24832592.0,-1559714.0,0.0,0.0,21461517.0,7121576.0,0.0,-30142807,,,12686626.0,55945592.0,,223123376.0,,,,,149721603,23543381.0,126178222,,126178222,2025,-0.06701852688782195,-1.2951903498999995,5.421685362678393,-39968510,4.15694085168549,M6910,Actividades jurídicas
Plenas-Separados,"Estado de resultado integral, resultado del periodo, por funcion de gasto",900256235,2025-12-31,POPULAR SECURITIES S.A.S.,K6494 - Otras actividades de distribución de fondos,08. SOCIEDAD POR ACCIONES SIMPLIFICADA SAS,CR 13 No 26 45 PISO 11,BOGOTA D.C.,BOGOTA D.C.,Periodo Actual,0.0,0.0,0.0,1.0,0.0,106067.0,0.0,0.0,-106066,,,44.0,,,-19934.0,,,,,-125956,,-125956,,-125956,2025,,,,-118805,-0.060191069399436053,K6494,Otras actividades de distribución de fondos
Plenas-Separados,"Estado de resultado integral, resultado del periodo, por funcion de gasto",900257179,2025-12-31,INVERSIONES ESCORIAL S.A.S.,"G4799 - Otros tipos de comercio al por menor no realizado en establecimientos, puestos de venta o mercados",08. SOCIEDAD POR ACCIONES SIMPLIFICADA SAS,CR 13 26 45 P11,BOGOTA D.C.,BOGOTA D.C.,Periodo Actual,0.0,0.0,0.0,939.0,0.0,4594426.0,5271.0,0.0,-4598758,,,3049204.0,24663671.0,,135506136.0,,,,,109292911,909074.0,108383837,,108383837,2025,,,,64408975,0.6827443225109544,G4799,"Otros tipos de comercio al por menor no realizado en establecimientos, puestos de venta o mercados"
Plenas-Separados,"Estado de resultado integral, resultado del periodo, por funcion de gasto",900259779,2025-12-31,CI PISCICOLA BOTERO S.A,A0312 - Pesca de agua dulce,01. SOCIEDAD ANÓNIMA,CRA 5 10 49 ED PLAZA REAL OF 501,BOGOTA D.C.,BOGOTA D.C.,Periodo Actual,145992387.0,121127991.0,24864396.0,4019020.0,19316796.0,3458582.0,0.0,0.0,6108038,,,3600481.0,4065841.0,,1158065.0,,,,,6800743,2434137.0,4366606,,4366606,2025,0.17031296296292492,0.041838058309163755,0.029909819886704093,6502641,-0.32848730231301404,A0312,Pesca de agua dulce
Plenas-Separados,"Estado de resultado integral, resultado del periodo, por funcion de gasto",900261542,2025-12-31,BURCH OVERSEAS SAS,"M7490 - Otras actividades profesionales, científicas y técnicas n.c.p.",08. SOCIEDAD POR ACCIONES SIMPLIFICADA SAS,Cra 10 No. 93 A 13 Of 207 To B,BOGOTA D.C.,BOGOTA D.C.,Periodo Actual,10163520.0,0.0,10163520.0,62005.0,0.0,2594043.0,141842.0,160000.0,7649640,,,1449088.0,969776.0,,6824029.0,,,,,14952981,2701515.0,12251466,,12251466,2025,1.0,0.7526565599319921,1.2054353216208558,12192746,0.004815978287417781,M7490,"Otras actividades profesionales, científicas y técnicas n.c.p."
Plenas-Separados,"Estado de resultado integral, resultado del periodo, por funcion de gasto",900261925,2025-12-31,INPROVAL SAS,K6611 - Administración de mercados financieros,08. SOCIEDAD POR ACCIONES SIMPLIFICADA SAS,CR 7 84 A 29 OF 702,BOGOTA D.C.,BOGOTA D.C.,Periodo Actual,4940123.0,3170680.0,1769443.0,48143.0,0.0,2402074.0,283006.0,0.0,-867494,0.0,0.0,0.0,172532.0,0.0,,0.0,0.0,0.0,0.0,-1040026,-412150.0,-627876,0.0,-627876,2025,0.3581779239099917,-0.17560170060543026,-0.12709724029138544,-586857,-0.06989607348979393,K6611,Administración de mercados financieros
Plenas-Separados,"Estado de resultado integral, resultado del periodo, por funcion de gasto",900263163,2025-12-31,BIOMEDICAL DISTRIBUTION COLOMBIA SL LTDA,H5210 - Almacenamiento y depósito,03. SOCIEDAD LIMITADA,"Km 1.5 via Siberia Tenjo Bodegas 6,7,8,9,10, B1, B2, B3, B4, B12, B13, B14, B15 TLC",CUNDINAMARCA,COTA-CUNDINAMARCA,Periodo Actual,39511118.0,24690621.0,14820497.0,1072155.0,0.0,16833865.0,0.0,0.0,-941213,0.0,0.0,0.0,4387955.0,0.0,0.0,0.0,0.0,0.0,0.0,-5329168,-5216442.0,-112726,,-112726,2025,0.3750968777952575,-0.023821472224602704,-0.0028530197500359266,-8753275,0.9871218486794943,H5210,Almacenamiento y depósito
Plenas-Separados,"Estado de resultado integral, resultado del periodo, por funcion de gasto",900265104,2025-12-31,GRUPO AZOR COLOMBIA SAS,"G4761 - Comercio al por menor de libros, periódicos, materiales y artículos de papelería y escritorio, en establecimientos especializados",08. SOCIEDAD POR ACCIONES SIMPLIFICADA SAS,Cra 92 64 C 43 BG 49,BOGOTA D.C.,BOGOTA D.C.,Periodo Actual,1806769.0,1060545.0,746224.0,23076.0,0.0,422795.0,549269.0,0.0,-202764,0.0,0.0,0.0,10196.0,0.0,0.0,0.0,0.0,0.0,0.0,-212960,0.0,-212960,0.0,-212960,2025,0.41301572032728034,-0.11222463967446862,-0.1178678624660928,-549362,0.6123503263785992,G4761,"Comercio al por menor de libros, periódicos, materiales y artículos de papelería y escritorio, en establecimientos especializados"
Plenas-Separados,"Estado de resultado integral, resultado del periodo, por funcion de gasto",900265156,2025-12-31,Multinversiones Bolívar S.A.S.,"K6499 - Otras actividades de servicio financiero, excepto las de seguros y pensiones n.c.p.",08. SOCIEDAD POR ACCIONES SIMPLIFICADA SAS,AV EL DORADO 68 B 31,BOGOTA D.C.,BOGOTA D.C.,Periodo Actual,0.0,0.0,0.0,1546.0,0.0,490301.0,1003341.0,-70149.0,-1562245,,,1764445.0,219021.0,,10070811.0,,,,,10053990,18378.0,10035612,,10035612,2025,,,,57320411,-0.8249207947933241,K6499,"Otras actividades de servicio financiero, excepto las de seguros y pensiones n.c.p."
Plenas-Separados,"Estado de resultado integral, resultado del periodo, por funcion de gasto",900265163,2025-12-31,INVERSIONES FINANCIERAS BOLIVAR S.A.S.,"K6499 - Otras actividades de servicio financiero, excepto las de seguros y pensiones n.c.p.",08. SOCIEDAD POR ACCIONES SIMPLIFICADA SAS,AVDA EL DORADO 68 B 31,BOGOTA D.C.,BOGOTA D.C.,Periodo Actual,0.0,0.0,0.0,0.0,0.0,394628.0,3.0,0.0,-394631,,,529065.0,43373646.0,,294718196.0,,,,,251478984,161097.0,251317887,,251317887,2025,,,,243038146,0.03406766030876486,K6499,"Otras actividades de servicio financiero, excepto las de seguros y pensiones n.c.p."
Plenas-Separados,"Estado de resultado integral, resultado del periodo, por funcion de gasto",900265170,2025-12-31,SOLUCIONES BOLÍVAR S.A.S.,"K6499 - Otras actividades de servicio financiero, excepto las de seguros y pensiones n.c.p.",08. SOCIEDAD POR ACCIONES SIMPLIFICADA SAS,AV EL DORADO 68 B 31,BOGOTA D.C.,BOGOTA D.C.,Periodo Actual,0.0,0.0,0.0,0.0,0.0,3970272.0,0.0,0.0,-3970272,,,4900325.0,115913.0,,129911365.0,,,,,130725505,1729533.0,128995972,,128995972,2025,,,,582675624,-0.7786144353963913,K6499,"Otras actividades de servicio financiero, excepto las de seguros y pensiones n.c.p."
Plenas-Separados,"Estado de resultado integral, resultado del periodo, por funcion de gasto",900265172,2025-12-31,CONSTRUCCION Y DESARROLLO BOLIVAR S.A.S,"K6499 - Otras actividades de servicio financiero, excepto las de seguros y pensiones n.c.p.",08. SOCIEDAD POR ACCIONES SIMPLIFICADA SAS,AV EL DORADO 68B-31,BOGOTA D.C.,BOGOTA D.C.,Periodo Actual,0.0,0.0,0.0,2.0,0.0,240854.0,2.0,0.0,-240854,,,4223422.0,67.0,,44336279.0,,,,,48318780,1407662.0,46911118,,46911118,2025,,,,38590877,0.2156012417131645,K6499,"Otras actividades de servicio financiero, excepto las de seguros y pensiones n.c.p."
Plenas-Separados,"Estado de resultado integral, resultado del periodo, por funcion de gasto",900268209,2025-12-31,NATRIO SAS,"G4664 - Comercio al por mayor de productos químicos básicos, cauchos y plásticos en formas primarias y productos químicos de uso agropecuario",08. SOCIEDAD POR ACCIONES SIMPLIFICADA SAS,CR 7 113 43 OF905,BOGOTA D.C.,BOGOTA D.C.,Periodo Actual,65816331.0,52368163.0,13448168.0,306386.0,9852158.0,5039412.0,93126.0,0.0,-1230142,,,5362352.0,10032490.0,,-69493.0,,,,,-5969773,-1167670.0,-4802103,0.0,-4802103,2025,0.20432874023318012,-0.01869052834318583,-0.072962180161638,-9236047,0.48006944962493153,G4664,"Comercio al por mayor de productos químicos básicos, cauchos y plásticos en formas primarias y productos químicos de uso agropecuario"
Plenas-Separados,"Estado de resultado integral, resultado del periodo, por funcion de gasto",900274644,2025-12-31,BULOBA SAS,L6810 - Actividades inmobiliarias realizadas con bienes propios o arrendados,08. SOCIEDAD POR ACCIONES SIMPLIFICADA SAS,Kilometro 7 via a Girón,SANTANDER,GIRON-SANTANDER,Periodo Actual,1981788.0,0.0,1981788.0,4607229.0,0.0,1080051.0,8844.0,0.0,5500122,,,,2198149.0,,,,,,,3301973,426127.0,2875846,,2875846,2025,1.0,2.7753331839732605,1.4511370540138502,1312800,1.1906200487507617,L6810,Actividades inmobiliarias realizadas con bienes propios o arrendados
Plenas-Separados,"Estado de resultado integral, resultado del periodo, por funcion de gasto",900276962,2025-12-31,D1 S.A.S,"G4711 - Comercio al por menor en establecimientos no especializados con surtido compuesto principalmente por alimentos, bebidas (alcohólicas y no alcohólicas) o tabaco",08. SOCIEDAD POR ACCIONES SIMPLIFICADA SAS,CLL 77A 11 32,BOGOTA D.C.,BOGOTA D.C.,Periodo Actual,11123776679.0,9011977166.0,2111799513.0,22882140.0,1010883852.0,609188974.0,14163402.0,0.0,500445425,,,50423667.0,214122270.0,,,,,,,336746822,122890415.0,213856407,,213856407,2025,0.1898455510156687,0.044988805460717755,0.01922516184667105,205077016,0.04281021428554432,G4711,"Comercio al por menor en establecimientos no especializados con surtido compuesto principalmente por alimentos, bebidas (alcohólicas y no alcohólicas) o tabaco"
Plenas-Separados,"Estado de resultado integral, resultado del periodo, por funcion de gasto",900277507,2025-12-31,CO SAS,K6619 - Otras actividades auxiliares de las actividades de servicios financieros n.c.p.,08. SOCIEDAD POR ACCIONES SIMPLIFICADA SAS,CL 85 9 65,BOGOTA D.C.,BOGOTA D.C.,Periodo Actual,2718901.0,0.0,2718901.0,0.0,0.0,19748390.0,0.0,0.0,-17029489,,,,,,4925547.0,,,,,-12103942,143000.0,-12246942,,-12246942,2025,1.0,-6.263372222820911,-4.504372170961723,13726327,-1.8922228065818336,K6619,Otras actividades auxiliares de las actividades de servicios financieros n.c.p.
Plenas-Separados,"Estado de resultado integral, resultado del periodo, por funcion de gasto",900280623,2025-12-31,CARSONINVER LTDA ,L6810 - Actividades inmobiliarias realizadas con bienes propios o arrendados,03. SOCIEDAD LIMITADA,CL 81 11 68 OF 503,BOGOTA D.C.,BOGOTA D.C.,Periodo Actual,413864.0,0.0,413864.0,13468953.0,0.0,1048129.0,27092.0,0.0,12807596,,,721937.0,1981829.0,,,417254.0,,,,11964958,35978.0,11928980,,11928980,2025,1.0,30.946388185490886,28.82342991900721,-2148541,6.552130492273594,L6810,Actividades inmobiliarias realizadas con bienes propios o arrendados
Plenas-Separados,"Estado de resultado integral, resultado del periodo, por funcion de gasto",900283417,2025-12-31,JGB INVERSIONES S.A.S.,"M7490 - Otras actividades profesionales, científicas y técnicas n.c.p.",08. SOCIEDAD POR ACCIONES SIMPLIFICADA SAS,CR 7 114 33 OF 901,BOGOTA D.C.,BOGOTA D.C.,Periodo Actual,0.0,0.0,0.0,0.0,0.0,1218.0,0.0,0.0,-1218,0.0,0.0,60876.0,14320.0,0.0,7983752.0,0.0,0.0,0.0,0.0,8029090,17326.0,8011764,0.0,8011764,2025,,,,6561172,0.22108733012943418,M7490,"Otras actividades profesionales, científicas y técnicas n.c.p."
Plenas-Separados,"Estado de resultado integral, resultado del periodo, por funcion de gasto",900285758,2025-12-31,.C.I NUTREO SAS,C1089 - Elaboración de otros productos alimenticios n.c.p.,08. SOCIEDAD POR ACCIONES SIMPLIFICADA SAS,GT AER JMC VIA GUARNE PARQUE EMPRESARIAL MULTICENTRO BG 9-10 VDA PLAYA RICA RANCHERIAS,ANTIOQUIA,RIONEGRO-ANTIOQUIA,Periodo Actual,44733988.0,26023322.0,18710666.0,2060298.0,9706111.0,7372081.0,1544835.0,0.0,2147937,,,26002.0,2831673.0,,,584245.0,,,,-73489,-710157.0,636668,0.0,636668,2025,0.41826510079986606,0.048015772705085,0.014232310340853134,-568104,2.1206891695886667,C1089,Elaboración de otros productos alimenticios n.c.p.
Plenas-Separados,"Estado de resultado integral, resultado del periodo, por funcion de gasto",900291186,2025-12-31,CI INDUTRADE COLOMBIA SAS,G4669 - Comercio al por mayor de otros productos n.c.p.,08. SOCIEDAD POR ACCIONES SIMPLIFICADA SAS,CR 24 # 1 A 24 OF 901,ATLANTICO,PUERTO-COLOMBIA-ATLANTICO,Periodo Actual,97994586.0,90838136.0,7156450.0,479297.0,0.0,5735589.0,817996.0,0.0,1082162,,,7550350.0,7379952.0,,-81876.0,,,,,1170684,644027.0,526657,,526657,2025,0.073029034481558,0.01104307946155311,0.005374347925710917,836947,-0.3707403216691141,G4669,Comercio al por mayor de otros productos n.c.p.
Plenas-Separados,"Estado de resultado integral, resultado del periodo, por funcion de gasto",900292245,2025-12-31,CUSTOMER OPERATION SUCCESS SAS,N8220 - Actividades de centros de llamadas (call center),08. SOCIEDAD POR ACCIONES SIMPLIFICADA SAS,Calle 67  7  35,BOGOTA D.C.,BOGOTA D.C.,Periodo Actual,182106666.0,152143207.0,29963459.0,1938673.0,2438103.0,18147109.0,11818241.0,0.0,-501321,0.0,0.0,0.0,0.0,0.0,0.0,0.0,0.0,0.0,,-501321,1189758.0,-1691079,0.0,-1691079,2025,0.16453795820961326,-0.0027528975792681857,-0.009286200429368138,-1362827,-0.24086109242038792,N8220,Actividades de centros de llamadas (call center)
Plenas-Separados,"Estado de resultado integral, resultado del periodo, por funcion de gasto",900294380,2025-12-31,LH S.A.S,"G4645 - Comercio al por mayor de productos farmacéuticos, medicinales, cosméticos y de tocador",08. SOCIEDAD POR ACCIONES SIMPLIFICADA SAS,CALLE 36 # 32 - 08,BOGOTA D.C.,BOGOTA D.C.,Periodo Actual,165753553.0,51377888.0,114375665.0,5466936.0,47863553.0,19586972.0,0.0,245195.0,52637271,,,4175145.0,8739423.0,,-26790.0,,,,,48046203,17312539.0,30733664,,30733664,2025,0.6900344694270294,0.31756345518578416,0.18541782932399645,19376333,0.586144499064916,G4645,"Comercio al por mayor de productos farmacéuticos, medicinales, cosméticos y de tocador"
Plenas-Separados,"Estado de resultado integral, resultado del periodo, por funcion de gasto",900298569,2025-12-31,CREAR CALLE 81 SAS,L6820 - Actividades inmobiliarias realizadas a cambio de una retribución o por contrata,08. SOCIEDAD POR ACCIONES SIMPLIFICADA SAS,CL 126A 7C 87 P5 OF 503,BOGOTA D.C.,BOGOTA D.C.,Periodo Actual,4668268.0,2034953.0,2633315.0,336751.0,0.0,1293405.0,65253.0,0.0,1611408,,,29988.0,510221.0,,,,,,,1131175,561323.0,569852,,569852,2025,0.5640882228698095,0.34518326711319913,0.12206925566398502,526464,0.08241399221979091,L6820,Actividades inmobiliarias realizadas a cambio de una retribución o por contrata
Plenas-Separados,"Estado de resultado integral, resultado del periodo, por funcion de gasto",900304940,2025-12-31,TOUR VACATION HOTELES AZUL S.A.S BIC,I5511 - Alojamiento en hoteles,08. SOCIEDAD POR ACCIONES SIMPLIFICADA SAS,CL 100 7A 81 PISO 6,BOGOTA D.C.,BOGOTA D.C.,Periodo Actual,279624810.0,168615039.0,111009771.0,13491123.0,70696434.0,27576925.0,1819038.0,0.0,24408497,0.0,0.0,4778573.0,18633806.0,0.0,,0.0,0.0,0.0,0.0,10553264,7593298.0,2959966,0.0,2959966,2025,0.39699542755165396,0.08729016928075874,0.010585491323176939,5144670,-0.42465386506811903,I5511,Alojamiento en hoteles
Plenas-Separados,"Estado de resultado integral, resultado del periodo, por funcion de gasto",900306166,2025-12-31,INVERSIONES Y ASESORIAS YERBABUENA S.A.S,A0142 - Cría de caballos y otros equinos,08. SOCIEDAD POR ACCIONES SIMPLIFICADA SAS,CALLE 32 F 81-47,ANTIOQUIA,MEDELLIN-ANTIOQUIA,Periodo Actual,391892.0,853963.0,-462071.0,744837.0,0.0,291896.0,47241.0,0.0,-56371,,,1329.0,,,-218712.0,,,,,-273754,144849.0,-418603,,-418603,2025,-1.1790773988752004,-0.14384320169842713,-1.0681590846457698,-51524,-7.124427451284838,A0142,Cría de caballos y otros equinos
Plenas-Separados,"Estado de resultado integral, resultado del periodo, por funcion de gasto",900307744,2025-12-31,MAGDALENA RIVER COLOMBIA SAS,A0121 - Cultivo de frutas tropicales y subtropicales,08. SOCIEDAD POR ACCIONES SIMPLIFICADA SAS,CARRETERA A CARACOLI KM 3 -200 EN MALAMBO,ATLANTICO,MALAMBO-ATLANTICO,Periodo Actual,4149660.0,4724013.0,-574353.0,811441.0,21588.0,4024042.0,4856235.0,0.0,-8664777,,,74750.0,791053.0,,,,,,,-9381080,-565077.0,-8816003,,-8816003,2025,-0.13840965283902779,-2.0880691430141263,-2.1245121287045206,-2992358,-1.9461725502095673,A0121,Cultivo de frutas tropicales y subtropicales
Plenas-Separados,"Estado de resultado integral, resultado del periodo, por funcion de gasto",900307868,2025-12-31,INNOVACIONES INMOBILIARIAS INNOBILIA SAS,L6810 - Actividades inmobiliarias realizadas con bienes propios o arrendados,08. SOCIEDAD POR ACCIONES SIMPLIFICADA SAS,KRA 14 89 48,BOGOTA D.C.,BOGOTA D.C.,Periodo Actual,8210332.0,8203437.0,6895.0,47747.0,0.0,103502.0,39730.0,0.0,-88590,,,0.0,11432.0,,,,,,,-100022,,-100022,,-100022,2025,0.0008397955161861907,-0.010790063057133377,-0.012182454984767973,-72606,-0.3775996474120596,L6810,Actividades inmobiliarias realizadas con bienes propios o arrendados
Plenas-Separados,"Estado de resultado integral, resultado del periodo, por funcion de gasto",900308342,2025-12-31,TCC INVERSIONES S.A,M7010 - Actividades de administración empresarial,01. SOCIEDAD ANÓNIMA,CARRERA 43A 1A SUR 29 PISO 6,ANTIOQUIA,MEDELLIN-ANTIOQUIA,Periodo Actual,34438067.0,0.0,34438067.0,10944.0,153084.0,766921.0,515739.0,0.0,33013267,0.0,0.0,366066.0,810.0,0.0,,0.0,0.0,0.0,0.0,33378523,5000.0,33373523,0.0,33373523,2025,1.0,0.9586271784650399,0.9690881604940254,27800700,0.20045621153424195,M7010,Actividades de administración empresarial
Plenas-Separados,"Estado de resultado integral, resultado del periodo, por funcion de gasto",900308801,2025-12-31,UNISAN S.A.S.,J5820 - Edición de programas de informática (software),08. SOCIEDAD POR ACCIONES SIMPLIFICADA SAS,calle 42 29 65 piso 5,SANTANDER,BUCARAMANGA-SANTANDER,Periodo Actual,7013822.0,0.0,7013822.0,2303379.0,0.0,4322979.0,491998.0,0.0,4502224,,,1121209.0,1154455.0,,,,,,,4468978,1200896.0,3268082,,3268082,2025,1.0,0.6419073651997441,0.46594880793952287,596428,4.479424171903398,J5820,Edición de programas de informática (software)
Plenas-Separados,"Estado de resultado integral, resultado del periodo, por funcion de gasto",900311215,2025-12-31,ZONA FRANCA INTERNACIONAL DE PEREIRA S.A.S. USUARIO OPERADOR DE ZONAS FRANCAS,M7020 - Actividades de consultoría de gestión,08. SOCIEDAD POR ACCIONES SIMPLIFICADA SAS,CRR DE CAIMALITO ZONA FRANCA ED USUARIO OP,RISARALDA,PEREIRA-RISARALDA,Periodo Actual,4336450.0,459415.0,3877035.0,114146.0,0.0,3528906.0,0.0,0.0,462275,,,6607.0,151315.0,,,,,,,317567,93571.0,223996,,223996,2025,0.894057351059046,0.10660217458981425,0.0516542333014332,119772,0.8701866880406105,M7020,Actividades de consultoría de gestión
Plenas-Separados,"Estado de resultado integral, resultado del periodo, por funcion de gasto",900313659,2025-12-31,INMONOVA S A S,H4923 - Transporte de carga por carretera,08. SOCIEDAD POR ACCIONES SIMPLIFICADA SAS,CARRERA 86 51 66 OF 204,BOGOTA D.C.,BOGOTA D.C.,Periodo Actual,877500.0,1142471.0,-264971.0,247387.0,0.0,495452.0,428562.0,0.0,-941598,,,588.0,,,,,,,,-941010,96276.0,-1037286,,-1037286,2025,-0.3019612535612536,-1.0730461538461538,-1.1820923076923078,948763,-2.093303596367059,H4923,Transporte de carga por carretera
Plenas-Separados,"Estado de resultado integral, resultado del periodo, por funcion de gasto",900313945,2025-12-31,PORCICULTORES APA SAS,C1090 - Elaboración de alimentos preparados para animales,08. SOCIEDAD POR ACCIONES SIMPLIFICADA SAS,VEREDA CABILDO 600 METROS DESPUES DE ENKA DE COLOMBIA,ANTIOQUIA,GIRARDOTA-ANTIOQUIA,Periodo Actual,410091296.0,380811539.0,29279757.0,1042082.0,6936920.0,7581804.0,0.0,-685175.0,15117940,,,2364000.0,5293439.0,,208225.0,,,,,12396726,4629023.0,7767703,,7767703,2025,0.07139814301252569,0.03686481558486918,0.01894139933172344,6176960,0.257528460601979,C1090,Elaboración de alimentos preparados para animales
Plenas-Separados,"Estado de resultado integral, resultado del periodo, por funcion de gasto",900314512,2025-12-31,ADN ADELANTE SAS,C2021 - Fabricación de plaguicidas y otros productos químicos de uso agropecuario,08. SOCIEDAD POR ACCIONES SIMPLIFICADA SAS,CR 47 Cl 64 A 163 BG 34 PARQUE EMPRESARIAL RIONEGRO,ANTIOQUIA,RIONEGRO-ANTIOQUIA,Periodo Actual,3400411.0,1493010.0,1907401.0,314146.0,975845.0,603130.0,43252.0,0.0,599320,,,,300226.0,,,,,,,299094,-31499.0,330593,,330593,2025,0.5609324872787437,0.1762492828072842,0.09722148293250434,201801,0.6382128928994405,C2021,Fabricación de plaguicidas y otros productos químicos de uso agropecuario
Plenas-Separados,"Estado de resultado integral, resultado del periodo, por funcion de gasto",900317003,2025-12-31,COLENER S.A.S.,K6613 - Otras actividades relacionadas con el mercado de valores,08. SOCIEDAD POR ACCIONES SIMPLIFICADA SAS,CRA 43 A  1 A SUR 143 PISO 5,ANTIOQUIA,MEDELLIN-ANTIOQUIA,Periodo Actual,275977470.0,0.0,275977470.0,1862.0,0.0,1946542.0,301514.0,0.0,273731276,,,3836786.0,5464493.0,,,,,,,272103569,-590175.0,272693744,,272693744,2025,1.0,0.9918609515479652,0.9881014707468693,204932461,0.330651779953982,K6613,Otras actividades relacionadas con el mercado de valores
Plenas-Separados,"Estado de resultado integral, resultado del periodo, por funcion de gasto",900319291,2025-12-31,ASOPAGOS S.A.,O8430 - Actividades de planes de seguridad social de afiliación obligatoria,01. SOCIEDAD ANÓNIMA,CALLE 65A 7 12 PISO 3,BOGOTA D.C.,BOGOTA D.C.,Periodo Actual,37728852.0,1649285.0,36079567.0,178797.0,1068173.0,32558502.0,189860.0,0.0,2441829,,,49281.0,889720.0,,,,,,,1601390,630783.0,970607,,970607,2025,0.956285841933383,0.06472046909882125,0.025725855639604406,379470,1.5577964002424434,O8430,Actividades de planes de seguridad social de afiliación obligatoria
Plenas-Separados,"Estado de resultado integral, resultado del periodo, por funcion de gasto",900323853,2025-12-31,TELEPERFORMANCE COLOMBIA SAS,N8220 - Actividades de centros de llamadas (call center),08. SOCIEDAD POR ACCIONES SIMPLIFICADA SAS,Avenida Calle 26 N 92-32 Edificio B Piso 2,BOGOTA D.C.,BOGOTA D.C.,Periodo Actual,2445517074.0,1862550136.0,582966938.0,168360408.0,0.0,529895077.0,23139545.0,0.0,198292724,,,,138527527.0,,20012714.0,,,,,79777911,48992861.0,30785050,,30785050,2025,0.23838187195580382,0.08108417074989516,0.01258836028065286,190071244,-0.8380341531304967,N8220,Actividades de centros de llamadas (call center)
Plenas-Separados,"Estado de resultado integral, resultado del periodo, por funcion de gasto",900324986,2025-12-31,NUCLEO CONSTRUCTORA SAS,F4111 - Construcción de edificios residenciales,08. SOCIEDAD POR ACCIONES SIMPLIFICADA SAS,CRA 15 N. 12-37 LOS ALPES EDIFICIO TORRE NUCLEO PISO 2,RISARALDA,PEREIRA-RISARALDA,Periodo Actual,90259568.0,80164458.0,10095110.0,908284.0,3737117.0,2666041.0,1283502.0,0.0,3316734,,,,,,,,,,,3316734,1115289.0,2201445,,2201445,2025,0.11184531705270294,0.036746619483044723,0.024390156620293153,1818087,0.21085789623928888,F4111,Construcción de edificios residenciales
Plenas-Separados,"Estado de resultado integral, resultado del periodo, por funcion de gasto",900325551,2025-12-31,Q-BICA CONSTRUCTORA SAS,F4111 - Construcción de edificios residenciales,08. SOCIEDAD POR ACCIONES SIMPLIFICADA SAS,CALLE 35 NRO. 15-19 CC COMERCIAL Y EMPRESARIAL GUADALUPE PLAZA OF 5A,RISARALDA,DOS-QUEBRADAS-RISARALDA,Periodo Actual,6281524.0,4670551.0,1610973.0,436431.0,12737.0,1325231.0,312137.0,0.0,397299,,,,,,,,,,,397299,163677.0,233622,,233622,2025,0.2564621260700429,0.06324882305631563,0.037191929856512526,410752,-0.4312334449984419,F4111,Construcción de edificios residenciales
Plenas-Separados,"Estado de resultado integral, resultado del periodo, por funcion de gasto",900327256,2025-12-31,MATRIX GIROS Y SERVICIOS SAS,H5310 - Actividades postales nacionales,08. SOCIEDAD POR ACCIONES SIMPLIFICADA SAS,AV CLL 26 69D 91 OF 905 TORRE 2,BOGOTA D.C.,BOGOTA D.C.,Periodo Actual,16111738.0,8307712.0,7804026.0,779068.0,1212919.0,9465215.0,2144325.0,0.0,-4239365,,,,,,3807.0,,,,,-4235558,-3850618.0,-384940,,-384940,2025,0.48436897372586374,-0.2631227618026063,-0.023891897944219302,99621,-4.864044729524899,H5310,Actividades postales nacionales
Plenas-Separados,"Estado de resultado integral, resultado del periodo, por funcion de gasto",900328413,2025-12-31,INVERSIONES EGEO I SAS,K6613 - Otras actividades relacionadas con el mercado de valores,08. SOCIEDAD POR ACCIONES SIMPLIFICADA SAS,CL 98 9A 46 TORRE 3 PISO 8,BOGOTA D.C.,BOGOTA D.C.,Periodo Actual,76878256.0,0.0,76878256.0,208859.0,0.0,4431787.0,2376994.0,0.0,70278334,,,,,,,,,,,70278334,23302.0,70255032,,70255032,2025,1.0,0.9141509921869195,0.913847889577516,60070791,0.1695373213913564,K6613,Otras actividades relacionadas con el mercado de valores
Plenas-Separados,"Estado de resultado integral, resultado del periodo, por funcion de gasto",900329582,2025-12-31,AGROPECUARIA CARVAJAL SAS,A0126 - Cultivo de palma para aceite (palma africana) y otros frutos oleaginosos,08. SOCIEDAD POR ACCIONES SIMPLIFICADA SAS,CL 126 A No. 7 c -87 5TO PISO,BOGOTA D.C.,BOGOTA D.C.,Periodo Actual,11420097.0,9653660.0,1766437.0,354051.0,0.0,428269.0,1275422.0,0.0,416797,,,409303.0,465044.0,,4911343.0,,,,,5272399,1133948.0,4138451,,4138451,2025,0.1546779331208833,0.03649680033365741,0.3623831741534244,7131444,-0.4196896168573994,A0126,Cultivo de palma para aceite (palma africana) y otros frutos oleaginosos
Plenas-Separados,"Estado de resultado integral, resultado del periodo, por funcion de gasto",900329769,2025-12-31,PRACEGAR ALZATE Y CIA S.C.A,L6810 - Actividades inmobiliarias realizadas con bienes propios o arrendados,05. SOCIEDAD EN COMANDITA POR ACCIONES,CL 32D N 63A 144,ANTIOQUIA,MEDELLIN-ANTIOQUIA,Periodo Actual,30811909.0,0.0,30811909.0,80402.0,0.0,7494521.0,1045225.0,4759043.0,27111608,,,2049256.0,433854.0,,,,,,,28727010,2672398.0,26054612,,26054612,2025,1.0,0.8799067918836188,0.8456020040822527,27127627,-0.03955432592758666,L6810,Actividades inmobiliarias realizadas con bienes propios o arrendados
Plenas-Separados,"Estado de resultado integral, resultado del periodo, por funcion de gasto",900330490,2025-12-31,MLO SAS,"M7490 - Otras actividades profesionales, científicas y técnicas n.c.p.",08. SOCIEDAD POR ACCIONES SIMPLIFICADA SAS,KM 5 VIA CAJICA TABIO,CUNDINAMARCA,CAJICA-CUNDINAMARCA,Periodo Actual,0.0,0.0,0.0,0.0,0.0,108159.0,0.0,2602.0,-105557,0.0,0.0,2721441.0,10817192.0,0.0,21609820.0,0.0,0.0,0.0,0.0,13408512,-528577.0,13937089,,13937089,2025,,,,19037601,-0.2679177906922201,M7490,"Otras actividades profesionales, científicas y técnicas n.c.p."
Plenas-Separados,"Estado de resultado integral, resultado del periodo, por funcion de gasto",900330636,2025-12-31,INVERGROUP SM & CIA S EN C,L6810 - Actividades inmobiliarias realizadas con bienes propios o arrendados,05. SOCIEDAD EN COMANDITA POR ACCIONES,CL 66 1N 20,VALLE,CALI-VALLE,Periodo Actual,15025402.0,0.0,15025402.0,18277702.0,0.0,4250131.0,215358.0,0.0,28837615,,,5856132.0,21532738.0,,12732675.0,,,,,25893684,5608574.0,20285110,,20285110,2025,1.0,1.919257468119655,1.3500543945513073,18682566,0.08577751043405922,L6810,Actividades inmobiliarias realizadas con bienes propios o arrendados
Plenas-Separados,"Estado de resultado integral, resultado del periodo, por funcion de gasto",900330644,2025-12-31,ACOMPAÑAMIENTO INMOBILIARIO SAS,A0141 - Cría de ganado bovino y bufalino,08. SOCIEDAD POR ACCIONES SIMPLIFICADA SAS,CALLE 126 A No. 7C - 87 5to PISO,BOGOTA D.C.,BOGOTA D.C.,Periodo Actual,0.0,0.0,0.0,375707.0,0.0,28095.0,285164.0,0.0,62448,,,,,,316677.0,,,,,379125,-68171.0,447296,,447296,2025,,,,972653,-0.54012787705379,A0141,Cría de ganado bovino y bufalino
Plenas-Separados,"Estado de resultado integral, resultado del periodo, por funcion de gasto",900331619,2025-12-31,ORGANIZACION CONHYDRA S.A,M7010 - Actividades de administración empresarial,01. SOCIEDAD ANÓNIMA,CALLE 32F N 63A - 117,ANTIOQUIA,MEDELLIN-ANTIOQUIA,Periodo Actual,4421533.0,0.0,4421533.0,0.0,0.0,286501.0,62500.0,0.0,4072532,,,,,,,,,,,4072532,,4072532,,4072532,2025,1.0,0.921067873970408,0.921067873970408,1283836,2.172159060814621,M7010,Actividades de administración empresarial
Plenas-Separados,"Estado de resultado integral, resultado del periodo, por funcion de gasto",900333530,2025-12-31,C.I. COLOMBIAN NATURAL RESOURCES I S.A.S.EN REORGANIZACION,B0510 - Extracción de hulla (carbón de piedra),08. SOCIEDAD POR ACCIONES SIMPLIFICADA SAS,CALLE 90 19 41 PISO 9,BOGOTA D.C.,BOGOTA D.C.,Periodo Actual,21179984.0,55528771.0,-34348787.0,319439.0,306749.0,14650854.0,40459380.0,0.0,-89446331,,,75357143.0,5175793.0,,-1215453.0,,,,,-20480434,84579856.0,-105060290,,-105060290,2025,-1.6217569852743987,-4.2231538512965825,-4.960357382706238,30727537,-4.419092457687058,B0510,Extracción de hulla (carbón de piedra)
Plenas-Separados,"Estado de resultado integral, resultado del periodo, por funcion de gasto",900337718,2025-12-31,SUDAMEL S.A.S,"K6499 - Otras actividades de servicio financiero, excepto las de seguros y pensiones n.c.p.",08. SOCIEDAD POR ACCIONES SIMPLIFICADA SAS,CR 33 N° 45 74 APTO 802,SANTANDER,BUCARAMANGA-SANTANDER,Periodo Actual,0.0,0.0,0.0,1215.0,0.0,171121.0,4104.0,0.0,-174010,,,,,,227515.0,,,,,53505,-5665.0,59170,,59170,2025,,,,-13805,5.286128214415067,K6499,"Otras actividades de servicio financiero, excepto las de seguros y pensiones n.c.p."
Plenas-Separados,"Estado de resultado integral, resultado del periodo, por funcion de gasto",900341086,2025-12-31,Comercial Nutresa S.A.S,G4610 - Comercio al por mayor a cambio de una retribución o por contrata,08. SOCIEDAD POR ACCIONES SIMPLIFICADA SAS,"Carrera 52 2 38 MEDELLÍN, ANTIOQUIA, COLOMBIA",ANTIOQUIA,MEDELLIN-ANTIOQUIA,Periodo Actual,2391062710.0,1435799043.0,955263667.0,0.0,686671534.0,143106009.0,0.0,930278.0,126416402,0.0,0.0,8081428.0,63366702.0,0.0,16237296.0,0.0,0.0,0.0,0.0,87368424,26529770.0,60838654,0.0,60838654,2025,0.39951426744470453,0.052870383311694906,0.025444190043848746,64386133,-0.055096941448556945,G4610,Comercio al por mayor a cambio de una retribución o por contrata
Plenas-Separados,"Estado de resultado integral, resultado del periodo, por funcion de gasto",900342297,2025-12-31,COMERCIALIZADORA ARTURO CALLE SAS,G4771 - Comercio al por menor de prendas de vestir y sus accesorios (incluye artículos de piel) en establecimientos especializados,08. SOCIEDAD POR ACCIONES SIMPLIFICADA SAS,AK 72 152 B 62,BOGOTA D.C.,BOGOTA D.C.,Periodo Actual,705697403.0,425189983.0,280507420.0,6122331.0,170968580.0,34056395.0,2754310.0,-1406549.0,77443917,,,2549367.0,7333073.0,8048716.0,3567052.0,,,,,68178547,24679020.0,43499527,,43499527,2025,0.3974896588927932,0.10974096924655963,0.0616404804879238,22782600,0.9093311123401192,G4771,Comercio al por menor de prendas de vestir y sus accesorios (incluye artículos de piel) en establecimientos especializados
Plenas-Separados,"Estado de resultado integral, resultado del periodo, por funcion de gasto",900342390,2025-12-31,MENDEZ PINILLA S.A.S.,L6810 - Actividades inmobiliarias realizadas con bienes propios o arrendados,08. SOCIEDAD POR ACCIONES SIMPLIFICADA SAS,CALLE 35 19 41 OF 505 TO SUR ED. LA TRIADA,SANTANDER,BUCARAMANGA-SANTANDER,Periodo Actual,1255596.0,0.0,1255596.0,514465.0,0.0,1086791.0,64459.0,1562200.0,2181011,,,,76573.0,,,,,,,2104438,199131.0,1905307,,1905307,2025,1.0,1.7370324531138996,1.5174522696791006,1678366,0.13521544168554414,L6810,Actividades inmobiliarias realizadas con bienes propios o arrendados
Plenas-Separados,"Estado de resultado integral, resultado del periodo, por funcion de gasto",900353530,2025-12-31,ACI WORLDWIDE COLOMBIA SAS,"J6201 - Actividades de desarrollo de sistemas informáticos (planificación, análisis, diseño, programación, pruebas)",08. SOCIEDAD POR ACCIONES SIMPLIFICADA SAS,Calle 113 7 21 Torre A Oficina1412 Edificio Teleport,BOGOTA D.C.,BOGOTA D.C.,Periodo Actual,53295691.0,46511190.0,6784501.0,1578340.0,0.0,4262176.0,4023175.0,0.0,77490,,,,202131.0,,2750.0,,,,,-121891,243853.0,-365744,,-365744,2025,0.1272992407585071,0.0014539636984911219,-0.006862543540339875,1253901,-1.291684909733703,J6201,"Actividades de desarrollo de sistemas informáticos (planificación, análisis, diseño, programación, pruebas)"
Plenas-Separados,"Estado de resultado integral, resultado del periodo, por funcion de gasto",900354036,2025-12-31,AXIONLOG S.A.S,G4631 - Comercio al por mayor de productos alimenticios,08. SOCIEDAD POR ACCIONES SIMPLIFICADA SAS,AUT MEDELLIN KM 6 COSTADO SUR PARQUE EMPRESARIAL SIBERIA ETA 4     AUT MEDELLIN KM 6 COSTADO SUR PARQUE EMPRESARIAL SIBERIA ETA 4     ,CUNDINAMARCA,TENJO-CUNDINAMARCA,Periodo Actual,136250794.0,117040254.0,19210540.0,297030.0,0.0,15394013.0,65767.0,0.0,4047790,,17403.0,2143140.0,5807197.0,,-1146243.0,,,,,-745107,392264.0,-1137371,,-1137371,2025,0.1409939673452472,0.029708377332465306,-0.008347628418224116,-3240125,0.6489731106053007,G4631,Comercio al por mayor de productos alimenticios
Plenas-Separados,"Estado de resultado integral, resultado del periodo, por funcion de gasto",900354637,2025-12-31,CASAHIDALGO CONSTRUCTORES S.A.S.,F4210 - Construcción de carreteras y vías de ferrocarril,08. SOCIEDAD POR ACCIONES SIMPLIFICADA SAS,"Avenida El Dorado # 69B - 45, Oficina 605,",BOGOTA D.C.,BOGOTA D.C.,Periodo Actual,676343976.0,542762825.0,133581151.0,2344551.0,0.0,16285054.0,7447806.0,0.0,112192842,,,36005504.0,30072530.0,,18826037.0,,,,,136951853,49351913.0,87599940,,87599940,2025,0.19750475459250635,0.1658813355055298,0.12951980517085288,-5078258,18.249997932361847,F4210,Construcción de carreteras y vías de ferrocarril
Plenas-Separados,"Estado de resultado integral, resultado del periodo, por funcion de gasto",900356846,2025-12-31,ORTIZ CONSTRUCCIONES Y PROYECTOS SA SUCURSAL COLOMBIA ORTIZ CONSTRUCCIONES Y PROYECTOS SA SUC COLOMBIA,F4290 - Construcción de otras obras de ingeniería civil,02. SUCURSAL EXTRANJERA,CL 113  7 21 OF 1213 ED TELEPORT TORRE A,BOGOTA D.C.,BOGOTA D.C.,Periodo Actual,693855077.0,490740967.0,203114110.0,14202736.0,0.0,87639268.0,13986847.0,0.0,115690731,,,79012654.0,88023722.0,,,,,,,106679663,35308548.0,71371115,,71371115,2025,0.29273275750636324,0.16673615980473686,0.10286170320837762,11560105,5.173915807858147,F4290,Construcción de otras obras de ingeniería civil
Plenas-Separados,"Estado de resultado integral, resultado del periodo, por funcion de gasto",900357889,2025-12-31,CONSALFA IMI SAS,F4290 - Construcción de otras obras de ingeniería civil,08. SOCIEDAD POR ACCIONES SIMPLIFICADA SAS,CRA 6 115 65 OF 409,BOGOTA D.C.,BOGOTA D.C.,Periodo Actual,0.0,0.0,0.0,1.0,0.0,236806.0,30408.0,0.0,-267213,0.0,0.0,110.0,1112874.0,0.0,10177734.0,0.0,0.0,,,8797757,-8408.0,8806165,,8806165,2025,,,,-6159859,2.4296049633603625,F4290,Construcción de otras obras de ingeniería civil
Plenas-Separados,"Estado de resultado integral, resultado del periodo, por funcion de gasto",900368651,2025-12-31,NTN24 SAS,J6020 - Actividades de programación y transmisión de televisión,08. SOCIEDAD POR ACCIONES SIMPLIFICADA SAS,AV AMERICAS 65 82,BOGOTA D.C.,BOGOTA D.C.,Periodo Actual,11376946.0,8643712.0,2733234.0,30293.0,392690.0,179111.0,2850.0,0.0,2188876,,,168170.0,489269.0,73031.0,122273.0,,,,,1917019,41123.0,1875896,,1875896,2025,0.24024320762355733,0.19239574486861413,0.1648857259232838,-423237,5.432258994369585,J6020,Actividades de programación y transmisión de televisión
Plenas-Separados,"Estado de resultado integral, resultado del periodo, por funcion de gasto",900369069,2025-12-31,SYNERMIN SAS,M7020 - Actividades de consultoría de gestión,08. SOCIEDAD POR ACCIONES SIMPLIFICADA SAS,CR 19 82 85 OF 402,BOGOTA D.C.,BOGOTA D.C.,Periodo Actual,13377690.0,7329355.0,6048335.0,5076.0,0.0,3856290.0,115188.0,0.0,2081933,,,775646.0,399653.0,,-201594.0,,,,,2256332,931030.0,1325302,,1325302,2025,0.4521210313589267,0.15562724207243553,0.0990680752805604,3810600,-0.6522064766703406,M7020,Actividades de consultoría de gestión
Plenas-Separados,"Estado de resultado integral, resultado del periodo, por funcion de gasto",900377085,2025-12-31,OPERACION Y MANTENIMIENTO INTEGRAL DE ACTIVOS SAS,B0910 - Actividades de apoyo para la extracción de petróleo y de gas natural,08. SOCIEDAD POR ACCIONES SIMPLIFICADA SAS,CL 99 No. 7 A 77 PISO 6 OF 601,BOGOTA D.C.,BOGOTA D.C.,Periodo Actual,387987617.0,361627316.0,26360301.0,0.0,0.0,8530577.0,328626.0,2447683.0,19948781,,,800131.0,15149527.0,11934.0,-337362.0,,,,,5250089,2435733.0,2814356,,2814356,2025,0.06794108843942821,0.05141602496040486,0.007253726347663307,6216303,-0.547262094527889,B0910,Actividades de apoyo para la extracción de petróleo y de gas natural
Plenas-Separados,"Estado de resultado integral, resultado del periodo, por funcion de gasto",900377163,2025-12-31,ATC SITIOS DE COLOMBIA SAS,"N7730 - Alquiler y arrendamiento de otros tipos de maquinaria, equipo y bienes tangibles n.c.p.",08. SOCIEDAD POR ACCIONES SIMPLIFICADA SAS,Carrera 11A # 93-35 Piso 2,BOGOTA D.C.,BOGOTA D.C.,Periodo Actual,460009889.0,120431867.0,339578022.0,0.0,0.0,122304312.0,0.0,0.0,217273710,,,35227116.0,173441889.0,,0.0,,,,,79058937,49413883.0,29645054,,29645054,2025,0.7381972216688585,0.4723239982347423,0.06444438415105463,-134470167,1.2204582225290164,N7730,"Alquiler y arrendamiento de otros tipos de maquinaria, equipo y bienes tangibles n.c.p."
Plenas-Separados,"Estado de resultado integral, resultado del periodo, por funcion de gasto",900377636,2025-12-31,IINMEVI SAS,K6494 - Otras actividades de distribución de fondos,08. SOCIEDAD POR ACCIONES SIMPLIFICADA SAS,CL 4N 1N 10 OF 1102,VALLE,CALI-VALLE,Periodo Actual,1563621.0,0.0,1563621.0,6006.0,0.0,670811.0,1190006.0,0.0,-291190,,,847270.0,1120247.0,,,,,,,-564167,61288.0,-625455,,-625455,2025,1.0,-0.18622799258899694,-0.40000422097170607,1382183,-1.4525124386568204,K6494,Otras actividades de distribución de fondos
Plenas-Separados,"Estado de resultado integral, resultado del periodo, por funcion de gasto",900386417,2025-12-31,IDEMIA COLOMBIA SAS,C1811 - Actividades de impresión,08. SOCIEDAD POR ACCIONES SIMPLIFICADA SAS,CALLE 15 No. 32-234 ACOPI,VALLE,YUMBO-VALLE,Periodo Actual,448948332.0,389055816.0,59892516.0,1632545.0,10310897.0,9059071.0,167172.0,0.0,41987921,,,714411.0,3546770.0,,,,,,,39155562,13375263.0,25780299,,25780299,2025,0.13340625575595189,0.0935250629241674,0.057423754945591376,29532095,-0.12704130878625441,C1811,Actividades de impresión
Plenas-Separados,"Estado de resultado integral, resultado del periodo, por funcion de gasto",900386657,2025-12-31,GRUPO MAGNETRON S.A.S,N8299 - Otras actividades de servicio de apoyo a las empresas n.c.p.,08. SOCIEDAD POR ACCIONES SIMPLIFICADA SAS,KM 9 VIA PEREIRA CARTAGO,RISARALDA,PEREIRA-RISARALDA,Periodo Actual,0.0,0.0,0.0,5339.0,0.0,681107.0,0.0,0.0,-675768,,,,15608.0,,115816618.0,,,,,115125242,162015.0,114963227,,114963227,2025,,,,194814763,-0.4098844192829473,N8299,Otras actividades de servicio de apoyo a las empresas n.c.p.
Plenas-Separados,"Estado de resultado integral, resultado del periodo, por funcion de gasto",900387441,2025-12-31,QUORUM INVERSIONES SAS,A0126 - Cultivo de palma para aceite (palma africana) y otros frutos oleaginosos,08. SOCIEDAD POR ACCIONES SIMPLIFICADA SAS,CLL 126A 7C 87,BOGOTA D.C.,BOGOTA D.C.,Periodo Actual,6993866.0,5914520.0,1079346.0,4382280.0,45116.0,518122.0,60584.0,0.0,4837804,,,325045.0,860068.0,,,,,,,4302781,572888.0,3729893,,3729893,2025,0.15432752071601027,0.6917210023755102,0.5333091883659196,7402835,-0.49615343311042326,A0126,Cultivo de palma para aceite (palma africana) y otros frutos oleaginosos
Plenas-Separados,"Estado de resultado integral, resultado del periodo, por funcion de gasto",900388600,2025-12-31,CLARIOS ANDINA SAS,"C2720 - Fabricación de pilas, baterías y acumuladores eléctricos",08. SOCIEDAD POR ACCIONES SIMPLIFICADA SAS,CARRERA 35 No. 10 - 300,VALLE,YUMBO-VALLE,Periodo Actual,673673515.0,521409910.0,152263605.0,15272413.0,46122493.0,13527041.0,33465368.0,0.0,74421116,,,3622445.0,294137.0,,3276942.0,,,,,81026366,28954309.0,52072057,,52072057,2025,0.22601987700228945,0.1104705979126996,0.07729568676898334,71092990,-0.2675500495899807,C2720,"Fabricación de pilas, baterías y acumuladores eléctricos"
Plenas-Separados,"Estado de resultado integral, resultado del periodo, por funcion de gasto",900390141,2025-12-31,CI COLOMBIA PARADISE SAS,G4631 - Comercio al por mayor de productos alimenticios,08. SOCIEDAD POR ACCIONES SIMPLIFICADA SAS,VDA SUBIA VIA LA LADRILLERA LT N DOS,CUNDINAMARCA,SILVANIA-CUNDINAMARCA,Periodo Actual,42345712.0,39746255.0,2599457.0,1877722.0,0.0,4041506.0,1396804.0,0.0,-961131,,,1236065.0,4754403.0,,,,,,,-4479469,,-4479469,,-4479469,2025,0.06138654605689473,-0.02269724500086337,-0.10578329631108813,745007,-7.012653572382542,G4631,Comercio al por mayor de productos alimenticios
Plenas-Separados,"Estado de resultado integral, resultado del periodo, por funcion de gasto",900390429,2025-12-31,PROMOTORA INTERVIVIENDA S.A.S.,L6820 - Actividades inmobiliarias realizadas a cambio de una retribución o por contrata,08. SOCIEDAD POR ACCIONES SIMPLIFICADA SAS,CL 5A 39 194 OF 501,ANTIOQUIA,MEDELLIN-ANTIOQUIA,Periodo Actual,0.0,0.0,0.0,0.0,0.0,75982.0,0.0,0.0,-75982,,,10.0,18266.0,,32876444.0,,,,,32782206,-39178.0,32821384,,32821384,2025,,,,38566412,-0.14896454458869546,L6820,Actividades inmobiliarias realizadas a cambio de una retribución o por contrata
Plenas-Separados,"Estado de resultado integral, resultado del periodo, por funcion de gasto",900391740,2025-12-31,COMERCIAL LUX S.A.S,N8299 - Otras actividades de servicio de apoyo a las empresas n.c.p.,08. SOCIEDAD POR ACCIONES SIMPLIFICADA SAS,CALLE 52 47 42 PISO 33,ANTIOQUIA,MEDELLIN-ANTIOQUIA,Periodo Actual,70478422.0,0.0,70478422.0,43708.0,66583379.0,845475.0,0.0,0.0,3093276,,,132703.0,7295475.0,,-18113123.0,,,,,-22182619,-935.0,-22181684,,-22181684,2025,1.0,0.04388968867662786,-0.31473014534860044,-18289604,-0.21280285784208341,N8299,Otras actividades de servicio de apoyo a las empresas n.c.p.
Plenas-Separados,"Estado de resultado integral, resultado del periodo, por funcion de gasto",900392211,2025-12-31,CAFE DE SANTA BARBARA SAS,G4620 - Comercio al por mayor de materias primas agropecuarias; animales vivos,08. SOCIEDAD POR ACCIONES SIMPLIFICADA SAS,CALLE 17 43 F 235,ANTIOQUIA,MEDELLIN-ANTIOQUIA,Periodo Actual,122153772.0,78767725.0,43386047.0,3158579.0,25992254.0,8011765.0,5054420.0,0.0,7486187,,,1957203.0,3226104.0,,,,,,,6217286,2337375.0,3879911,,3879911,2025,0.3551756633434128,0.06128494337448703,0.03176251487346621,0,,G4620,Comercio al por mayor de materias primas agropecuarias; animales vivos
Plenas-Separados,"Estado de resultado integral, resultado del periodo, por funcion de gasto",900394081,2025-12-31,GRUPO ELEDÉ S.A.S,"K6499 - Otras actividades de servicio financiero, excepto las de seguros y pensiones n.c.p.",08. SOCIEDAD POR ACCIONES SIMPLIFICADA SAS,KM 17 VIA LAS PALMAS MALL INDIANA OF 263,ANTIOQUIA,LA-ESTRELLA-ANTIOQUIA,Periodo Actual,41855807.0,0.0,41855807.0,5820.0,0.0,550212.0,74.0,0.0,41311341,,,31472.0,1150848.0,,,,,,,40191965,-497640.0,40689605,,40689605,2025,1.0,0.9869918647130612,0.9721376295528121,25789411,0.577764028810119,K6499,"Otras actividades de servicio financiero, excepto las de seguros y pensiones n.c.p."
Plenas-Separados,"Estado de resultado integral, resultado del periodo, por funcion de gasto",900397334,2025-12-31,HIDALGO E HIDALGO S A SUCURSAL COLOMBIA,F4210 - Construcción de carreteras y vías de ferrocarril,02. SUCURSAL EXTRANJERA,AV DORADO  69B 45 OF 605,BOGOTA D.C.,BOGOTA D.C.,Periodo Actual,19558185.0,15113388.0,4444797.0,92086.0,0.0,185086.0,412331.0,0.0,3939466,,,2986791.0,9764338.0,,54799513.0,,,,,51961432,,51961432,,51961432,2025,0.22726019822391494,0.20142288254252633,2.6567614530693926,38537899,0.3483203119090639,F4210,Construcción de carreteras y vías de ferrocarril
Plenas-Separados,"Estado de resultado integral, resultado del periodo, por funcion de gasto",900401714,2025-12-31,OPEN INTELLIGENCE SAS,"J6201 - Actividades de desarrollo de sistemas informáticos (planificación, análisis, diseño, programación, pruebas)",08. SOCIEDAD POR ACCIONES SIMPLIFICADA SAS,CRA 103 No. 16 -  20,VALLE,CALI-VALLE,Periodo Actual,86526142.0,63576381.0,22949761.0,229188.0,12183705.0,7524734.0,1344190.0,0.0,2126320,,,2789579.0,2526893.0,2138477.0,935016.0,,,,,1185545,633076.0,552469,,552469,2025,0.26523499684060803,0.024574307265427368,0.0063849951844611305,-1905266,1.2899694845759069,J6201,"Actividades de desarrollo de sistemas informáticos (planificación, análisis, diseño, programación, pruebas)"
Plenas-Separados,"Estado de resultado integral, resultado del periodo, por funcion de gasto",900402331,2025-12-31,MS TIMBERLAN HOLDINGS LIMITED,A0240 - Servicios de apoyo a la silvicultura,02. SUCURSAL EXTRANJERA,CRA 43 A 5A 113 TORRE SUR PISO 14,ANTIOQUIA,MEDELLIN-ANTIOQUIA,Periodo Actual,13630101.0,10415992.0,3214109.0,0.0,0.0,2293281.0,59935.0,4126360.0,4987253,0.0,0.0,22689.0,0.0,0.0,11971878.0,0.0,0.0,0.0,0.0,16981820,346562.0,16635258,0.0,16635258,2025,0.2358096245948581,0.36589992986845804,1.220479437386414,-37633051,1.4420385155591025,A0240,Servicios de apoyo a la silvicultura
Plenas-Separados,"Estado de resultado integral, resultado del periodo, por funcion de gasto",900406794,2025-12-31,TAQ INVERSIONE SAS,L6810 - Actividades inmobiliarias realizadas con bienes propios o arrendados,08. SOCIEDAD POR ACCIONES SIMPLIFICADA SAS,TV 93 N 51 98 ED 3,BOGOTA D.C.,BOGOTA D.C.,Periodo Actual,3334739.0,0.0,3334739.0,395633.0,0.0,2806772.0,619783.0,134818.0,438635,,,25353.0,909.0,,-1029088.0,,,,,-566009,-937992.0,371983,,371983,2025,1.0,0.13153503167714176,0.11154786026732527,18120925,-0.9794721847808542,L6810,Actividades inmobiliarias realizadas con bienes propios o arrendados
Plenas-Separados,"Estado de resultado integral, resultado del periodo, por funcion de gasto",900410260,2025-12-31,NOVUS CIVITAS SUCURSAL COLOMBIA,F4111 - Construcción de edificios residenciales,02. SUCURSAL EXTRANJERA,VIA AL MAR KM 8 SERENA DEL MAR,BOLIVAR,CARTAGENA-BOLIVAR,Periodo Actual,4992736.0,422180.0,4570556.0,88635.0,0.0,4114779.0,341990.0,0.0,202422,,,389296.0,1105820.0,,2887847.0,,,,,2373745,213102.0,2160643,,2160643,2025,0.9154411529069432,0.04054330130814047,0.43275730981970606,-4564904,1.473316196791871,F4111,Construcción de edificios residenciales
Plenas-Separados,"Estado de resultado integral, resultado del periodo, por funcion de gasto",900411117,2025-12-31,Sentido Empresarial S.A.S.,"K6499 - Otras actividades de servicio financiero, excepto las de seguros y pensiones n.c.p.",08. SOCIEDAD POR ACCIONES SIMPLIFICADA SAS,Avenida El Dorado No. 68 B -31,BOGOTA D.C.,BOGOTA D.C.,Periodo Actual,0.0,0.0,0.0,538505.0,0.0,293468.0,4.0,0.0,245033,,,1488057.0,2020995.0,,-3986181.0,,,,,-4274086,,-4274086,,-4274086,2025,,,,-6936547,0.3838308887692969,K6499,"Otras actividades de servicio financiero, excepto las de seguros y pensiones n.c.p."
Plenas-Separados,"Estado de resultado integral, resultado del periodo, por funcion de gasto",900411315,2025-12-31,MOTA- ENGIL COLOMBIA S.A.S,F4220 - Construcción de proyectos de servicio público,08. SOCIEDAD POR ACCIONES SIMPLIFICADA SAS,Calle 81 11 08 Edificio Empresarial 8111. Piso 9,BOGOTA D.C.,BOGOTA D.C.,Periodo Actual,99295206.0,97248391.0,2046815.0,0.0,0.0,17698430.0,2582992.0,4014530.0,-14220077,0.0,0.0,6551308.0,0.0,0.0,0.0,0.0,0.0,0.0,0.0,-7668769,-2440038.0,-5228731,0.0,-5228731,2025,0.020613432233576312,-0.143210106236146,-0.052658443550638284,-18187075,0.7125029175939507,F4220,Construcción de proyectos de servicio público
Plenas-Separados,"Estado de resultado integral, resultado del periodo, por funcion de gasto",900418536,2025-12-31,SUMAS CONSTRUCCIONES S.A.S.,F4111 - Construcción de edificios residenciales,08. SOCIEDAD POR ACCIONES SIMPLIFICADA SAS,Cra 27 No. 29-145 of 1408,SANTANDER,FLORIDABLANCA-SANTANDER,Periodo Actual,150352.0,809042.0,-658690.0,60485.0,0.0,104834.0,15173.0,0.0,-718212,,,,194701.0,,,,,,,-912913,1116.0,-914029,,-914029,2025,-4.380985952963711,-4.776870277748218,-6.079260668298393,2729,-335.93184316599485,F4111,Construcción de edificios residenciales
Plenas-Separados,"Estado de resultado integral, resultado del periodo, por funcion de gasto",900422614,2025-12-31,EXPERIAN COLOMBIA SA,"J6311 - Procesamiento de datos, alojamiento (hosting) y actividades relacionadas",01. SOCIEDAD ANÓNIMA,CRA 7 NO. 76-35 PISO 10,BOGOTA D.C.,BOGOTA D.C.,Periodo Actual,369778002.0,0.0,369778002.0,4919502.0,0.0,244170695.0,74351268.0,0.0,56175541,0.0,0.0,0.0,25644904.0,0.0,-505763.0,0.0,0.0,0.0,0.0,30024874,20426582.0,9598292,0.0,9598292,2025,1.0,0.15191693582680996,0.025956903731661138,1921370,3.995545886528883,J6311,"Procesamiento de datos, alojamiento (hosting) y actividades relacionadas"
Plenas-Separados,"Estado de resultado integral, resultado del periodo, por funcion de gasto",900425482,2025-12-31,PEPA SAS,"M7490 - Otras actividades profesionales, científicas y técnicas n.c.p.",08. SOCIEDAD POR ACCIONES SIMPLIFICADA SAS,KM 5 VIA CAJICA TABIO,CUNDINAMARCA,CAJICA-CUNDINAMARCA,Periodo Actual,0.0,0.0,0.0,0.0,0.0,2270486.0,0.0,-1138884.0,-3409370,,,,9627644.0,,13605031.0,,,,,568017,226679.0,341338,,341338,2025,,,,1588091,-0.7850639541436857,M7490,"Otras actividades profesionales, científicas y técnicas n.c.p."
Plenas-Separados,"Estado de resultado integral, resultado del periodo, por funcion de gasto",900430148,2025-12-31,Goddard Catering Group Colombia S.A.S.,I5629 - Actividades de otros servicios de comidas,08. SOCIEDAD POR ACCIONES SIMPLIFICADA SAS,CRA 48  20-114 OFC 719 TO 2,ANTIOQUIA,MEDELLIN-ANTIOQUIA,Periodo Actual,54415049.0,13366202.0,41048847.0,158896.0,0.0,30563687.0,524093.0,0.0,10119963,,,,436678.0,,,,,,,9683285,1339545.0,8343740,,8343740,2025,0.7543657086479881,0.18597728360035107,0.15333515550082477,3094115,1.6966483146230829,I5629,Actividades de otros servicios de comidas
Plenas-Separados,"Estado de resultado integral, resultado del periodo, por funcion de gasto",900434331,2025-12-31,MINERALES CORDOBA SAS,N8211 - Actividades combinadas de servicios administrativos de oficina,08. SOCIEDAD POR ACCIONES SIMPLIFICADA SAS,CARRERA 42 5 SUR 47 PISO 18 EDIFICIO SELF,ANTIOQUIA,MEDELLIN-ANTIOQUIA,Periodo Actual,27473857.0,0.0,27473857.0,3285684.0,0.0,30291925.0,1835332.0,0.0,-1367716,,,2380580.0,,,-23362709.0,,,,,-22349845,,-22349845,,-22349845,2025,1.0,-0.04978245318813445,-0.8134949890727028,-49703116,0.5503331219716687,N8211,Actividades combinadas de servicios administrativos de oficina
Plenas-Separados,"Estado de resultado integral, resultado del periodo, por funcion de gasto",900439474,2025-12-31,AVENIDA CAPITAL DE COLOMBIA SAS,M7020 - Actividades de consultoría de gestión,08. SOCIEDAD POR ACCIONES SIMPLIFICADA SAS,Cll 97 A N 8 10 Of 202,BOGOTA D.C.,BOGOTA D.C.,Periodo Actual,1185008.0,225179.0,959829.0,6342.0,0.0,886683.0,5079.0,-6377401.0,-6302992,,,76768.0,288223.0,,,,,,,-6514447,,-6514447,,-6514447,2025,0.8099768102831373,-5.3189446822299935,-5.497386515534072,-10087322,0.3541946018973123,M7020,Actividades de consultoría de gestión
Plenas-Separados,"Estado de resultado integral, resultado del periodo, por funcion de gasto",900439672,2025-12-31,ACTUAL COLOMBIA INMOBILIARIA SAS,F4111 - Construcción de edificios residenciales,08. SOCIEDAD POR ACCIONES SIMPLIFICADA SAS,AV CR 7 NO. 156 10 ED NORTH POINT TO KRYSTAL OF 2004,BOGOTA D.C.,BOGOTA D.C.,Periodo Actual,80008956.0,60700558.0,19308398.0,926876.0,0.0,7142438.0,344265.0,0.0,12748571,,,83299.0,,,-93134.0,,,,,12738736,497313.0,12241423,,12241423,2025,0.2413279583350644,0.15933929946542486,0.1530006590762164,3565815,2.432994420630347,F4111,Construcción de edificios residenciales
Plenas-Separados,"Estado de resultado integral, resultado del periodo, por funcion de gasto",900443255,2025-12-31,GRUPO TRINITY SAS,M7010 - Actividades de administración empresarial,08. SOCIEDAD POR ACCIONES SIMPLIFICADA SAS,AV CALLE 82 10 33 OF 903,BOGOTA D.C.,BOGOTA D.C.,Periodo Actual,5986345.0,0.0,5986345.0,0.0,0.0,7803655.0,783450.0,0.0,-2600760,,-2219529.0,,,,-48632015.0,,,,,-53452304,-2412640.0,-51039664,,-51039664,2025,1.0,-0.4344487329079764,-8.526014454562842,-47028172,-0.0852997645751572,M7010,Actividades de administración empresarial
Plenas-Separados,"Estado de resultado integral, resultado del periodo, por funcion de gasto",900443742,2025-12-31,GORTARD CAPITAL SAS,"K6499 - Otras actividades de servicio financiero, excepto las de seguros y pensiones n.c.p.",08. SOCIEDAD POR ACCIONES SIMPLIFICADA SAS,CRA 63 #14-75,BOGOTA D.C.,BOGOTA D.C.,Periodo Actual,3053396.0,0.0,3053396.0,300000.0,0.0,70908.0,90743.0,0.0,3191745,,,1148.0,987.0,,,,,,,3191906,93042.0,3098864,,3098864,2025,1.0,1.0453098779195362,1.0148909607532073,7915827,-0.6085230260843245,K6499,"Otras actividades de servicio financiero, excepto las de seguros y pensiones n.c.p."
Plenas-Separados,"Estado de resultado integral, resultado del periodo, por funcion de gasto",900443757,2025-12-31,FORANO GROUP SAS,"K6499 - Otras actividades de servicio financiero, excepto las de seguros y pensiones n.c.p.",08. SOCIEDAD POR ACCIONES SIMPLIFICADA SAS,CARRERA 63 # 14-75,BOGOTA D.C.,BOGOTA D.C.,Periodo Actual,4227391.0,0.0,4227391.0,0.0,0.0,124421.0,0.0,0.0,4102970,,,1107.0,986.0,,,,,,,4103091,-27.0,4103118,,4103118,2025,1.0,0.9705678987347042,0.9706029085078717,7867581,-0.4784778192941388,K6499,"Otras actividades de servicio financiero, excepto las de seguros y pensiones n.c.p."
Plenas-Separados,"Estado de resultado integral, resultado del periodo, por funcion de gasto",900444197,2025-12-31,DOSTEY FINANCIAL SAS,"K6499 - Otras actividades de servicio financiero, excepto las de seguros y pensiones n.c.p.",08. SOCIEDAD POR ACCIONES SIMPLIFICADA SAS,CARRERA 63 #14-75,BOGOTA D.C.,BOGOTA D.C.,Periodo Actual,4220426.0,0.0,4220426.0,0.0,0.0,72841.0,0.0,0.0,4147585,,,1080.0,144.0,,,,,,,4148521,92331.0,4056190,,4056190,2025,1.0,0.9827408418012779,0.961085444929019,5127581,-0.20894667485506324,K6499,"Otras actividades de servicio financiero, excepto las de seguros y pensiones n.c.p."
Plenas-Separados,"Estado de resultado integral, resultado del periodo, por funcion de gasto",900449442,2025-12-31,ORGANIZACION S&V SAS,M7010 - Actividades de administración empresarial,08. SOCIEDAD POR ACCIONES SIMPLIFICADA SAS,CR 86 N 51 66 OF 204,BOGOTA D.C.,BOGOTA D.C.,Periodo Actual,1725197.0,246180.0,1479017.0,2176666.0,0.0,909129.0,42632.0,0.0,2703922,,,,,,-1037286.0,,,,,1666636,200811.0,1465825,,1465825,2025,0.8573032529038712,1.5673120229168032,0.8496565899430616,-603787,3.427718715374793,M7010,Actividades de administración empresarial
Plenas-Separados,"Estado de resultado integral, resultado del periodo, por funcion de gasto",900451597,2025-12-31,EMPRESA DE INVERSIONES INMOBILIARIAS VENDOME SUCURSAL COLOMBIA,L6810 - Actividades inmobiliarias realizadas con bienes propios o arrendados,02. SUCURSAL EXTRANJERA,CL 81 11 68 OF 716,BOGOTA D.C.,BOGOTA D.C.,Periodo Actual,0.0,0.0,0.0,0.0,0.0,19318.0,45655.0,0.0,-64973,,,,,,-2769124.0,,,,,-2834097,,-2834097,,-2834097,2025,,,,-2683576,-0.05608971014795184,L6810,Actividades inmobiliarias realizadas con bienes propios o arrendados
Plenas-Separados,"Estado de resultado integral, resultado del periodo, por funcion de gasto",900452868,2025-12-31,2MYW SAS,G4772 - Comercio al por menor de todo tipo de calzado y artículos de cuero y sucedáneos del cuero en establecimientos especializados,08. SOCIEDAD POR ACCIONES SIMPLIFICADA SAS,CR 23 13 40,VALLE,YUMBO-VALLE,Periodo Actual,27392833.0,11668689.0,15724144.0,0.0,13557534.0,1581888.0,0.0,0.0,584722,,,154673.0,628039.0,,,,,,,111356,84794.0,26562,,26562,2025,0.5740240156978287,0.021345802385609403,0.0009696696942590787,585616,-0.9546426327149532,G4772,Comercio al por menor de todo tipo de calzado y artículos de cuero y sucedáneos del cuero en establecimientos especializados
Plenas-Separados,"Estado de resultado integral, resultado del periodo, por funcion de gasto",900454277,2025-12-31,FINANZA INVERSIONES SAS,"K6499 - Otras actividades de servicio financiero, excepto las de seguros y pensiones n.c.p.",08. SOCIEDAD POR ACCIONES SIMPLIFICADA SAS,CRA 7 76 35,BOGOTA D.C.,BOGOTA D.C.,Periodo Actual,678945.0,0.0,678945.0,2963.0,0.0,74192055.0,4186371.0,2963.0,-77693555,,,,,,18430729.0,,,,,-59262826,,-59262826,,-59262826,2025,1.0,-114.43276701352835,-87.2866373564869,-7270772,-7.150829925625504,K6499,"Otras actividades de servicio financiero, excepto las de seguros y pensiones n.c.p."
Plenas-Separados,"Estado de resultado integral, resultado del periodo, por funcion de gasto",900459993,2025-12-31,GRUPO ETHUSS S.A.S,M7010 - Actividades de administración empresarial,08. SOCIEDAD POR ACCIONES SIMPLIFICADA SAS,CL 100 9A 45 OF 501 TO 2,BOGOTA D.C.,BOGOTA D.C.,Periodo Actual,103155049.0,3793755.0,99361294.0,46487.0,0.0,169151.0,187837.0,0.0,99050793,,,625002.0,1518.0,,,,,,,99674277,91996.0,99582281,,99582281,2025,0.9632227890270305,0.9602127473178749,0.9653650690428154,51069208,0.9499476279326674,M7010,Actividades de administración empresarial
Plenas-Separados,"Estado de resultado integral, resultado del periodo, por funcion de gasto",900462511,2025-12-31,British American Tobacco Colombia SAS,G4632 - Comercio al por mayor de bebidas y tabaco,08. SOCIEDAD POR ACCIONES SIMPLIFICADA SAS,Avenida Carrera 72 No. 80-94 piso 9,BOGOTA D.C.,BOGOTA D.C.,Periodo Actual,821845511.0,275516275.0,546329236.0,43640062.0,354827660.0,92505135.0,2674987.0,0.0,139961516,,,13643747.0,36267884.0,,,,,,,117337379,39037116.0,78300263,,78300263,2025,0.6647590437468485,0.17030149112781368,0.0952737004120474,66789031,0.17235213369093497,G4632,Comercio al por mayor de bebidas y tabaco
Plenas-Separados,"Estado de resultado integral, resultado del periodo, por funcion de gasto",900470460,2025-12-31,PROMOTORES PROMOTORES DEL CARIBE S A S,F4111 - Construcción de edificios residenciales,08. SOCIEDAD POR ACCIONES SIMPLIFICADA SAS,CRA 54 A 127 A 45,BOGOTA D.C.,BOGOTA D.C.,Periodo Actual,8275.0,0.0,8275.0,10390.0,0.0,42591.0,63360.0,0.0,-87286,,,38.0,198.0,,,,,,,-87446,49569.0,-137015,,-137015,2025,1.0,-10.548157099697885,-16.557703927492447,102845,-2.3322475570032575,F4111,Construcción de edificios residenciales
Plenas-Separados,"Estado de resultado integral, resultado del periodo, por funcion de gasto",900477331,2025-12-31,SOCIEDAD DE INVERSIONES LAS MORELIA S.A.S,K6619 - Otras actividades auxiliares de las actividades de servicios financieros n.c.p.,08. SOCIEDAD POR ACCIONES SIMPLIFICADA SAS,CL 98 9 03 OF 707,BOGOTA D.C.,BOGOTA D.C.,Periodo Actual,1481449.0,0.0,1481449.0,140119.0,0.0,1594599.0,91047.0,0.0,-64078,,,,,,,,,,,-64078,26539.0,-90617,,-90617,2025,1.0,-0.0432535983351435,-0.06116781610436809,307350,-1.294833251992842,K6619,Otras actividades auxiliares de las actividades de servicios financieros n.c.p.
Plenas-Separados,"Estado de resultado integral, resultado del periodo, por funcion de gasto",900479595,2025-12-31,GRUPO GRAL SAS,M7010 - Actividades de administración empresarial,08. SOCIEDAD POR ACCIONES SIMPLIFICADA SAS,VDA VUELTA GRANDE A 150 M GT SIBERIA VIA COTA COMPLEJO LOG INDUSTRIAL SIBERIA BG 23 24,CUNDINAMARCA,COTA-CUNDINAMARCA,Periodo Actual,6137990.0,0.0,6137990.0,0.0,66468.0,72.0,0.0,0.0,6071450,,,,3.0,,,,,,,6071447,10119.0,6061328,,6061328,2025,1.0,0.9891593176267801,0.9875102435813679,8538610,-0.2901270815741672,M7010,Actividades de administración empresarial
Plenas-Separados,"Estado de resultado integral, resultado del periodo, por funcion de gasto",900481586,2025-12-31,CORLANC S.A.S,"C2022 - Fabricación de pinturas, barnices y revestimientos similares, tintas para impresión y masillas",08. SOCIEDAD POR ACCIONES SIMPLIFICADA SAS,CR 48 NO 72 SUR 01,ANTIOQUIA,SABANETA-ANTIOQUIA,Periodo Actual,117567126.0,72260889.0,45306237.0,0.0,19075072.0,5035427.0,1154702.0,622238.0,20663274,,,2370411.0,65274.0,,,,-1413484.0,,,21554927,7977739.0,13577188,,13577188,2025,0.3853648425496086,0.17575724356824032,0.11548456156017627,13583160,-0.00043966205212925415,C2022,"Fabricación de pinturas, barnices y revestimientos similares, tintas para impresión y masillas"
Plenas-Separados,"Estado de resultado integral, resultado del periodo, por funcion de gasto",900485960,2025-12-31,SM PROYECTOS S.A.S,L6810 - Actividades inmobiliarias realizadas con bienes propios o arrendados,08. SOCIEDAD POR ACCIONES SIMPLIFICADA SAS,CR 43A 19-17 OF 1006 BR EL POBLADO,ANTIOQUIA,APARTADO-ANTIOQUIA,Periodo Actual,179561.0,0.0,179561.0,113606.0,0.0,411023.0,13.0,284053.0,166184,,,1210115.0,48951.0,,-1748826.0,,,,,-421478,416379.0,-837857,,-837857,2025,1.0,0.92550164011116,-4.666141311309248,2911007,-1.2878237668270809,L6810,Actividades inmobiliarias realizadas con bienes propios o arrendados
Plenas-Separados,"Estado de resultado integral, resultado del periodo, por funcion de gasto",900486584,2025-12-31,SION GRUPO SAS,M7010 - Actividades de administración empresarial,08. SOCIEDAD POR ACCIONES SIMPLIFICADA SAS,CALLE 44 A N 4 N 126,VALLE,CALI-VALLE,Periodo Actual,0.0,0.0,0.0,6499.0,0.0,222841.0,31305.0,0.0,-247647,,,3578570.0,9205979.0,,126862259.0,,,,,120987203,-1844500.0,122831703,,122831703,2025,,,,61779606,0.9882241236695488,M7010,Actividades de administración empresarial
Plenas-Separados,"Estado de resultado integral, resultado del periodo, por funcion de gasto",900488587,2025-12-31,CELSIA COLOMBIA INVERSIONES S.A.S.,M7020 - Actividades de consultoría de gestión,08. SOCIEDAD POR ACCIONES SIMPLIFICADA SAS,CL 15 29 B 30 AUT CALI YUMBO,VALLE,YUMBO-VALLE,Periodo Actual,0.0,0.0,0.0,0.0,0.0,108414.0,797231.0,0.0,-905645,,,206624.0,540343.0,,,,,,,-1239364,3506.0,-1242870,,-1242870,2025,,,,16886861,-1.073599824147306,M7020,Actividades de consultoría de gestión
Plenas-Separados,"Estado de resultado integral, resultado del periodo, por funcion de gasto",900490623,2025-12-31,Nixus Capital Humano S.A.S,M7020 - Actividades de consultoría de gestión,08. SOCIEDAD POR ACCIONES SIMPLIFICADA SAS,CARRERA 9 24 38,BOGOTA D.C.,BOGOTA D.C.,Periodo Actual,27464534.0,11228655.0,16235879.0,4074680.0,0.0,16298305.0,521642.0,0.0,3490612,,,714321.0,201355.0,,,,,,,4003578,295541.0,3708037,,3708037,2025,0.5911580003505612,0.12709525674092995,0.13501183016613352,4885307,-0.2409817847680811,M7020,Actividades de consultoría de gestión
Plenas-Separados,"Estado de resultado integral, resultado del periodo, por funcion de gasto",900493698,2025-12-31,GEOPARK COLOMBIA SAS,B0610 - Extracción de petróleo crudo,08. SOCIEDAD POR ACCIONES SIMPLIFICADA SAS,CL 94 a # 11a 27 OFC 402,BOGOTA D.C.,BOGOTA D.C.,Periodo Actual,1754788284.0,896595234.0,858193050.0,0.0,59406530.0,166934837.0,9206650.0,14065398.0,636710431,,,,225081618.0,,,,,,,411628813,64927088.0,346701725,,346701725,2025,0.48905788682596424,0.36284173812047177,0.19757467505407622,364240176,-0.048150786639198195,B0610,Extracción de petróleo crudo
Plenas-Separados,"Estado de resultado integral, resultado del periodo, por funcion de gasto",900495930,2025-12-31,MORPHO TRAVEL COLOMBIA S.A.S,"G4711 - Comercio al por menor en establecimientos no especializados con surtido compuesto principalmente por alimentos, bebidas (alcohólicas y no alcohólicas) o tabaco",08. SOCIEDAD POR ACCIONES SIMPLIFICADA SAS,CALLE 23 # 116 - 31 BG 16,BOGOTA D.C.,BOGOTA D.C.,Periodo Actual,57835310.0,22527858.0,35307452.0,426215.0,0.0,30968078.0,0.0,13926.0,4779515,,,373421.0,2789578.0,,,,,,,2363358,1112440.0,1250918,,1250918,2025,0.610482627308473,0.08264008613423184,0.021628966802460296,1274235,-0.01829882243071333,G4711,"Comercio al por menor en establecimientos no especializados con surtido compuesto principalmente por alimentos, bebidas (alcohólicas y no alcohólicas) o tabaco"
Plenas-Separados,"Estado de resultado integral, resultado del periodo, por funcion de gasto",900497538,2025-12-31,CPNS SAS,C1040 - Elaboración de productos lácteos,08. SOCIEDAD POR ACCIONES SIMPLIFICADA SAS,KILOMETRO 5 VIA CAJICA TABIO,CUNDINAMARCA,CAJICA-CUNDINAMARCA,Periodo Actual,101206573.0,71260587.0,29945986.0,0.0,0.0,2918214.0,21394297.0,-1554987.0,4078488,,,,1647167.0,,1163556.0,,,,,3594877,2234367.0,1360510,,1360510,2025,0.29588973435549487,0.04029864740109321,0.013442901579129647,11046648,-0.8768395625532741,C1040,Elaboración de productos lácteos
Plenas-Separados,"Estado de resultado integral, resultado del periodo, por funcion de gasto",900497730,2025-12-31,ELAWA SAS,F4290 - Construcción de otras obras de ingeniería civil,08. SOCIEDAD POR ACCIONES SIMPLIFICADA SAS,Cl 100 No. 7 33 To 1 P 19,BOGOTA D.C.,BOGOTA D.C.,Periodo Actual,15359325.0,12173069.0,3186256.0,260545.0,17116.0,2607530.0,264678.0,0.0,557477,,,99495.0,240863.0,,,,,,,416109,282196.0,133913,,133913,2025,0.2074476580188257,0.03629567054541785,0.00871867741583696,163873,-0.18282450434177686,F4290,Construcción de otras obras de ingeniería civil
Plenas-Separados,"Estado de resultado integral, resultado del periodo, por funcion de gasto",900497754,2025-12-31,CONSTRUCCIONES ZABDI SAS,F4111 - Construcción de edificios residenciales,08. SOCIEDAD POR ACCIONES SIMPLIFICADA SAS,CARRERA 26 # 36 - 14 OFICINA 701,SANTANDER,BUCARAMANGA-SANTANDER,Periodo Actual,21415461.0,16435517.0,4979944.0,475243.0,203919.0,581230.0,629893.0,0.0,4040145,0.0,0.0,0.0,1452740.0,0.0,,-451.0,0.0,0.0,0.0,2586954,265474.0,2321480,0.0,2321480,2025,0.23253965908088553,0.18865552322221782,0.10840205587916132,1910497,0.21511836972264284,F4111,Construcción de edificios residenciales
Plenas-Separados,"Estado de resultado integral, resultado del periodo, por funcion de gasto",900498388,2025-12-31,moyua inmobiliaria colombia sas,F4111 - Construcción de edificios residenciales,08. SOCIEDAD POR ACCIONES SIMPLIFICADA SAS,calle 146 7-64 ofi 505,BOGOTA D.C.,BOGOTA D.C.,Periodo Actual,25000.0,0.0,25000.0,31.0,0.0,532516.0,3382509.0,0.0,-3889994,,,11486.0,116330.0,,,,,,,-3994838,,-3994838,,-3994838,2025,1.0,-155.59976,-159.79352,-200442,-18.930144380918172,F4111,Construcción de edificios residenciales
Plenas-Separados,"Estado de resultado integral, resultado del periodo, por funcion de gasto",900499032,2025-12-31,STECKERL ACEROS SAS,"G4663 - Comercio al por mayor de materiales de construcción, artículos de ferretería, pinturas, productos de vidrio, equipo y materiales de fontanería y calefacción",08. SOCIEDAD POR ACCIONES SIMPLIFICADA SAS,KM 114 CRT LA CORDIALIDAD KM 3 CRV BARRANQUILLA,ATLANTICO,GALAPA-ATLANTICO,Periodo Actual,639997439.0,559543832.0,80453607.0,4497866.0,47331374.0,6023939.0,1063462.0,58360.0,30591058,,,4057264.0,23663940.0,,6254144.0,,,,,17238526,6844549.0,10393977,,10393977,2025,0.12570926397097662,0.04779871939456308,0.016240654050492225,17003861,-0.38872841879853054,G4663,"Comercio al por mayor de materiales de construcción, artículos de ferretería, pinturas, productos de vidrio, equipo y materiales de fontanería y calefacción"
Plenas-Separados,"Estado de resultado integral, resultado del periodo, por funcion de gasto",900503112,2025-12-31,Inversiones Vista Hermosa S.A.S.,"M7490 - Otras actividades profesionales, científicas y técnicas n.c.p.",08. SOCIEDAD POR ACCIONES SIMPLIFICADA SAS,Carrera 13 26 A 47 P 26,BOGOTA D.C.,BOGOTA D.C.,Periodo Actual,0.0,0.0,0.0,1.0,0.0,71692.0,10.0,0.0,-71701,,,15064.0,5.0,,-27223354.0,,,,,-27279996,-19771.0,-27260225,,-27260225,2025,,,,-21755091,-0.25305037795521057,M7490,"Otras actividades profesionales, científicas y técnicas n.c.p."
Plenas-Separados,"Estado de resultado integral, resultado del periodo, por funcion de gasto",900504398,2025-12-31,3B PROYECTOS SAS,M7112 - Actividades de ingeniería y otras actividades conexas de consultoría técnica,08. SOCIEDAD POR ACCIONES SIMPLIFICADA SAS,CR 7 156 10 PISO 31,BOGOTA D.C.,BOGOTA D.C.,Periodo Actual,17041412.0,14194867.0,2846545.0,61995.0,30615.0,338815.0,102883.0,0.0,2436227,,,56054.0,57202.0,,,,,,,2435079,834415.0,1600664,,1600664,2025,0.16703692158842237,0.14295922192362934,0.09392789752398452,838600,0.9087336036250895,M7112,Actividades de ingeniería y otras actividades conexas de consultoría técnica
Plenas-Separados,"Estado de resultado integral, resultado del periodo, por funcion de gasto",900509577,2025-12-31,CREDICORP HOLDING COLOMBIA SAS,M7010 - Actividades de administración empresarial,08. SOCIEDAD POR ACCIONES SIMPLIFICADA SAS,Transversal 23 94a 01,BOGOTA D.C.,BOGOTA D.C.,Periodo Actual,115693851.0,0.0,115693851.0,21797.0,0.0,9953577.0,0.0,0.0,105762071,,,2474489.0,,,,,,,,108236560,1062871.0,107173689,,107173689,2025,1.0,0.9141546424969466,0.9263559651065639,37716682,1.8415460564638215,M7010,Actividades de administración empresarial
Plenas-Separados,"Estado de resultado integral, resultado del periodo, por funcion de gasto",900512470,2025-12-31,GAPP INGENIEROS SAS,F4290 - Construcción de otras obras de ingeniería civil,08. SOCIEDAD POR ACCIONES SIMPLIFICADA SAS,CALLE 103 A #11B-49 BLOQUE 3,BOGOTA D.C.,BOGOTA D.C.,Periodo Actual,1212413.0,2740392.0,-1527979.0,41073.0,0.0,58575.0,29212.0,0.0,-1574693,,,2803.0,12227.0,,-64073.0,,,,,-1648190,1241.0,-1649431,,-1649431,2025,-1.2602792942668877,-1.29880906918682,-1.3604530799323333,197974,-9.331553638356551,F4290,Construcción de otras obras de ingeniería civil
Plenas-Separados,"Estado de resultado integral, resultado del periodo, por funcion de gasto",900513112,2025-12-31,INVERSIONES GRUPO DEL OCCIDENTE SAS,K6494 - Otras actividades de distribución de fondos,08. SOCIEDAD POR ACCIONES SIMPLIFICADA SAS,CRA 37 12A 63,VALLE,YOTOCO-VALLE,Periodo Actual,59518022.0,0.0,59518022.0,1857757.0,0.0,1921257.0,565472.0,0.0,58889050,,,,10052273.0,,,,,,,48836777,385311.0,48451466,,48451466,2025,1.0,0.9894322428927493,0.8140637805470081,80458945,-0.3978113185550718,K6494,Otras actividades de distribución de fondos
Plenas-Separados,"Estado de resultado integral, resultado del periodo, por funcion de gasto",900514134,2025-12-31,GRUPO INTERASEO S.A.S,M7010 - Actividades de administración empresarial,08. SOCIEDAD POR ACCIONES SIMPLIFICADA SAS,Cr 38 N. 10-36 Of 907,BOGOTA D.C.,BOGOTA D.C.,Periodo Actual,13944894.0,0.0,13944894.0,0.0,0.0,8786854.0,10650.0,0.0,5147390,0.0,0.0,717.0,0.0,0.0,0.0,104705416.0,0.0,0.0,0.0,109853523,1462394.0,108391129,2458805.0,110849934,2025,1.0,0.36912363765547446,7.949141384653049,122543939,-0.09542703699119709,M7010,Actividades de administración empresarial
Plenas-Separados,"Estado de resultado integral, resultado del periodo, por funcion de gasto",900518709,2025-12-31,AREA CUADRADA CONSTRUCTORES SAS,L6820 - Actividades inmobiliarias realizadas a cambio de una retribución o por contrata,08. SOCIEDAD POR ACCIONES SIMPLIFICADA SAS,CR 47 A 96 41 OF 609,BOGOTA D.C.,BOGOTA D.C.,Periodo Actual,9102617.0,8238652.0,863965.0,500167.0,0.0,257967.0,244502.0,0.0,861663,,,1589.0,195061.0,,-418189.0,,,,,250002,555110.0,-305108,,-305108,2025,0.09491391321858318,0.09466101891357177,-0.03351871225604681,-1465011,0.7917367173352282,L6820,Actividades inmobiliarias realizadas a cambio de una retribución o por contrata
Plenas-Separados,"Estado de resultado integral, resultado del periodo, por funcion de gasto",900518837,2025-12-31,INVERSIONES GUIMAC SAS,L6810 - Actividades inmobiliarias realizadas con bienes propios o arrendados,08. SOCIEDAD POR ACCIONES SIMPLIFICADA SAS,CL 12 A 53 16 OF 506 EDIF PLAZA 53,VALLE,CALI-VALLE,Periodo Actual,1249223.0,0.0,1249223.0,1086247.0,2093.0,506070.0,0.0,0.0,1827307,,,1948067.0,4550439.0,,11025363.0,,,,,10250298,424406.0,9825892,,9825892,2025,1.0,1.462754848413774,7.865602858736991,18913216,-0.4804748171860354,L6810,Actividades inmobiliarias realizadas con bienes propios o arrendados
Plenas-Separados,"Estado de resultado integral, resultado del periodo, por funcion de gasto",900519515,2025-12-31,TRANSPORTE FERROPORTUARIO DE COLOMBIA - TRANSFERPORT S.A.S,H4912 - Transporte férreo de carga,08. SOCIEDAD POR ACCIONES SIMPLIFICADA SAS,CL 90 19 41 P 9,BOGOTA D.C.,BOGOTA D.C.,Periodo Actual,66058497.0,57046307.0,9012190.0,1069904.0,608147.0,12429982.0,112047.0,0.0,-3068082,,,9929671.0,7110163.0,,7238489.0,,,,,6989915,691844.0,6298071,,6298071,2025,0.13642741523471236,-0.046444925926788796,0.0953408158832315,-16838650,1.3740246991296807,H4912,Transporte férreo de carga
Plenas-Separados,"Estado de resultado integral, resultado del periodo, por funcion de gasto",900521807,2025-12-31,GLOBAL OPERADORA HOTELERA SAS,I5511 - Alojamiento en hoteles,08. SOCIEDAD POR ACCIONES SIMPLIFICADA SAS,AV CL 26 102 20,BOGOTA D.C.,BOGOTA D.C.,Periodo Actual,125607803.0,57344118.0,68263685.0,3921723.0,5985603.0,65767298.0,0.0,0.0,432507,,,,3889810.0,,,,,,,-3457303,922128.0,-4379431,,-4379431,2025,0.5434669134368985,0.0034433131514926664,-0.034865915137453685,2468093,-2.7744189542290343,I5511,Alojamiento en hoteles
Plenas-Separados,"Estado de resultado integral, resultado del periodo, por funcion de gasto",900522845,2025-12-31,GLOBAL INVERSIONES HOTELERAS S.A.S.,L6810 - Actividades inmobiliarias realizadas con bienes propios o arrendados,08. SOCIEDAD POR ACCIONES SIMPLIFICADA SAS,AV CL 26 102 20,BOGOTA D.C.,BOGOTA D.C.,Periodo Actual,3499075.0,0.0,3499075.0,0.0,0.0,2245093.0,110850.0,0.0,1143132,,,893775.0,4434110.0,,,21682882.0,,,,19285679,1636287.0,17649392,,17649392,2025,1.0,0.32669548380643454,5.0440164900723765,25807813,-0.3161221371218088,L6810,Actividades inmobiliarias realizadas con bienes propios o arrendados
Plenas-Separados,"Estado de resultado integral, resultado del periodo, por funcion de gasto",900523776,2025-12-31,CONEXO INMOBILIARIO S.A.S,L6820 - Actividades inmobiliarias realizadas a cambio de una retribución o por contrata,08. SOCIEDAD POR ACCIONES SIMPLIFICADA SAS,CALLE 7 39 215 OFICINA 501,ANTIOQUIA,MEDELLIN-ANTIOQUIA,Periodo Actual,65162963.0,54752348.0,10410615.0,157601.0,0.0,4660571.0,69040.0,0.0,5838605,,,872563.0,2062534.0,,,,,,,4648634,1340905.0,3307729,,3307729,2025,0.1597627627829017,0.08960005394475386,0.050760874701170355,3005648,0.1005044502882573,L6820,Actividades inmobiliarias realizadas a cambio de una retribución o por contrata
Plenas-Separados,"Estado de resultado integral, resultado del periodo, por funcion de gasto",900525906,2025-12-31,CORFERIAS INVERSIONES SAS,N8230 - Organización de convenciones y eventos comerciales,08. SOCIEDAD POR ACCIONES SIMPLIFICADA SAS,CR 37 24 67,BOGOTA D.C.,BOGOTA D.C.,Periodo Actual,53403878.0,1455508.0,51948370.0,694938.0,33523291.0,12044576.0,620443.0,0.0,6454998,0.0,0.0,219258.0,620704.0,0.0,6109354.0,0.0,0.0,0.0,0.0,12162906,2527548.0,9635358,0.0,9635358,2025,0.972745275165223,0.12087133447499823,0.1804243130058832,6560478,0.4686975552696008,N8230,Organización de convenciones y eventos comerciales
Plenas-Separados,"Estado de resultado integral, resultado del periodo, por funcion de gasto",900527664,2025-12-31,AVGUST COLOMBIA SAS,"G4664 - Comercio al por mayor de productos químicos básicos, cauchos y plásticos en formas primarias y productos químicos de uso agropecuario",08. SOCIEDAD POR ACCIONES SIMPLIFICADA SAS,"Avenida Carrera 45 # 108-27, Torre 2, Oficina 905",BOGOTA D.C.,BOGOTA D.C.,Periodo Actual,82830064.0,50757784.0,32072280.0,1003502.0,21370001.0,6126422.0,114842.0,0.0,5464517,,,43780204.0,33829760.0,,,,,,,15414961,3538800.0,11876161,,11876161,2025,0.3872057855708043,0.06597262800617901,0.14337983609429542,-2713462,5.3767559671003315,G4664,"Comercio al por mayor de productos químicos básicos, cauchos y plásticos en formas primarias y productos químicos de uso agropecuario"
Plenas-Separados,"Estado de resultado integral, resultado del periodo, por funcion de gasto",900531210,2025-12-31,CENIT TRANSPORTE Y LOGISTICA DE HIDROCARBUROS S.A.S.,H4930 - Transporte por tuberías,08. SOCIEDAD POR ACCIONES SIMPLIFICADA SAS,CALLE 113 # 7- 80 PISOS 12 Y 13,BOGOTA D.C.,BOGOTA D.C.,Periodo Actual,6707446799.0,2618074436.0,4089372363.0,344260923.0,0.0,831228419.0,0.0,37969520.0,3640374387,,,99526870.0,268005035.0,,2873536141.0,,,,,6345432363,1222061650.0,5123370713,,5123370713,2025,0.6096764514941329,0.5427362297592485,0.7638332239569657,5269483525,-0.02772810870492284,H4930,Transporte por tuberías
Plenas-Separados,"Estado de resultado integral, resultado del periodo, por funcion de gasto",900532450,2025-12-31,ATLANTIC QUANTUM INNOVATION SAS,N8220 - Actividades de centros de llamadas (call center),08. SOCIEDAD POR ACCIONES SIMPLIFICADA SAS,CLL 77 71 34,ATLANTICO,BARRANQUILLA-ATLANTICO,Periodo Actual,157082121.0,141275270.0,15806851.0,152313.0,1565198.0,19408459.0,115412.0,0.0,-5129905,,,,11086448.0,,-658398.0,,,,,-16874751,-886217.0,-15988534,,-15988534,2025,0.10062794479328427,-0.032657472202071935,-0.10178455637226849,-6684656,-1.3918259967304227,N8220,Actividades de centros de llamadas (call center)
Plenas-Separados,"Estado de resultado integral, resultado del periodo, por funcion de gasto",900537021,2025-12-31,IMAGING EXPERTS AND HEALTHCARE SERVICES SAS,"M7490 - Otras actividades profesionales, científicas y técnicas n.c.p.",08. SOCIEDAD POR ACCIONES SIMPLIFICADA SAS,CLL 92 11 51 0F 202,BOGOTA D.C.,BOGOTA D.C.,Periodo Actual,25705779.0,13494955.0,12210824.0,1229118.0,6236505.0,6319163.0,102333.0,0.0,781941,,,145859.0,1046911.0,,,,,,,-119111,-215491.0,96380,,96380,2025,0.4750225231454763,0.03041887973906568,0.00374935145906296,-1956134,1.0492706532374572,M7490,"Otras actividades profesionales, científicas y técnicas n.c.p."
Plenas-Separados,"Estado de resultado integral, resultado del periodo, por funcion de gasto",900538988,2025-12-31,SUNCOLOMBIA SAS,F4220 - Construcción de proyectos de servicio público,08. SOCIEDAD POR ACCIONES SIMPLIFICADA SAS,AV CL 163A 20 15,BOGOTA D.C.,BOGOTA D.C.,Periodo Actual,76068832.0,60278748.0,15790084.0,4984717.0,4634500.0,5861904.0,4263292.0,0.0,6015105,,,1218904.0,3779114.0,,,,,,,3454895,2744899.0,709996,,709996,2025,0.2075762646125551,0.0790745018932327,0.009333599338031113,1761245,-0.5968783445801124,F4220,Construcción de proyectos de servicio público
Plenas-Separados,"Estado de resultado integral, resultado del periodo, por funcion de gasto",900542692,2025-12-31,NUTROCA SAS,M7010 - Actividades de administración empresarial,08. SOCIEDAD POR ACCIONES SIMPLIFICADA SAS,CL64N 5B146 LOCAL 10 CENTROEMPRESA,VALLE,CALI-VALLE,Periodo Actual,223434.0,0.0,223434.0,0.0,0.0,25810.0,354667.0,0.0,-157043,,,,,,,,,,,-157043,,-157043,,-157043,2025,1.0,-0.7028608000572876,-0.7028608000572876,9970490,-1.0157507805534132,M7010,Actividades de administración empresarial
Plenas-Separados,"Estado de resultado integral, resultado del periodo, por funcion de gasto",900548188,2025-12-31,GRUPO GTD COLOMBIA,N8299 - Otras actividades de servicio de apoyo a las empresas n.c.p.,08. SOCIEDAD POR ACCIONES SIMPLIFICADA SAS,CALLE 53 N 45 - 112 ED. COLSEGUROS PISO 24,ANTIOQUIA,MEDELLIN-ANTIOQUIA,Periodo Actual,3711926.0,3253303.0,458623.0,3308178.0,0.0,329482.0,290386.0,0.0,3146933,,,63.0,29033.0,,,,,,,3117963,454482.0,2663481,,2663481,2025,0.12355391783133608,0.8477897996888947,0.7175469015276705,-828374,4.215312165760876,N8299,Otras actividades de servicio de apoyo a las empresas n.c.p.
Plenas-Separados,"Estado de resultado integral, resultado del periodo, por funcion de gasto",900553004,2025-12-31,COMERCIALIZADORA INTERNACIONAL TERRA BUNKERING S.A.S,"G4661 - Comercio al por mayor de combustibles sólidos, líquidos, gaseosos y productos conexos",08. SOCIEDAD POR ACCIONES SIMPLIFICADA SAS,Cl 98 # 21 - 50 Piso 6,BOGOTA D.C.,BOGOTA D.C.,Periodo Actual,1.0,0.0,1.0,0.0,0.0,859253.0,19103507.0,0.0,-19962759,,,,,,,,,,,-19962759,,-19962759,,-19962759,2025,1.0,-19962759.0,-19962759.0,-2110469,-8.458920742261554,G4661,"Comercio al por mayor de combustibles sólidos, líquidos, gaseosos y productos conexos"
Plenas-Separados,"Estado de resultado integral, resultado del periodo, por funcion de gasto",900554592,2025-12-31,BOYDORR SAS,G4631 - Comercio al por mayor de productos alimenticios,08. SOCIEDAD POR ACCIONES SIMPLIFICADA SAS,CR 3 ESTE 20 84,CUNDINAMARCA,CHIA-CUNDINAMARCA,Periodo Actual,118879294.0,62221724.0,56657570.0,93038.0,14524781.0,34092438.0,599737.0,16952.0,7550604,,,58315.0,3511804.0,17264653.0,1752912.0,,,,,-11414626,-4309014.0,-7105612,,-7105612,2025,0.4765974636424069,0.06351487921857948,-0.05977165375830715,6891818,-2.031021422794392,G4631,Comercio al por mayor de productos alimenticios
Plenas-Separados,"Estado de resultado integral, resultado del periodo, por funcion de gasto",900555401,2025-12-31,CHUMANITA SAS,"K6499 - Otras actividades de servicio financiero, excepto las de seguros y pensiones n.c.p.",08. SOCIEDAD POR ACCIONES SIMPLIFICADA SAS,CR 20 20 C SUR 10,ANTIOQUIA,MEDELLIN-ANTIOQUIA,Periodo Actual,1040905.0,515493.0,525412.0,5030.0,0.0,323538.0,189254.0,0.0,17650,,,3341.0,3.0,,4963697.0,,,,,4984685,768237.0,4216448,,4216448,2025,0.5047646038783559,0.0169563985185968,4.050751989854982,2662816,0.5834545083099997,K6499,"Otras actividades de servicio financiero, excepto las de seguros y pensiones n.c.p."
Plenas-Separados,"Estado de resultado integral, resultado del periodo, por funcion de gasto",900560199,2025-12-31,CFC PRIVATE EQUITY HOLDINGS S.A.S,M7010 - Actividades de administración empresarial,08. SOCIEDAD POR ACCIONES SIMPLIFICADA SAS,CR 13 26 45 P8,BOGOTA D.C.,BOGOTA D.C.,Periodo Actual,0.0,0.0,0.0,0.0,0.0,205894.0,0.0,0.0,-205894,,,159204.0,5.0,,3585986.0,,,,,3539291,-3.0,3539294,,3539294,2025,,,,3375394,0.04855729434845236,M7010,Actividades de administración empresarial
Plenas-Separados,"Estado de resultado integral, resultado del periodo, por funcion de gasto",900560897,2025-12-31,INTEGRADORA DE SERVICIOS TERCERIZADOS SAS,J6399 - Otras actividades de servicios de información n.c.p.,08. SOCIEDAD POR ACCIONES SIMPLIFICADA SAS,Cra 48 N° 20-114 torre 3 piso 11,ANTIOQUIA,MEDELLIN-ANTIOQUIA,Periodo Actual,0.0,0.0,0.0,0.0,0.0,3341836.0,649.0,1306561.0,-2035924,,,211900.0,41489.0,,9199124.0,,-5406292.0,,,1927319,-6908.0,1934227,,1934227,2025,,,,-13137788,1.1472262301690361,J6399,Otras actividades de servicios de información n.c.p.
Plenas-Separados,"Estado de resultado integral, resultado del periodo, por funcion de gasto",900561761,2025-12-31,INGRAM MICRO SAS,"G4651 - Comercio al por mayor de computadores, equipo periférico y programas de informática",08. SOCIEDAD POR ACCIONES SIMPLIFICADA SAS,KM 1.5 VIA SIBERIA TENJO COSTADO NORTE TERMINALES LOGISTICOS DE COLOMBIA BG 5 Y 6,CUNDINAMARCA,COTA-CUNDINAMARCA,Periodo Actual,1224870659.0,1148304758.0,76565901.0,0.0,8152830.0,60029691.0,1813480.0,5587405.0,12157305,,,34520716.0,56933549.0,,,,,,,-10255528,-8786251.0,-1469277,,-1469277,2025,0.06250937634713968,0.009925378578278117,-0.0011995364483622594,-20935069,0.9298174273989734,G4651,"Comercio al por mayor de computadores, equipo periférico y programas de informática"
Plenas-Separados,"Estado de resultado integral, resultado del periodo, por funcion de gasto",900564632,2025-12-31,PROMI CFC SAS,K6613 - Otras actividades relacionadas con el mercado de valores,08. SOCIEDAD POR ACCIONES SIMPLIFICADA SAS,CR 7 71 52 T B P 16,BOGOTA D.C.,BOGOTA D.C.,Periodo Actual,28302592.0,0.0,28302592.0,0.0,0.0,1233517.0,0.0,0.0,27069075,,,1131671.0,107643.0,,,,,,,28093103,377177.0,27715926,,27715926,2025,1.0,0.9564168186433243,0.9792716511618441,28547052,-0.029114249695555254,K6613,Otras actividades relacionadas con el mercado de valores
Plenas-Separados,"Estado de resultado integral, resultado del periodo, por funcion de gasto",900567947,2025-12-31,Finanseguro S.A.S.,"K6499 - Otras actividades de servicio financiero, excepto las de seguros y pensiones n.c.p.",08. SOCIEDAD POR ACCIONES SIMPLIFICADA SAS,CR 9 24 38 LC 202 MEZANINE,BOGOTA D.C.,BOGOTA D.C.,Periodo Actual,3610139.0,0.0,3610139.0,0.0,0.0,1454201.0,50181.0,0.0,2105757,,,1086772.0,104988.0,,543822.0,,,,,3631363,1329660.0,2301703,,2301703,2025,1.0,0.5832897292874318,0.637566309773668,3037984,-0.24235841926751425,K6499,"Otras actividades de servicio financiero, excepto las de seguros y pensiones n.c.p."
Plenas-Separados,"Estado de resultado integral, resultado del periodo, por funcion de gasto",900568503,2025-12-31,INVERSIONES PANORAMIA SAS ,F4111 - Construcción de edificios residenciales,08. SOCIEDAD POR ACCIONES SIMPLIFICADA SAS,CRA 11 98 07 P6 A 1 ED GREEN OFFICE CORPORATIVO PIJAO,BOGOTA D.C.,BOGOTA D.C.,Periodo Actual,95179587.0,73086584.0,22093003.0,381027.0,0.0,501093.0,21567015.0,0.0,405922,,,971538.0,5723.0,,,,,,,1371737,544070.0,827667,,827667,2025,0.23211913075437068,0.004264801022933626,0.008695845675396763,1853200,-0.5533849557522124,F4111,Construcción de edificios residenciales
Plenas-Separados,"Estado de resultado integral, resultado del periodo, por funcion de gasto",900569531,2025-12-31,AUTOLAND SAS,G4511 - Comercio de vehículos automotores nuevos,08. SOCIEDAD POR ACCIONES SIMPLIFICADA SAS,Ak 70 95 15,BOGOTA D.C.,BOGOTA D.C.,Periodo Actual,1540479555.0,1347541242.0,192938313.0,29733284.0,11273236.0,153995734.0,8413690.0,0.0,48988937,,,3544618.0,9690722.0,,,1859963.0,,,,44702796,13891929.0,30810867,,30810867,2025,0.1252456174272303,0.03180109521154924,0.020000828248577438,12633788,1.4387671377737223,G4511,Comercio de vehículos automotores nuevos
Plenas-Separados,"Estado de resultado integral, resultado del periodo, por funcion de gasto",900570286,2025-12-31,ERCO ENERGIA SAS,D3511 - Generación de energía eléctrica,08. SOCIEDAD POR ACCIONES SIMPLIFICADA SAS,CL 50 14 285,ANTIOQUIA,MEDELLIN-ANTIOQUIA,Periodo Actual,289197886.0,221332730.0,67865156.0,413817.0,15577426.0,36201042.0,6248852.0,0.0,10251653,,,21894177.0,21127208.0,,,,,,,11018622,-1828708.0,12847330,,12847330,2025,0.2346668467694124,0.03544857516697062,0.04442401076195972,2651400,3.8454891755299085,D3511,Generación de energía eléctrica
Plenas-Separados,"Estado de resultado integral, resultado del periodo, por funcion de gasto",900570964,2025-12-31,ULTRACEM SAS,"C2394 - Fabricación de cemento, cal y yeso",08. SOCIEDAD POR ACCIONES SIMPLIFICADA SAS,K 2.5 Via Cordialidad,ATLANTICO,GALAPA-ATLANTICO,Periodo Actual,551481618.0,418707507.0,132774111.0,0.0,42002159.0,44942824.0,0.0,0.0,45829128,,,34103969.0,78390977.0,,61537062.0,,,,,63079182,10326341.0,52752841,,52752841,2025,0.24075890594779534,0.08310182335034783,0.09565657182067672,30435467,0.7332686565972522,C2394,"Fabricación de cemento, cal y yeso"
Plenas-Separados,"Estado de resultado integral, resultado del periodo, por funcion de gasto",900571526,2025-12-31,OBRAS Y TERMINADOS CIVILES SAS,F4111 - Construcción de edificios residenciales,08. SOCIEDAD POR ACCIONES SIMPLIFICADA SAS,KR 17 91 11 AP 801,BOGOTA D.C.,BOGOTA D.C.,Periodo Actual,4051248.0,3428467.0,622781.0,80853.0,0.0,403679.0,83340.0,0.0,216615,,,6847.0,353163.0,,-149503.0,,,,,-279204,30390.0,-309594,,-309594,2025,0.1537257161250064,0.0534687089015533,-0.07641941446191396,-515319,0.399218736355539,F4111,Construcción de edificios residenciales
Plenas-Separados,"Estado de resultado integral, resultado del periodo, por funcion de gasto",900577183,2025-12-31,CARTASUÑA SAS,M7010 - Actividades de administración empresarial,08. SOCIEDAD POR ACCIONES SIMPLIFICADA SAS,CALLE 121 N° 3 A 20 APTO 720,BOGOTA D.C.,BOGOTA D.C.,Periodo Actual,3674965.0,0.0,3674965.0,741678.0,86327.0,321721.0,29117.0,0.0,3979478,,,43684.0,684861.0,,,,,,,3338301,31749.0,3306552,,3306552,2025,1.0,1.0828614694289604,0.8997506098697539,8885284,-0.6278619794257562,M7010,Actividades de administración empresarial
Plenas-Separados,"Estado de resultado integral, resultado del periodo, por funcion de gasto",900577987,2025-12-31,NEGOCIOS E INVERSIONES BOLÍVAR S.A.S.,"K6499 - Otras actividades de servicio financiero, excepto las de seguros y pensiones n.c.p.",08. SOCIEDAD POR ACCIONES SIMPLIFICADA SAS,AV EL DORADO NO. 68 B 31,BOGOTA D.C.,BOGOTA D.C.,Periodo Actual,0.0,0.0,0.0,1.0,0.0,43966.0,7.0,0.0,-43972,,,237555.0,103.0,,6565150.0,,,,,6758630,68698.0,6689932,,6689932,2025,,,,5844106,0.1447314610652168,K6499,"Otras actividades de servicio financiero, excepto las de seguros y pensiones n.c.p."
Plenas-Separados,"Estado de resultado integral, resultado del periodo, por funcion de gasto",900578834,2025-12-31,EMPRESA COLOMBIANA DE INVERSION S.A.S.,"K6499 - Otras actividades de servicio financiero, excepto las de seguros y pensiones n.c.p.",08. SOCIEDAD POR ACCIONES SIMPLIFICADA SAS,CARRERA 56 9 17 CENTRO EMPRESARIAL BOG AMERICAS TORRE AMERICAS OFICINA 501,BOGOTA D.C.,BOGOTA D.C.,Periodo Actual,2400000.0,0.0,2400000.0,23751.0,0.0,49302.0,0.0,0.0,2374449,,,23330.0,2025449.0,,1133650.0,,,,,1505980,122096.0,1383884,,1383884,2025,1.0,0.98935375,0.5766183333333333,5053380,-0.7261468561635974,K6499,"Otras actividades de servicio financiero, excepto las de seguros y pensiones n.c.p."
Plenas-Separados,"Estado de resultado integral, resultado del periodo, por funcion de gasto",900595161,2025-12-31,Sacyr Concesiones Colombia SAS,F4290 - Construcción de otras obras de ingeniería civil,08. SOCIEDAD POR ACCIONES SIMPLIFICADA SAS,Calle 99 # 14-49 TORRE EAR PISO 4,BOGOTA D.C.,BOGOTA D.C.,Periodo Actual,5136619.0,0.0,5136619.0,21726250.0,0.0,64929978.0,116012135.0,0.0,-154079244,,,39420346.0,28239981.0,,101182232.0,,,,,-41716647,-9034959.0,-32681688,,-32681688,2025,1.0,-29.996237602983598,-6.362490190531943,282087497,-1.115856563469029,F4290,Construcción de otras obras de ingeniería civil
Plenas-Separados,"Estado de resultado integral, resultado del periodo, por funcion de gasto",900598886,2025-12-31,FN VALORES S.A.S.,M7010 - Actividades de administración empresarial,08. SOCIEDAD POR ACCIONES SIMPLIFICADA SAS,AV 6 A Bis # 35 Norte - 100 OF. 801,VALLE,CALI-VALLE,Periodo Actual,9575025.0,0.0,9575025.0,478950.0,0.0,67111.0,978.0,0.0,9985886,,,248944.0,1320858.0,,,,,,,8913972,384250.0,8529722,,8529722,2025,1.0,1.0429096529774073,0.8908302589288278,11845720,-0.27993216115187597,M7010,Actividades de administración empresarial
Plenas-Separados,"Estado de resultado integral, resultado del periodo, por funcion de gasto",900601507,2025-12-31,ALEATICA SAS,F4290 - Construcción de otras obras de ingeniería civil,08. SOCIEDAD POR ACCIONES SIMPLIFICADA SAS,CRA 17 N 93-09,BOGOTA D.C.,BOGOTA D.C.,Periodo Actual,0.0,0.0,0.0,0.0,0.0,88362.0,0.0,22964516.0,22876154,,,,193155.0,,,,,,,22682999,1508613.0,21174386,,21174386,2025,,,,-85795862,1.2467996183778653,F4290,Construcción de otras obras de ingeniería civil
Plenas-Separados,"Estado de resultado integral, resultado del periodo, por funcion de gasto",900604884,2025-12-31,RM HOLDINGS SAS,M7020 - Actividades de consultoría de gestión,08. SOCIEDAD POR ACCIONES SIMPLIFICADA SAS,CR 7 75 66 OF 702 ED C 75,BOGOTA D.C.,BOGOTA D.C.,Periodo Actual,0.0,0.0,0.0,1143.0,0.0,725684.0,81523.0,0.0,-806064,,,33390852.0,34805865.0,,18361598.0,,,,,16140521,4421126.0,11719395,,11719395,2025,,,,-3270649,4.583201682601832,M7020,Actividades de consultoría de gestión
Plenas-Separados,"Estado de resultado integral, resultado del periodo, por funcion de gasto",900612364,2025-12-31,INVERSIONES TRUCCA S.A.S,L6810 - Actividades inmobiliarias realizadas con bienes propios o arrendados,08. SOCIEDAD POR ACCIONES SIMPLIFICADA SAS,CALLE 3 SUR 43A 52. PISO 18,ANTIOQUIA,MEDELLIN-ANTIOQUIA,Periodo Actual,3129206.0,446763.0,2682443.0,0.0,0.0,1529888.0,0.0,0.0,1152555,,,,952720.0,,,,,,,199835,-1028541.0,1228376,,1228376,2025,0.8572279996906563,0.3683218682311104,0.3925519764438647,336940,2.6456817237490355,L6810,Actividades inmobiliarias realizadas con bienes propios o arrendados
Plenas-Separados,"Estado de resultado integral, resultado del periodo, por funcion de gasto",900612501,2025-12-31,CHM MINERIA SAS,G4659 - Comercio al por mayor de otros tipos de maquinaria y equipo n.c.p.,08. SOCIEDAD POR ACCIONES SIMPLIFICADA SAS,AVENIDA LAS AMERICAS N 50 51,BOGOTA D.C.,BOGOTA D.C.,Periodo Actual,497802170.0,417048522.0,80753648.0,6434078.0,16496267.0,15409629.0,4433671.0,0.0,50848159,,,1997199.0,9342409.0,,21056.0,,,,,43524005,15343662.0,28180343,,28180343,2025,0.16222036155447053,0.10214531407125044,0.0566095222124082,50412711,-0.4410071896351696,G4659,Comercio al por mayor de otros tipos de maquinaria y equipo n.c.p.
Plenas-Separados,"Estado de resultado integral, resultado del periodo, por funcion de gasto",900615557,2025-12-31,DISTRIBUIDORA DE CARNES ET LOS MONOS SAS,"G4723 - Comercio al por menor de carnes (incluye aves de corral), productos cárnicos, pescados y productos de mar, en establecimientos especializados",08. SOCIEDAD POR ACCIONES SIMPLIFICADA SAS,CRA 32 A 10 60,VALLE,YUMBO-VALLE,Periodo Actual,334310441.0,301125939.0,33184502.0,248867.0,20031357.0,2400603.0,149689.0,0.0,10851720,,,19242284.0,18930370.0,,138859.0,,,,,11302493,4159937.0,7142556,,7142556,2025,0.09926253544680647,0.03246000922836867,0.021365040166364414,-1588951,5.49513924595535,G4723,"Comercio al por menor de carnes (incluye aves de corral), productos cárnicos, pescados y productos de mar, en establecimientos especializados"
Plenas-Separados,"Estado de resultado integral, resultado del periodo, por funcion de gasto",900616308,2025-12-31,CENTENNIAL TOWERS COLOMBIA S.A.S.,"N7730 - Alquiler y arrendamiento de otros tipos de maquinaria, equipo y bienes tangibles n.c.p.",08. SOCIEDAD POR ACCIONES SIMPLIFICADA SAS,Cl 81 # 11-08 P5 Of 5-119 Y 5-120,BOGOTA D.C.,BOGOTA D.C.,Periodo Actual,23546323.0,538374.0,23007949.0,1928597.0,0.0,13167018.0,0.0,0.0,11769528,,,616609.0,7144427.0,,,,,,,5241710,-3907058.0,9148768,,9148768,2025,0.977135538317384,0.4998456871588825,0.3885433831855615,-449490,21.353663040334602,N7730,"Alquiler y arrendamiento de otros tipos de maquinaria, equipo y bienes tangibles n.c.p."
Plenas-Separados,"Estado de resultado integral, resultado del periodo, por funcion de gasto",900618834,2025-12-31,DSV AIR AND  SEA S.A.S.,H5229 - Otras actividades complementarias al transporte,08. SOCIEDAD POR ACCIONES SIMPLIFICADA SAS,DIAGONAL 25 G 95 A 85 PISO 3 TORRE 3,BOGOTA D.C.,BOGOTA D.C.,Periodo Actual,158530351.0,56081776.0,102448575.0,4593638.0,0.0,87240775.0,2759573.0,0.0,17041865,,,21690554.0,19110595.0,,-1961374.0,,,,,17660450,9157848.0,8502602,,8502602,2025,0.6462395014819591,0.10749906811220017,0.053633906355256854,5070800,0.676777234361442,H5229,Otras actividades complementarias al transporte
Plenas-Separados,"Estado de resultado integral, resultado del periodo, por funcion de gasto",900619863,2025-12-31,MAGNEX LATAM S.L. SUCURSAL COLOMBIA,B0910 - Actividades de apoyo para la extracción de petróleo y de gas natural,02. SUCURSAL EXTRANJERA,CRA 7 NO. 156-10 PISO 25,BOGOTA D.C.,BOGOTA D.C.,Periodo Actual,23430311.0,18635045.0,4795266.0,0.0,0.0,273015.0,222366.0,0.0,4299885,,,1702123.0,1218764.0,,8213244.0,3724.0,,,,13000212,6053181.0,6947031,,6947031,2025,0.20466079174109128,0.1835180506140102,0.2964976009067912,8596321,-0.19185998289268164,B0910,Actividades de apoyo para la extracción de petróleo y de gas natural
Plenas-Separados,"Estado de resultado integral, resultado del periodo, por funcion de gasto",900626723,2025-12-31,INVERSIONES ACTUAL COLOMBIA SAS,L6810 - Actividades inmobiliarias realizadas con bienes propios o arrendados,08. SOCIEDAD POR ACCIONES SIMPLIFICADA SAS,CR 7 NO. 156 10 ED NORTH POINT TO KRYSTAL OF 2004,BOGOTA D.C.,BOGOTA D.C.,Periodo Actual,30706166.0,22590550.0,8115616.0,5753395.0,0.0,799978.0,712619.0,0.0,12356414,,,1535843.0,,,7797520.0,,,,,21689777,4015899.0,17673878,,17673878,2025,0.2642992290212982,0.4024082329262468,0.5755807481793722,-1729812,11.217224761997258,L6810,Actividades inmobiliarias realizadas con bienes propios o arrendados
Plenas-Separados,"Estado de resultado integral, resultado del periodo, por funcion de gasto",900636944,2025-12-31,INVERSIONES CONCENTRADOS SAS,M7010 - Actividades de administración empresarial,08. SOCIEDAD POR ACCIONES SIMPLIFICADA SAS,CALLE 123 No 07-51/57 OF 802,BOGOTA D.C.,BOGOTA D.C.,Periodo Actual,0.0,0.0,0.0,938127.0,0.0,3512608.0,77299.0,0.0,-2651780,,,934904.0,1637813.0,,-5904636.0,68481.0,,,,-9190844,-512024.0,-8678820,,-8678820,2025,,,,19155635,-1.4530687706254584,M7010,Actividades de administración empresarial
Plenas-Separados,"Estado de resultado integral, resultado del periodo, por funcion de gasto",900637571,2025-12-31,STRABAG SAS,F4290 - Construcción de otras obras de ingeniería civil,08. SOCIEDAD POR ACCIONES SIMPLIFICADA SAS,CL 104 Nº 18 A - 52 OF 501,BOGOTA D.C.,BOGOTA D.C.,Periodo Actual,649541.0,406684.0,242857.0,422966.0,0.0,9848404.0,333968.0,0.0,-9516549,,,5822658.0,2959974.0,,,25390.0,2305172.0,,,-4323303,,-4323303,,-4323303,2025,0.37389017783326994,-14.651190609984589,-6.6559354990678035,9222523,-1.468776602671525,F4290,Construcción de otras obras de ingeniería civil
Plenas-Separados,"Estado de resultado integral, resultado del periodo, por funcion de gasto",900646912,2025-12-31,CALIDRA COLOMBIA SAS,"C2394 - Fabricación de cemento, cal y yeso",08. SOCIEDAD POR ACCIONES SIMPLIFICADA SAS,CL 7D 43A 99 OFICINA 403,ANTIOQUIA,MEDELLIN-ANTIOQUIA,Periodo Actual,69193791.0,48264120.0,20929671.0,856642.0,2699062.0,7639444.0,9995.0,436993.0,11874805,,,539382.0,25777212.0,,-11115.0,,,,,-13374140,-4218755.0,-9155385,,-9155385,2025,0.3024790331259636,0.17161662669993036,-0.13231512347690272,-1070603,-7.551615304646074,C2394,"Fabricación de cemento, cal y yeso"
Plenas-Separados,"Estado de resultado integral, resultado del periodo, por funcion de gasto",900654696,2025-12-31,NUEVO MUNDO OLEICO S.A.S.,A0126 - Cultivo de palma para aceite (palma africana) y otros frutos oleaginosos,08. SOCIEDAD POR ACCIONES SIMPLIFICADA SAS,Carrera 48 A Calle 16 SUR 86 PISO 10 OF 1002,ANTIOQUIA,MEDELLIN-ANTIOQUIA,Periodo Actual,68947127.0,58221829.0,10725298.0,477928.0,0.0,3144531.0,740506.0,-1366379.0,5951810,,,784976.0,1575300.0,,2803.0,,,,,5164289,1449018.0,3715271,,3715271,2025,0.1555583019434588,0.08632426409877818,0.053885798606227636,9955101,-0.6267972570042233,A0126,Cultivo de palma para aceite (palma africana) y otros frutos oleaginosos
Plenas-Separados,"Estado de resultado integral, resultado del periodo, por funcion de gasto",900657500,2025-12-31,MASSY MOTORS COLOMBIA S.A.S,G4511 - Comercio de vehículos automotores nuevos,08. SOCIEDAD POR ACCIONES SIMPLIFICADA SAS,AV 3 34 NORTE 46,VALLE,CALI-VALLE,Periodo Actual,7095718.0,0.0,7095718.0,4397748.0,0.0,5500267.0,0.0,0.0,5993199,,,,491.0,,,,,,,5992708,,5992708,,5992708,2025,1.0,0.8446219255049313,0.8445527288429444,3412414,0.7561491659570029,G4511,Comercio de vehículos automotores nuevos
Plenas-Separados,"Estado de resultado integral, resultado del periodo, por funcion de gasto",900657570,2025-12-31,SACYR CONSTRUCCION COLOMBIA SAS,F4210 - Construcción de carreteras y vías de ferrocarril,08. SOCIEDAD POR ACCIONES SIMPLIFICADA SAS,CALLE 99 # 14-49 PISO 4 TORRE EAR,BOGOTA D.C.,BOGOTA D.C.,Periodo Actual,500588860.0,292859350.0,207729510.0,2660583.0,0.0,25501893.0,0.0,1738837.0,186627037,,2718199.0,,,200906.0,-194067.0,,,,,188950263,81440919.0,107509344,31732669.0,139242013,2025,0.4149703011768979,0.37281500231547304,0.278156435602662,13404319,9.387846857419612,F4210,Construcción de carreteras y vías de ferrocarril
Plenas-Separados,"Estado de resultado integral, resultado del periodo, por funcion de gasto",900671882,2025-12-31,SOLENIS COLOMBIA SAS,C2029 - Fabricación de otros productos químicos n.c.p.,08. SOCIEDAD POR ACCIONES SIMPLIFICADA SAS,Km 25 Aut. Norte Parque Industrial del Norte Bg -104,ANTIOQUIA,GIRARDOTA-ANTIOQUIA,Periodo Actual,177424144.0,124621479.0,52802665.0,935968.0,20994082.0,15260858.0,228562.0,0.0,17255131,0.0,0.0,1082733.0,0.0,0.0,386.0,0.0,0.0,0.0,0.0,18338250,7518537.0,10819713,0.0,10819713,2025,0.29760698746840225,0.09725356769933183,0.06098219078909576,4415433,1.4504307958019067,C2029,Fabricación de otros productos químicos n.c.p.
Plenas-Separados,"Estado de resultado integral, resultado del periodo, por funcion de gasto",900674139,2025-12-31,LEVINVERSIONES SAS,K6613 - Otras actividades relacionadas con el mercado de valores,08. SOCIEDAD POR ACCIONES SIMPLIFICADA SAS,carrera 7 71 52 torre B oficina 1301,BOGOTA D.C.,BOGOTA D.C.,Periodo Actual,102740.0,0.0,102740.0,1096143.0,0.0,1575185.0,0.0,0.0,-376302,,,174530.0,2936733.0,,11272937.0,,,,,8134432,1715232.0,6419200,,6419200,2025,1.0,-3.6626630328985788,62.48004671987541,4924652,0.3034829669182716,K6613,Otras actividades relacionadas con el mercado de valores
Plenas-Separados,"Estado de resultado integral, resultado del periodo, por funcion de gasto",900674442,2025-12-31,GRUPO INMOBILIARIO HAMBURGO SAS,F4111 - Construcción de edificios residenciales,08. SOCIEDAD POR ACCIONES SIMPLIFICADA SAS,Cra 16 No. 93A-36 OFC 901,BOGOTA D.C.,BOGOTA D.C.,Periodo Actual,11065351.0,9014679.0,2050672.0,136024.0,0.0,1998402.0,106067.0,0.0,82227,,,708926.0,22751.0,,,,,,,768402,336640.0,431762,,431762,2025,0.18532371905780484,0.007431034044920943,0.03901927738216347,2242328,-0.8074492224152755,F4111,Construcción de edificios residenciales
Plenas-Separados,"Estado de resultado integral, resultado del periodo, por funcion de gasto",900675108,2025-12-31,INVERSIONES TELCO SAS,K6613 - Otras actividades relacionadas con el mercado de valores,08. SOCIEDAD POR ACCIONES SIMPLIFICADA SAS,CL 14 52a-174,ANTIOQUIA,MEDELLIN-ANTIOQUIA,Periodo Actual,19074919.0,0.0,19074919.0,0.0,0.0,171894.0,15375.0,0.0,18887650,,,,,,,,,,,18887650,1.0,18887649,,18887649,2025,1.0,0.9901824484811704,0.9901823960563083,13901427,0.3586841840049946,K6613,Otras actividades relacionadas con el mercado de valores
Plenas-Separados,"Estado de resultado integral, resultado del periodo, por funcion de gasto",900675423,2025-12-31,GRUPO BIOS S.A.S,M7010 - Actividades de administración empresarial,08. SOCIEDAD POR ACCIONES SIMPLIFICADA SAS,CR 48 NO 27 A SUR 89,ANTIOQUIA,ENVIGADO-ANTIOQUIA,Periodo Actual,407765285.0,0.0,407765285.0,0.0,0.0,2445916.0,3333333.0,0.0,401986036,0.0,0.0,27977579.0,36311706.0,0.0,0.0,0.0,92396.0,0.0,0.0,393744305,-2432480.0,396176785,0.0,396176785,2025,1.0,0.9858270205615959,0.9715804644821592,451508205,-0.12254798337496436,M7010,Actividades de administración empresarial
Plenas-Separados,"Estado de resultado integral, resultado del periodo, por funcion de gasto",900678425,2025-12-31,CAVALA RESTREPO S.A.S.,M7010 - Actividades de administración empresarial,08. SOCIEDAD POR ACCIONES SIMPLIFICADA SAS,CR 42 29 97 AUTOPISTA SUR,ANTIOQUIA,RETIRO-ANTIOQUIA,Periodo Actual,10814.0,0.0,10814.0,7.0,0.0,169252.0,1484.0,74702.0,-85213,,,5848.0,,,1708254.0,,,,,1628889,-47938.0,1676827,,1676827,2025,1.0,-7.879877936008877,155.06075457739968,1235268,0.357460081536962,M7010,Actividades de administración empresarial
Plenas-Separados,"Estado de resultado integral, resultado del periodo, por funcion de gasto",900679739,2025-12-31,BEST COAL COMPANY SAS,B0510 - Extracción de hulla (carbón de piedra),08. SOCIEDAD POR ACCIONES SIMPLIFICADA SAS,CR 77B 45 G 21,ANTIOQUIA,MEDELLIN-ANTIOQUIA,Periodo Actual,0.0,0.0,0.0,30.0,0.0,6752536.0,18650548.0,4294322.0,-21108732,,,10084.0,2099248.0,,,365494.0,,,,-22832402,,-22832402,-865187.0,-23697589,2025,,,,-40480479,0.41459217910934304,B0510,Extracción de hulla (carbón de piedra)
Plenas-Separados,"Estado de resultado integral, resultado del periodo, por funcion de gasto",900690948,2025-12-31,HERMANOS VALLECILLA Y MARTINEZ Y CIA SCA,K6613 - Otras actividades relacionadas con el mercado de valores,05. SOCIEDAD EN COMANDITA POR ACCIONES,K 1 58-41,VALLE,CALI-VALLE,Periodo Actual,0.0,0.0,0.0,0.0,0.0,21564.0,0.0,-216327.0,-237891,,,141840.0,180898.0,,971998.0,,,,,695049,72559.0,622490,,622490,2025,,,,983808,-0.3672647508456935,K6613,Otras actividades relacionadas con el mercado de valores
Plenas-Separados,"Estado de resultado integral, resultado del periodo, por funcion de gasto",900694164,2025-12-31,HG INGENIERIA Y CONSTRUCCIONES SAS BIC,F4321 - Instalaciones eléctricas,05. SOCIEDAD EN COMANDITA POR ACCIONES,CR 64A 5 30,VALLE,CALI-VALLE,Periodo Actual,102248383.0,85344967.0,16903416.0,1093688.0,576094.0,6407208.0,2983398.0,0.0,8030404,,,565345.0,1918617.0,,0.0,,,,,6677132,2774375.0,3902757,,3902757,2025,0.16531719626314287,0.07853820045251962,0.03816937623355863,1757064,1.2211809017770554,F4321,Instalaciones eléctricas
Plenas-Separados,"Estado de resultado integral, resultado del periodo, por funcion de gasto",900696296,2025-12-31,CORONA INDUSTRIAL S.A.S,"K6499 - Otras actividades de servicio financiero, excepto las de seguros y pensiones n.c.p.",08. SOCIEDAD POR ACCIONES SIMPLIFICADA SAS,CL 100 8 A 55 TORRE C PISO 9,BOGOTA D.C.,BOGOTA D.C.,Periodo Actual,40840141.0,0.0,40840141.0,0.0,0.0,41477227.0,0.0,-278656.0,-915742,,,427401.0,4320969.0,,89821393.0,,,,-3643962.0,81368121,-358152.0,81726273,,81726273,2025,1.0,-0.022422596435208195,2.0011261224587837,8580112,8.525082306617909,K6499,"Otras actividades de servicio financiero, excepto las de seguros y pensiones n.c.p."
Plenas-Separados,"Estado de resultado integral, resultado del periodo, por funcion de gasto",900711074,2025-12-31,SKG TECNOLOGIA S.A.S.,"J6201 - Actividades de desarrollo de sistemas informáticos (planificación, análisis, diseño, programación, pruebas)",08. SOCIEDAD POR ACCIONES SIMPLIFICADA SAS,AV CR 45 108 - 27 TO3 PISO 14,BOGOTA D.C.,BOGOTA D.C.,Periodo Actual,23186515.0,24048305.0,-861790.0,663014.0,3020986.0,3538572.0,0.0,0.0,-6758334,0.0,0.0,0.0,3005983.0,0.0,-472944.0,0.0,0.0,0.0,0.0,-10237261,-1434255.0,-8803006,0.0,-8803006,2025,-0.037167724429479805,-0.2914769209603082,-0.3796605915119198,1692941,-6.199830354395103,J6201,"Actividades de desarrollo de sistemas informáticos (planificación, análisis, diseño, programación, pruebas)"
Plenas-Separados,"Estado de resultado integral, resultado del periodo, por funcion de gasto",900716670,2025-12-31,INVERSORA KATIOS SAS,N8299 - Otras actividades de servicio de apoyo a las empresas n.c.p.,08. SOCIEDAD POR ACCIONES SIMPLIFICADA SAS,AC 100 9 A 45 TO 2 OF 401,BOGOTA D.C.,BOGOTA D.C.,Periodo Actual,0.0,0.0,0.0,115747.0,0.0,29582.0,53903.0,0.0,32262,,,,,,1054345.0,,,,,1086607,9646.0,1076961,,1076961,2025,,,,958273,0.12385614537819599,N8299,Otras actividades de servicio de apoyo a las empresas n.c.p.
Plenas-Separados,"Estado de resultado integral, resultado del periodo, por funcion de gasto",900718336,2025-12-31,HIGH TECH SOFTWARE SAS,"J6201 - Actividades de desarrollo de sistemas informáticos (planificación, análisis, diseño, programación, pruebas)",08. SOCIEDAD POR ACCIONES SIMPLIFICADA SAS,CRA 7 # 71-21 TORRE A PISO 12,BOGOTA D.C.,BOGOTA D.C.,Periodo Actual,78808764.0,49703950.0,29104814.0,565314.0,7230307.0,9195037.0,3965769.0,0.0,9279015,,,,664208.0,,,,,,,8614807,4931021.0,3683786,,3683786,2025,0.36930935752272426,0.1177409025219581,0.046743354584269335,3332437,0.10543305094739976,J6201,"Actividades de desarrollo de sistemas informáticos (planificación, análisis, diseño, programación, pruebas)"
Plenas-Separados,"Estado de resultado integral, resultado del periodo, por funcion de gasto",900721018,2025-12-31,PROINVERSIONES ZFB SAS,L6810 - Actividades inmobiliarias realizadas con bienes propios o arrendados,08. SOCIEDAD POR ACCIONES SIMPLIFICADA SAS,Cr 106 # 15A - 25 Casillero 3,BOGOTA D.C.,BOGOTA D.C.,Periodo Actual,2803786.0,281405.0,2522381.0,0.0,572975.0,3283354.0,214062.0,579570.0,-968440,,,,1585250.0,,,,,,,-2553690,-162337.0,-2391353,,-2391353,2025,0.8996339235590733,-0.3454043924892984,-0.8529013983235525,3027739,-1.789814775976397,L6810,Actividades inmobiliarias realizadas con bienes propios o arrendados
Plenas-Separados,"Estado de resultado integral, resultado del periodo, por funcion de gasto",900723258,2025-12-31,FORZA INMOBILIARIA SAS,L6810 - Actividades inmobiliarias realizadas con bienes propios o arrendados,08. SOCIEDAD POR ACCIONES SIMPLIFICADA SAS,CR 12 89 33 PISO 7,BOGOTA D.C.,BOGOTA D.C.,Periodo Actual,4408777.0,0.0,4408777.0,1460278.0,0.0,3044361.0,437557.0,0.0,2387137,,,1455680.0,954970.0,,153471.0,,,,,3041318,273362.0,2767956,,2767956,2025,1.0,0.5414510645469254,0.6278285338541731,2051479,0.3492490052298854,L6810,Actividades inmobiliarias realizadas con bienes propios o arrendados
Plenas-Separados,"Estado de resultado integral, resultado del periodo, por funcion de gasto",900738674,2025-12-31,SMI COLOMBIA SAS,C2229 - Fabricación de artículos de plástico n.c.p.,08. SOCIEDAD POR ACCIONES SIMPLIFICADA SAS,PARQUE INDUSTRIAL GRAN SABANA Un 45 - 46 - 51,CUNDINAMARCA,TOCANCIPA-CUNDINAMARCA,Periodo Actual,448132209.0,416535075.0,31597134.0,2812221.0,22333655.0,16880410.0,0.0,0.0,-4804710,,,108315588.0,20387225.0,,,,,,,83123653,22829709.0,60293944,,60293944,2025,0.07050850924219107,-0.010721635052123648,0.13454499094038563,-111057766,1.5429061484993314,C2229,Fabricación de artículos de plástico n.c.p.
Plenas-Separados,"Estado de resultado integral, resultado del periodo, por funcion de gasto",900747169,2025-12-31,COREMAR COMPAÑIA DE SERVICIOS PORTUARIOS S.A.S.,N8299 - Otras actividades de servicio de apoyo a las empresas n.c.p.,08. SOCIEDAD POR ACCIONES SIMPLIFICADA SAS,Km 3 Via Barranquilla - Cienaga Corregimiento de Palermo,MAGDALENA,SITIONUEVO-MAGDALENA,Periodo Actual,11414473.0,3749150.0,7665323.0,393142.0,448205.0,9263995.0,0.0,0.0,-1653735,,,7623899.0,,,19238442.0,,,,,25208606,2171788.0,23036818,,23036818,2025,0.6715441878043779,-0.14488053894384786,2.0182112656449402,83088896,-0.7227449261090194,N8299,Otras actividades de servicio de apoyo a las empresas n.c.p.
Plenas-Separados,"Estado de resultado integral, resultado del periodo, por funcion de gasto",900748423,2025-12-31,CUMBERLAND SAS,N8299 - Otras actividades de servicio de apoyo a las empresas n.c.p.,08. SOCIEDAD POR ACCIONES SIMPLIFICADA SAS,AC 100 9 A 45 TO 2 OF 501,BOGOTA D.C.,BOGOTA D.C.,Periodo Actual,0.0,0.0,0.0,115537.0,0.0,29662.0,54083.0,0.0,31792,,,,,,1053917.0,,,,,1085709,9834.0,1075875,,1075875,2025,,,,846930,0.2703234033509263,N8299,Otras actividades de servicio de apoyo a las empresas n.c.p.
Plenas-Separados,"Estado de resultado integral, resultado del periodo, por funcion de gasto",900748428,2025-12-31,GREENGOLD SAS,N8299 - Otras actividades de servicio de apoyo a las empresas n.c.p.,08. SOCIEDAD POR ACCIONES SIMPLIFICADA SAS,AC 100 9 A 45 TO 2 OF 401,BOGOTA D.C.,BOGOTA D.C.,Periodo Actual,0.0,0.0,0.0,117032.0,0.0,29371.0,54027.0,0.0,33634,,,,,,1029537.0,,,,,1063171,10328.0,1052843,,1052843,2025,,,,951974,0.10595772573620708,N8299,Otras actividades de servicio de apoyo a las empresas n.c.p.
Plenas-Separados,"Estado de resultado integral, resultado del periodo, por funcion de gasto",900749190,2025-12-31,IKG S.A.S,L6810 - Actividades inmobiliarias realizadas con bienes propios o arrendados,08. SOCIEDAD POR ACCIONES SIMPLIFICADA SAS,CL 52A 31 140,SANTANDER,BUCARAMANGA-SANTANDER,Periodo Actual,1335179.0,0.0,1335179.0,15594.0,0.0,1044577.0,3866.0,0.0,302330,,,44806.0,142307.0,,31469704.0,,,,,31674533,-75587.0,31750120,,31750120,2025,1.0,0.22643405865430777,23.77967298766682,13225528,1.4006693721415129,L6810,Actividades inmobiliarias realizadas con bienes propios o arrendados
Plenas-Separados,"Estado de resultado integral, resultado del periodo, por funcion de gasto",900763226,2025-12-31,QMC TELECOM COLOMBIA SAS,J6120 - Actividades de telecomunicaciones inalámbricas,08. SOCIEDAD POR ACCIONES SIMPLIFICADA SAS,CR 11 93 A 83,BOGOTA D.C.,BOGOTA D.C.,Periodo Actual,17874846.0,9246705.0,8628141.0,7356393.0,0.0,7861770.0,0.0,0.0,8122764,,,4889917.0,12327959.0,1817037.0,150293.0,,,,,-982022,,-982022,,-982022,2025,0.48269736142062425,0.45442427867630303,-0.05493876702490192,-22679948,0.9567008707427371,J6120,Actividades de telecomunicaciones inalámbricas
Plenas-Separados,"Estado de resultado integral, resultado del periodo, por funcion de gasto",900765896,2025-12-31,HMV CONSULTORÍA S.A.S,M7112 - Actividades de ingeniería y otras actividades conexas de consultoría técnica,08. SOCIEDAD POR ACCIONES SIMPLIFICADA SAS,CL 70 No 7 - 30,BOGOTA D.C.,BOGOTA D.C.,Periodo Actual,418601.0,78130.0,340471.0,11654.0,0.0,162454.0,1797.0,0.0,187874,0.0,0.0,264912.0,330.0,0.0,0.0,0.0,0.0,0.0,0.0,452456,160452.0,292004,0.0,292004,2025,0.8133544831474363,0.4488140257667803,0.6975711954820939,203168,0.4372538982516932,M7112,Actividades de ingeniería y otras actividades conexas de consultoría técnica
Plenas-Separados,"Estado de resultado integral, resultado del periodo, por funcion de gasto",900769797,2025-12-31,TRAZOS URBANOS S.A.S.,F4111 - Construcción de edificios residenciales,08. SOCIEDAD POR ACCIONES SIMPLIFICADA SAS,CRA 43 F 14 60 P 2,ANTIOQUIA,MEDELLIN-ANTIOQUIA,Periodo Actual,58983808.0,47227188.0,11756620.0,521242.0,0.0,5654724.0,673463.0,0.0,5949675,,,284281.0,539025.0,,2751864.0,,,,,8446795,2617008.0,5829787,,5829787,2025,0.1993194471269132,0.10086963188270245,0.09883707406615727,3401457,0.7139087749749593,F4111,Construcción de edificios residenciales
Plenas-Separados,"Estado de resultado integral, resultado del periodo, por funcion de gasto",900770349,2025-12-31,T-CARIBE HOLDINGS SAS,M7020 - Actividades de consultoría de gestión,08. SOCIEDAD POR ACCIONES SIMPLIFICADA SAS,CR 7 75 66 OF 702,BOGOTA D.C.,BOGOTA D.C.,Periodo Actual,0.0,0.0,0.0,152.0,0.0,164901.0,105.0,0.0,-164854,,,4902933.0,4900414.0,,,,,,,-162335,7798.0,-170133,,-170133,2025,,,,-86492,-0.9670374138648661,M7020,Actividades de consultoría de gestión
Plenas-Separados,"Estado de resultado integral, resultado del periodo, por funcion de gasto",900771583,2025-12-31,INVERSIONES LA ESCOBA S.A.S,L6810 - Actividades inmobiliarias realizadas con bienes propios o arrendados,08. SOCIEDAD POR ACCIONES SIMPLIFICADA SAS,Carrera 20 17 02 apto 762,ANTIOQUIA,MARINILLA-ANTIOQUIA,Periodo Actual,0.0,0.0,0.0,0.0,0.0,0.0,0.0,0.0,0,,,,,,24962912.0,,,,,24962912,,24962912,,24962912,2025,,,,16899254,0.4771605894556056,L6810,Actividades inmobiliarias realizadas con bienes propios o arrendados
Plenas-Separados,"Estado de resultado integral, resultado del periodo, por funcion de gasto",900772329,2025-12-31,BUNTECH COLOMBIA SAS,"N7740 - Arrendamiento de propiedad intelectual y productos similares, excepto obras protegidas por derechos de autor",08. SOCIEDAD POR ACCIONES SIMPLIFICADA SAS,VARIANTE DOBLE CALZADA ANTES DEL PUENTE DEL RIOBUGALAGRANDE RUTA 25 NORTE BUGALAGRANDE VALLE DEL CAUCA,VALLE,BUGALAGRANDE-VALLE,Periodo Actual,449368.0,0.0,449368.0,4.0,0.0,458996.0,8040.0,0.0,-17664,,,285329.0,116340.0,,6230512.0,,,,,6381837,44676.0,6337161,,6337161,2025,1.0,-0.03930853999394705,14.102386017695965,5098336,0.2429861429297716,N7740,"Arrendamiento de propiedad intelectual y productos similares, excepto obras protegidas por derechos de autor"
Plenas-Separados,"Estado de resultado integral, resultado del periodo, por funcion de gasto",900773269,2025-12-31,PROMOTORA INMOBILIARIA TERRITORIO AURORA S.A.S,F4111 - Construcción de edificios residenciales,08. SOCIEDAD POR ACCIONES SIMPLIFICADA SAS,CR 22 # 17 - 325 LC 121,ANTIOQUIA,MEDELLIN-ANTIOQUIA,Periodo Actual,11945938.0,12014731.0,-68793.0,0.0,0.0,0.0,89494.0,0.0,-158287,,,164182.0,2415.0,,,,,,,3480,25752.0,-22272,,-22272,2025,-0.0057586938756923065,-0.01325027804430259,-0.0018643994301661367,43740,-1.5091906721536352,F4111,Construcción de edificios residenciales
Plenas-Separados,"Estado de resultado integral, resultado del periodo, por funcion de gasto",900796125,2025-12-31,REDWOOD KAPITAL S.A.S.,M7020 - Actividades de consultoría de gestión,08. SOCIEDAD POR ACCIONES SIMPLIFICADA SAS,CL 15 C SUR 29 C 155,ANTIOQUIA,MEDELLIN-ANTIOQUIA,Periodo Actual,19796628.0,0.0,19796628.0,1714620.0,0.0,168254.0,3653943.0,0.0,17689051,,,128095.0,182886.0,,,,,,,17634260,460659.0,17173601,,17173601,2025,1.0,0.8935385864703828,0.8675013239628486,2929705,4.861887459658908,M7020,Actividades de consultoría de gestión
Plenas-Separados,"Estado de resultado integral, resultado del periodo, por funcion de gasto",900799976,2025-12-31,AVOFRUIT S.A.S,G4631 - Comercio al por mayor de productos alimenticios,08. SOCIEDAD POR ACCIONES SIMPLIFICADA SAS,KILOMETRO 11 VIA CERRITOS-PEREIRA CENTRO LOGISTICO EJE CAFETERO BODEGAS 5 - 6,RISARALDA,PEREIRA-RISARALDA,Periodo Actual,244342177.0,186261394.0,58080783.0,48910122.0,93521798.0,7955283.0,3299953.0,0.0,2213871,,,33276382.0,40198721.0,,,,,,,-4708468,-442783.0,-4265685,,-4265685,2025,0.23770265008320687,0.009060535627461484,-0.017457833323634504,-304542,-13.006885749748804,G4631,Comercio al por mayor de productos alimenticios
Plenas-Separados,"Estado de resultado integral, resultado del periodo, por funcion de gasto",900806600,2025-12-31,RELIANZ MINING SOLUTIONS S.A.S.,C3312 - Mantenimiento y reparación especializado de maquinaria y equipo,08. SOCIEDAD POR ACCIONES SIMPLIFICADA SAS,CL 30 No 19 04,ATLANTICO,SOLEDAD-ATLANTICO,Periodo Actual,761410422.0,643043487.0,118366935.0,10623482.0,109112661.0,23267534.0,9459802.0,-9254346.0,-22103926,0.0,0.0,6505896.0,6163664.0,0.0,0.0,0.0,0.0,0.0,0.0,-21761694,-16317293.0,-5444401,0.0,-5444401,2025,0.15545746627565862,-0.029030238306877287,-0.007150415653228345,-3543526,-0.5364360244569957,C3312,Mantenimiento y reparación especializado de maquinaria y equipo
Plenas-Separados,"Estado de resultado integral, resultado del periodo, por funcion de gasto",900808399,2025-12-31,CARBOMAS S.A.S,"N7730 - Alquiler y arrendamiento de otros tipos de maquinaria, equipo y bienes tangibles n.c.p.",08. SOCIEDAD POR ACCIONES SIMPLIFICADA SAS,CL 14A 4E 76 EDIFICIO CENTRO INT DE DESARROLLO PISO 5,NORTE DE SANTANDER,CUCUTA-NORTE DE SANTANDER,Periodo Actual,33289848.0,25087004.0,8202844.0,0.0,4208.0,4453807.0,4033843.0,0.0,-289014,,,,2624668.0,,,,,,,-2913682,,-2913682,2866856.0,-46826,2025,0.24640677241902698,-0.008681745858377004,-0.0014066150136822493,-7684319,0.9939062915009125,N7730,"Alquiler y arrendamiento de otros tipos de maquinaria, equipo y bienes tangibles n.c.p."
Plenas-Separados,"Estado de resultado integral, resultado del periodo, por funcion de gasto",900809717,2025-12-31,INDUSTRIA GRAFICA LATINOAMERICA SAS,C1811 - Actividades de impresión,08. SOCIEDAD POR ACCIONES SIMPLIFICADA SAS,CRA 53 A 127 - 35,VALLE,PALMIRA-VALLE,Periodo Actual,219850972.0,159069714.0,60781258.0,0.0,0.0,19371937.0,0.0,-395904.0,41013417,,,161672.0,17238262.0,,16086255.0,,,,,40023082,4737106.0,35285976,,35285976,2025,0.27646572333553293,0.18655099236950384,0.16049952237645781,37440096,-0.057535108884336196,C1811,Actividades de impresión
Plenas-Separados,"Estado de resultado integral, resultado del periodo, por funcion de gasto",900818280,2025-12-31,S & N HOLDINGS S A S,G4659 - Comercio al por mayor de otros tipos de maquinaria y equipo n.c.p.,08. SOCIEDAD POR ACCIONES SIMPLIFICADA SAS,CALLE 100 NO 7-33 TORRE 1 PISO 3,BOGOTA D.C.,BOGOTA D.C.,Periodo Actual,0.0,0.0,0.0,0.0,0.0,151945.0,18670.0,0.0,-170615,,,,,,1064673.0,,,,,894058,,894058,,894058,2025,,,,4723793,-0.8107330274633118,G4659,Comercio al por mayor de otros tipos de maquinaria y equipo n.c.p.
Plenas-Separados,"Estado de resultado integral, resultado del periodo, por funcion de gasto",900818921,2025-12-31,KOPPS COMMERCIAL S.A.S,G4632 - Comercio al por mayor de bebidas y tabaco,08. SOCIEDAD POR ACCIONES SIMPLIFICADA SAS,CRA 53A 127 35,BOGOTA D.C.,BOGOTA D.C.,Periodo Actual,12976629920.0,9534376715.0,3442253205.0,0.0,926906132.0,606185525.0,0.0,-296920159.0,1612241389,,,194719850.0,53181840.0,,-5754707.0,,,,,1748024692,614368361.0,1133656331,,1133656331,2025,0.26526557559406766,0.1242419178892635,0.08736138257690253,1061908132,0.06756535413743305,G4632,Comercio al por mayor de bebidas y tabaco
Plenas-Separados,"Estado de resultado integral, resultado del periodo, por funcion de gasto",900819282,2025-12-31,AZULGRANA S.A.S,N8299 - Otras actividades de servicio de apoyo a las empresas n.c.p.,08. SOCIEDAD POR ACCIONES SIMPLIFICADA SAS,Calle 5A 39 131 TO 4 P3,ANTIOQUIA,MEDELLIN-ANTIOQUIA,Periodo Actual,0.0,0.0,0.0,2183.0,0.0,170024.0,47178.0,0.0,-215019,,,474803.0,,,3998555.0,,,,,4258339,202525.0,4055814,,4055814,2025,,,,-7652293,1.5300128994015258,N8299,Otras actividades de servicio de apoyo a las empresas n.c.p.
Plenas-Separados,"Estado de resultado integral, resultado del periodo, por funcion de gasto",900819373,2025-12-31,GARZO SAS,N8299 - Otras actividades de servicio de apoyo a las empresas n.c.p.,08. SOCIEDAD POR ACCIONES SIMPLIFICADA SAS,CALLE 23 NORTE No. 4-50 PISO 5,VALLE,CALI-VALLE,Periodo Actual,0.0,0.0,0.0,0.0,0.0,14114.0,2089.0,0.0,-16203,,,9151.0,,,,-11367064.0,,,,-11374116,,-11374116,,-11374116,2025,,,,4556076,-3.4964719640322066,N8299,Otras actividades de servicio de apoyo a las empresas n.c.p.
Plenas-Separados,"Estado de resultado integral, resultado del periodo, por funcion de gasto",900824186,2025-12-31,ORTOPEDICOS FUTURO COLOMBIA SAS,"G4773 - Comercio al por menor de productos farmacéuticos y medicinales, cosméticos y artículos de tocador en establecimientos especializados",08. SOCIEDAD POR ACCIONES SIMPLIFICADA SAS,CR 14 79 71,BOGOTA D.C.,BOGOTA D.C.,Periodo Actual,41975742.0,18837914.0,23137828.0,1553877.0,20884983.0,4356028.0,124294.0,125645.0,-547955,,,295319.0,811441.0,,271562.0,,,,,-792515,100515.0,-893030,,-893030,2025,0.5512190350321859,-0.013054087286890604,-0.021274906825947234,1448171,-1.6166606015449834,G4773,"Comercio al por menor de productos farmacéuticos y medicinales, cosméticos y artículos de tocador en establecimientos especializados"
Plenas-Separados,"Estado de resultado integral, resultado del periodo, por funcion de gasto",900831600,2025-12-31,FLP GLOBAL COLOMBIA SAS,K6494 - Otras actividades de distribución de fondos,08. SOCIEDAD POR ACCIONES SIMPLIFICADA SAS,Cra 7 No 80 49 Of 801,BOGOTA D.C.,BOGOTA D.C.,Periodo Actual,0.0,0.0,0.0,5706399.0,0.0,508885.0,2056790.0,0.0,3140724,,,223198.0,13227470.0,,,,,,,-9863548,-833817.0,-9029731,,-9029731,2025,,,,-11072450,0.18448663123337652,K6494,Otras actividades de distribución de fondos
Plenas-Separados,"Estado de resultado integral, resultado del periodo, por funcion de gasto",900831969,2025-12-31,MARMARIS SAS,L6810 - Actividades inmobiliarias realizadas con bienes propios o arrendados,08. SOCIEDAD POR ACCIONES SIMPLIFICADA SAS,CL 16 A # 121 A - 214 OF 306 ED PALOALTO,VALLE,CALI-VALLE,Periodo Actual,436178.0,0.0,436178.0,1.0,0.0,66174.0,3.0,0.0,370002,,,36177.0,508.0,,,,,,,405671,37.0,405634,,405634,2025,1.0,0.8482821233533099,0.9299735429113802,300297,0.35077606502895464,L6810,Actividades inmobiliarias realizadas con bienes propios o arrendados
Plenas-Separados,"Estado de resultado integral, resultado del periodo, por funcion de gasto",900836314,2025-12-31,GRUPO OSPEDALE SAS,M7010 - Actividades de administración empresarial,08. SOCIEDAD POR ACCIONES SIMPLIFICADA SAS,CL 5 D 48 25 LOCAL 6 ED TORRE COSMOPLAZA,VALLE,CALI-VALLE,Periodo Actual,0.0,0.0,0.0,0.0,0.0,0.0,6115.0,0.0,-6115,,,,,,1904180.0,,,,,1898065,,1898065,,1898065,2025,,,,-3076786,1.616898607832979,M7010,Actividades de administración empresarial
Plenas-Separados,"Estado de resultado integral, resultado del periodo, por funcion de gasto",900838638,2025-12-31,AMFORA PACKAGING SAS,N8299 - Otras actividades de servicio de apoyo a las empresas n.c.p.,08. SOCIEDAD POR ACCIONES SIMPLIFICADA SAS,CR 69 A 24 30 SUR,BOGOTA D.C.,BOGOTA D.C.,Periodo Actual,0.0,0.0,0.0,0.0,0.0,1119447.0,237704.0,0.0,-1357151,,,123158.0,,,5363697.0,,,,,4129704,1718.0,4127986,,4127986,2025,,,,3142583,0.31356466957276863,N8299,Otras actividades de servicio de apoyo a las empresas n.c.p.
Plenas-Separados,"Estado de resultado integral, resultado del periodo, por funcion de gasto",900839269,2025-12-31,AIR LIQUIDE COLOMBIA INDUSTRIAL SAS,C2011 - Fabricación de sustancias y productos químicos básicos,08. SOCIEDAD POR ACCIONES SIMPLIFICADA SAS,Cra 7 # 113 - 43 OF 902-903,CUNDINAMARCA,TOCANCIPA-CUNDINAMARCA,Periodo Actual,43586292.0,13651947.0,29934345.0,965446.0,0.0,8089930.0,0.0,0.0,22809861,,,1812923.0,2701281.0,,,,,,,21921503,7496764.0,14424739,,14424739,2025,0.6867834731158136,0.5233264853087296,0.3309466884680165,13671305,0.05511061306875971,C2011,Fabricación de sustancias y productos químicos básicos
Plenas-Separados,"Estado de resultado integral, resultado del periodo, por funcion de gasto",900840932,2025-12-31,PLEXA HOLDING SAS,M7010 - Actividades de administración empresarial,08. SOCIEDAD POR ACCIONES SIMPLIFICADA SAS,CL 113 7 21 TO A OF 911,BOGOTA D.C.,BOGOTA D.C.,Periodo Actual,2311088.0,0.0,2311088.0,350447.0,655403.0,0.0,5.0,0.0,2006127,,,25290.0,730.0,,,,,,,2030687,51847.0,1978840,,1978840,2025,1.0,0.8680444015978621,0.8562374085279314,-2265859,1.8733288346715307,M7010,Actividades de administración empresarial
Plenas-Separados,"Estado de resultado integral, resultado del periodo, por funcion de gasto",900854544,2025-12-31,LUSTRUM SAS,"M7490 - Otras actividades profesionales, científicas y técnicas n.c.p.",08. SOCIEDAD POR ACCIONES SIMPLIFICADA SAS,Cr 11 79 52 Ofc 1001,BOGOTA D.C.,BOGOTA D.C.,Periodo Actual,370259.0,0.0,370259.0,4.0,0.0,401046.0,141.0,0.0,-30924,,,16609.0,86445.0,,,,,,,-100760,-1009.0,-99751,,-99751,2025,1.0,-0.08351991443827159,-0.2694087111994577,6462,-16.43655215103683,M7490,"Otras actividades profesionales, científicas y técnicas n.c.p."
Plenas-Separados,"Estado de resultado integral, resultado del periodo, por funcion de gasto",900854661,2025-12-31,ORGANIZACION PCC Y CIA SAS,L6810 - Actividades inmobiliarias realizadas con bienes propios o arrendados,08. SOCIEDAD POR ACCIONES SIMPLIFICADA SAS,CL 36 18 23,BOGOTA D.C.,BOGOTA D.C.,Periodo Actual,80000.0,413085.0,-333085.0,6749278.0,0.0,908431.0,73236.0,0.0,5434526,,,174147.0,,,,,,,,5608673,-515731.0,6124404,,6124404,2025,-4.1635625,67.931575,76.55505,-550885,12.117391107036859,L6810,Actividades inmobiliarias realizadas con bienes propios o arrendados
Plenas-Separados,"Estado de resultado integral, resultado del periodo, por funcion de gasto",900860284,2025-12-31,BBI COLOMBIA S.A.S.,I5613 - Expendio de comidas preparadas en cafeterías,08. SOCIEDAD POR ACCIONES SIMPLIFICADA SAS,Km 2.5 Vereda Canavita Via Colpapel Parque Et 1,CUNDINAMARCA,TOCANCIPA-CUNDINAMARCA,Periodo Actual,272381208.0,116794563.0,155586645.0,5075683.0,129256902.0,19285483.0,1439827.0,0.0,10680116,,,49145200.0,72608686.0,,,,344342.0,,,-12439028,7046484.0,-19485512,,-19485512,2025,0.5712091746064949,0.03921017928667091,-0.07153765174578416,-88193632,0.7790598758876378,I5613,Expendio de comidas preparadas en cafeterías
Plenas-Separados,"Estado de resultado integral, resultado del periodo, por funcion de gasto",900861361,2025-12-31,Sura Investment Management Colombia S.A.S,K6613 - Otras actividades relacionadas con el mercado de valores,08. SOCIEDAD POR ACCIONES SIMPLIFICADA SAS,Carrera 43 A # 3-101,ANTIOQUIA,MEDELLIN-ANTIOQUIA,Periodo Actual,5904189.0,0.0,5904189.0,0.0,0.0,14256699.0,0.0,0.0,-8352510,,,1490019.0,1787.0,,19549616.0,,,,,12685338,147302.0,12538036,-466969.0,12071067,2025,1.0,-1.4146752415954165,2.0444919700233175,-3659742,4.298338243515526,K6613,Otras actividades relacionadas con el mercado de valores
Plenas-Separados,"Estado de resultado integral, resultado del periodo, por funcion de gasto",900863312,2025-12-31,INVERSIONES RESERVA DE LAGO SAS,F4111 - Construcción de edificios residenciales,08. SOCIEDAD POR ACCIONES SIMPLIFICADA SAS,CR 11 98 07 PISO 6A1,BOGOTA D.C.,BOGOTA D.C.,Periodo Actual,47570997.0,42594780.0,4976217.0,304742.0,0.0,5870584.0,56900.0,0.0,-646525,0.0,0.0,506291.0,0.0,0.0,,0.0,0.0,0.0,0.0,-140234,831.0,-141065,0.0,-141065,2025,0.10460611115634175,-0.013590738911778536,-0.002965357232264861,-268214,0.47405802829084237,F4111,Construcción de edificios residenciales
Plenas-Separados,"Estado de resultado integral, resultado del periodo, por funcion de gasto",900867653,2025-12-31,SAN FRANCISCO INVESTMENTS SAS  Actividades inmobiliarias realizadas con bienes propios o arrendados  L6810 - Actividades inmobiliarias realizadas con bienes propios o arrendados 01. ANUAL 2015-07-09  ACTIVA 08. SOCIEDAD POR ACCIONES SIMPLIFICADA SAS 07. ACTIVIDAD ECONÓMICA DIFERENTE A LAS ANTERIORES,I5511 - Alojamiento en hoteles,08. SOCIEDAD POR ACCIONES SIMPLIFICADA SAS,CR 8 B 25 56 BRR GETSEMANI,BOLIVAR,CARTAGENA-BOLIVAR,Periodo Actual,0.0,0.0,0.0,1184538.0,53869.0,31094813.0,1022503.0,0.0,-30986647,,,4911365.0,10337360.0,,13844.0,,,,,-36398798,-6352687.0,-30046111,,-30046111,2025,,,,-12602078,-1.38421877725245,I5511,Alojamiento en hoteles
Plenas-Separados,"Estado de resultado integral, resultado del periodo, por funcion de gasto",900869209,2025-12-31,OMIA INVERSIONES SAS,M7112 - Actividades de ingeniería y otras actividades conexas de consultoría técnica,08. SOCIEDAD POR ACCIONES SIMPLIFICADA SAS,CL 99 7 A77 OFC 601,BOGOTA D.C.,BOGOTA D.C.,Periodo Actual,0.0,0.0,0.0,27824.0,0.0,79332.0,10467.0,0.0,-61975,,,,,,10759450.0,,,,,10697475,,10697475,,10697475,2025,,,,5688474,0.8805526754626988,M7112,Actividades de ingeniería y otras actividades conexas de consultoría técnica
Plenas-Separados,"Estado de resultado integral, resultado del periodo, por funcion de gasto",900875272,2025-12-31,BEMAJU S.A.S,M7010 - Actividades de administración empresarial,08. SOCIEDAD POR ACCIONES SIMPLIFICADA SAS,CRR 44 19 56 LC1,ANTIOQUIA,MEDELLIN-ANTIOQUIA,Periodo Actual,20923171.0,10456732.0,10466439.0,300879.0,0.0,393635.0,181072.0,0.0,10192611,,,19028.0,228553.0,,165357005.0,,,,,175340091,28187.0,175311904,,175311904,2025,0.5002319677069982,0.4871446589047138,8.378840090730034,126306046,0.38799297066111943,M7010,Actividades de administración empresarial
Plenas-Separados,"Estado de resultado integral, resultado del periodo, por funcion de gasto",900877488,2025-12-31,Eche SAS,M7010 - Actividades de administración empresarial,08. SOCIEDAD POR ACCIONES SIMPLIFICADA SAS,CR 44 19-56 LC 1,ANTIOQUIA,MEDELLIN-ANTIOQUIA,Periodo Actual,30509559.0,19147770.0,11361789.0,281364.0,0.0,1105605.0,18734832.0,0.0,-8197284,,,365.0,75989.0,,165329378.0,,,,,157056470,1320662.0,155735808,,155735808,2025,0.3724009580079476,-0.26867920313105803,5.104492267489019,129240519,0.20500760291747203,M7010,Actividades de administración empresarial
Plenas-Separados,"Estado de resultado integral, resultado del periodo, por funcion de gasto",900877535,2025-12-31,CUARZO AMARILLO S.A.S.,M7010 - Actividades de administración empresarial,08. SOCIEDAD POR ACCIONES SIMPLIFICADA SAS,CARRERA 44 #19 56,ANTIOQUIA,MEDELLIN-ANTIOQUIA,Periodo Actual,29778468.0,15380169.0,14398299.0,1431452.0,0.0,794374.0,881489.0,0.0,14153888,,,,121768.0,,165394861.0,,,,,179426981,209076.0,179217905,,179217905,2025,0.4835137590019742,0.47530611715820975,6.018372234595816,128882892,0.39054844455228394,M7010,Actividades de administración empresarial
Plenas-Separados,"Estado de resultado integral, resultado del periodo, por funcion de gasto",900881993,2025-12-31,ISCOL INVESTMENTS SAS,"C1020 - Procesamiento y conservación de frutas, legumbres, hortalizas y tubérculos",08. SOCIEDAD POR ACCIONES SIMPLIFICADA SAS,KM 1 VIA AEROPUERTO ROZO,VALLE,PALMIRA-VALLE,Periodo Actual,52702652.0,52496655.0,205997.0,1845117.0,2558708.0,3900531.0,865650.0,0.0,-5273775,,,19730599.0,20154000.0,,,-300974.0,,,,-5998150,6232841.0,-12230991,,-12230991,2025,0.0039086647859769945,-0.10006659626919723,-0.23207543711462567,-16554218,0.26115561604903353,C1020,"Procesamiento y conservación de frutas, legumbres, hortalizas y tubérculos"
Plenas-Separados,"Estado de resultado integral, resultado del periodo, por funcion de gasto",900888439,2025-12-31,NEOGREEN CONSTRUCTION SAS,F4210 - Construcción de carreteras y vías de ferrocarril,08. SOCIEDAD POR ACCIONES SIMPLIFICADA SAS,AUT NORTE KM 21 INT OLIMPICA SEDE CONSORCIO VIAL HELIOS,CUNDINAMARCA,CHIA-CUNDINAMARCA,Periodo Actual,710264.0,8857111.0,-8146847.0,982286.0,0.0,3254912.0,5262806.0,0.0,-15682279,,,2211920.0,1360.0,,,,,,,-13471719,-2230714.0,-11241005,,-11241005,2025,-11.470167430701824,-22.079507056531092,-15.826516619172589,3152558,-4.565677459383776,F4210,Construcción de carreteras y vías de ferrocarril
Plenas-Separados,"Estado de resultado integral, resultado del periodo, por funcion de gasto",900893794,2025-12-31,AMARILO INVERSIONES SAS,M7010 - Actividades de administración empresarial,08. SOCIEDAD POR ACCIONES SIMPLIFICADA SAS,CL 90 11A 27,BOGOTA D.C.,BOGOTA D.C.,Periodo Actual,2954132.0,0.0,2954132.0,9.0,0.0,3654150.0,444647.0,0.0,-1144656,,,47316.0,19246572.0,,,,,,,-20343912,-407320.0,-19936592,,-19936592,2025,1.0,-0.38747625360004223,-6.748714004655175,1558041,-13.795935408631737,M7010,Actividades de administración empresarial
Plenas-Separados,"Estado de resultado integral, resultado del periodo, por funcion de gasto",900896003,2025-12-31,JOB&TALENT CO SAS,N7810 - Actividades de agencias de gestión y colocación de empleo,08. SOCIEDAD POR ACCIONES SIMPLIFICADA SAS,Carrera 19 95 20 Piso 6,BOGOTA D.C.,BOGOTA D.C.,Periodo Actual,37114676.0,0.0,37114676.0,0.0,0.0,38775889.0,5368421.0,0.0,-7029634,,,,1408004.0,,,,,,,-8437638,-1699694.0,-6737944,,-6737944,2025,1.0,-0.18940308141178439,-0.18154392618165385,-22165808,0.6960208263105049,N7810,Actividades de agencias de gestión y colocación de empleo
Plenas-Separados,"Estado de resultado integral, resultado del periodo, por funcion de gasto",900906350,2025-12-31,INSUMOS Y AGREGADOS DE COLOMBIA S.A.S,"B0812 - Extracción de arcillas de uso industrial, caliza, caolín y bentonitas",08. SOCIEDAD POR ACCIONES SIMPLIFICADA SAS,CR 48 NO 72 SUR 01 AV LAS VEGAS,ANTIOQUIA,SABANETA-ANTIOQUIA,Periodo Actual,94381345.0,70543774.0,23837571.0,8620.0,12149562.0,2923857.0,39137.0,180972.0,8914607,,,98661.0,7437775.0,,-321165.0,,,,8825.0,1263153,734966.0,528187,,528187,2025,0.25256655327384875,0.094453061672304,0.005596307193969316,-870394,1.606836673966043,B0812,"Extracción de arcillas de uso industrial, caliza, caolín y bentonitas"
Plenas-Separados,"Estado de resultado integral, resultado del periodo, por funcion de gasto",900921325,2025-12-31,CINECOLOR COLOMBIA SAS,"N7740 - Arrendamiento de propiedad intelectual y productos similares, excepto obras protegidas por derechos de autor",08. SOCIEDAD POR ACCIONES SIMPLIFICADA SAS,Aut Medellin Km 1.8 Parque Ind Soko Ed Cinecolor,CUNDINAMARCA,COTA-CUNDINAMARCA,Periodo Actual,146830002.0,93027568.0,53802434.0,6760531.0,35974795.0,2716714.0,125.0,0.0,21871331,,,1054627.0,901687.0,,1723802.0,,,,,23748073,8713866.0,15034207,,15034207,2025,0.3664267061713995,0.14895682559481271,0.10239192804751171,10992632,0.36766217590109446,N7740,"Arrendamiento de propiedad intelectual y productos similares, excepto obras protegidas por derechos de autor"
Plenas-Separados,"Estado de resultado integral, resultado del periodo, por funcion de gasto",900937741,2025-12-31,RETIRO VERDE S.A.S.,F4111 - Construcción de edificios residenciales,08. SOCIEDAD POR ACCIONES SIMPLIFICADA SAS,CR 35 N15B 143 P4 OF 401,ANTIOQUIA,MEDELLIN-ANTIOQUIA,Periodo Actual,4183287.0,4099621.0,83666.0,1938.0,0.0,4046.0,63595.0,0.0,17963,,,7263.0,14921.0,,,,,,,10305,6086.0,4219,,4219,2025,0.0200000621520828,0.004293991782060375,0.0010085370666655193,188163,-0.9775779510318181,F4111,Construcción de edificios residenciales
Plenas-Separados,"Estado de resultado integral, resultado del periodo, por funcion de gasto",900938701,2025-12-31,PACTAR DESARROLLADOR INMOBILIARIO S A S,F4111 - Construcción de edificios residenciales,08. SOCIEDAD POR ACCIONES SIMPLIFICADA SAS,CL 3 SUR 43 A 52 OF 705 EDIFICIO ULTRABURSATILES,ANTIOQUIA,MEDELLIN-ANTIOQUIA,Periodo Actual,21886284.0,13324494.0,8561790.0,736278.0,1237200.0,3984614.0,116419.0,0.0,3959835,,,344082.0,251699.0,,,,,,,4052218,263458.0,3788760,,3788760,2025,0.3911943206073722,0.1809276988272655,0.17311115948234976,2904033,0.30465459586719573,F4111,Construcción de edificios residenciales
Plenas-Separados,"Estado de resultado integral, resultado del periodo, por funcion de gasto",900954948,2025-12-31,KHIRON COLOMBIA SAS,"C2100 - Fabricación de productos farmacéuticos, sustancias químicas medicinales y productos botánicos de uso farmacéutico",08. SOCIEDAD POR ACCIONES SIMPLIFICADA SAS,CL 41 20 39,BOGOTA D.C.,BOGOTA D.C.,Periodo Actual,564997.0,199008.0,365989.0,229967.0,333066.0,613830.0,0.0,0.0,-350940,0.0,0.0,208.0,848747.0,0.0,-197109.0,0.0,0.0,0.0,0.0,-1396588,,-1396588,,-1396588,2025,0.6477715810880412,-0.6211360414303084,-2.471850293010405,-5525412,0.7472427395459379,C2100,"Fabricación de productos farmacéuticos, sustancias químicas medicinales y productos botánicos de uso farmacéutico"
Plenas-Separados,"Estado de resultado integral, resultado del periodo, por funcion de gasto",900959533,2025-12-31,OBA COLOMBIA S.A.S,"M7490 - Otras actividades profesionales, científicas y técnicas n.c.p.",08. SOCIEDAD POR ACCIONES SIMPLIFICADA SAS,CL 37 13 48 OF 401,SANTANDER,BUCARAMANGA-SANTANDER,Periodo Actual,3913190.0,0.0,3913190.0,198528.0,0.0,4439735.0,29293.0,0.0,-357310,0.0,0.0,204190.0,495011.0,0.0,1445062.0,0.0,0.0,0.0,0.0,796931,210873.0,586058,0.0,586058,2025,1.0,-0.09130913653566528,0.14976476991917081,661710,-0.11432802889483308,M7490,"Otras actividades profesionales, científicas y técnicas n.c.p."
Plenas-Separados,"Estado de resultado integral, resultado del periodo, por funcion de gasto",900966568,2025-12-31,THOMAS PROCESSING & SYSTEMS S A S,"J6201 - Actividades de desarrollo de sistemas informáticos (planificación, análisis, diseño, programación, pruebas)",08. SOCIEDAD POR ACCIONES SIMPLIFICADA SAS,KR 42 BIS 17A 75,BOGOTA D.C.,BOGOTA D.C.,Periodo Actual,71293637.0,52673069.0,18620568.0,0.0,0.0,6700706.0,0.0,-735045.0,11184817,0.0,0.0,2106148.0,0.0,0.0,0.0,0.0,0.0,0.0,0.0,13290965,3211233.0,10079732,,10079732,2025,0.26118134497753287,0.15688380437092864,0.14138333270892042,-6526244,2.5444920539287224,J6201,"Actividades de desarrollo de sistemas informáticos (planificación, análisis, diseño, programación, pruebas)"
Plenas-Separados,"Estado de resultado integral, resultado del periodo, por funcion de gasto",900966969,2025-12-31,ROYAL RENTAL COLOMBIA S.A.S,"N7730 - Alquiler y arrendamiento de otros tipos de maquinaria, equipo y bienes tangibles n.c.p.",08. SOCIEDAD POR ACCIONES SIMPLIFICADA SAS,CL 15 35 75 BG A 5,VALLE,YUMBO-VALLE,Periodo Actual,86831830.0,59456700.0,27375130.0,6637837.0,5875047.0,4506642.0,1414597.0,2329721.0,24546402,,,129988.0,15169424.0,,301036.0,,,,,9808002,4569436.0,5238566,,5238566,2025,0.3152660723607921,0.2826889862853288,0.060330019533159675,3171808,0.6516024929630041,N7730,"Alquiler y arrendamiento de otros tipos de maquinaria, equipo y bienes tangibles n.c.p."
Plenas-Separados,"Estado de resultado integral, resultado del periodo, por funcion de gasto",900967670,2025-12-31,HG SANTAMARIA S.A.S,M7010 - Actividades de administración empresarial,08. SOCIEDAD POR ACCIONES SIMPLIFICADA SAS,CR 43 A NO. 19 -17 OFC 1006,ANTIOQUIA,APARTADO-ANTIOQUIA,Periodo Actual,28662578.0,0.0,28662578.0,1541.0,0.0,215932.0,5.0,0.0,28448182,,,2056797.0,1178.0,,,,,,,30503801,755244.0,29748557,,29748557,2025,1.0,0.9925200029111129,1.0378883923141875,1449680,19.520774929639643,M7010,Actividades de administración empresarial
Plenas-Separados,"Estado de resultado integral, resultado del periodo, por funcion de gasto",900975809,2025-12-31,LAND REALTY COLOMBIA SAS,L6810 - Actividades inmobiliarias realizadas con bienes propios o arrendados,08. SOCIEDAD POR ACCIONES SIMPLIFICADA SAS,CL 113 7 21 TO A OF 911,BOGOTA D.C.,BOGOTA D.C.,Periodo Actual,1258947.0,0.0,1258947.0,0.0,0.0,1741469.0,183507.0,0.0,-666029,,,133874.0,29579.0,,115322.0,,,,,-446412,27405.0,-473817,,-473817,2025,1.0,-0.5290365678618719,-0.3763597673293633,3302355,-1.1434785176033466,L6810,Actividades inmobiliarias realizadas con bienes propios o arrendados
Plenas-Separados,"Estado de resultado integral, resultado del periodo, por funcion de gasto",900989399,2025-12-31,WEWORK COLOMBIA SAS ,L6810 - Actividades inmobiliarias realizadas con bienes propios o arrendados,08. SOCIEDAD POR ACCIONES SIMPLIFICADA SAS,Cr 11 B # 99 - 25 P 5,BOGOTA D.C.,BOGOTA D.C.,Periodo Actual,166719193.0,96343515.0,70375678.0,22896603.0,7534840.0,12332272.0,6229799.0,0.0,67175370,0.0,0.0,2633631.0,69091521.0,0.0,-1604627.0,0.0,0.0,0.0,0.0,-887147,16350190.0,-17237337,0.0,-17237337,2025,0.42212103317942523,0.4029252348888229,-0.10339143736138406,120434677,-1.1431260283946292,L6810,Actividades inmobiliarias realizadas con bienes propios o arrendados
Plenas-Separados,"Estado de resultado integral, resultado del periodo, por funcion de gasto",900999179,2025-12-31,Kinesso Colombia SAS,M7310 - Publicidad,08. SOCIEDAD POR ACCIONES SIMPLIFICADA SAS,Calle 100 No. 7 A 81 P 5 ,BOGOTA D.C.,BOGOTA D.C.,Periodo Actual,37829372.0,19565142.0,18264230.0,22087764.0,31483844.0,2594385.0,0.0,0.0,6273765,,,,336413.0,,,,,,,5937352,1968004.0,3969348,,3969348,2025,0.482805530052151,0.1658437523097132,0.10492767366056195,11144641,-0.6438334801453003,M7310,Publicidad
Plenas-Separados,"Estado de resultado integral, resultado del periodo, por funcion de gasto",901006398,2025-12-31,ALUPAR COLOMBIA SAS,K6494 - Otras actividades de distribución de fondos,08. SOCIEDAD POR ACCIONES SIMPLIFICADA SAS,Calle 93 12 14 Oficina 401,BOGOTA D.C.,BOGOTA D.C.,Periodo Actual,6187990.0,0.0,6187990.0,0.0,0.0,7788183.0,0.0,785531.0,-814662,,,6851907.0,16590870.0,,20301068.0,,,,,9747443,845295.0,8902148,,8902148,2025,1.0,-0.13165211967052307,1.4386170630527846,-18396094,1.4839151180679986,K6494,Otras actividades de distribución de fondos
Plenas-Separados,"Estado de resultado integral, resultado del periodo, por funcion de gasto",901013959,2025-12-31,LIFTIT  SAS,N8299 - Otras actividades de servicio de apoyo a las empresas n.c.p.,08. SOCIEDAD POR ACCIONES SIMPLIFICADA SAS,Cra 72 B 52 a 14,BOGOTA D.C.,BOGOTA D.C.,Periodo Actual,0.0,0.0,0.0,2457596.0,1366576.0,7427830.0,395115.0,0.0,-6731925,,,491971.0,1548149.0,,4872679.0,,,,,-2915424,,-2915424,,-2915424,2025,,,,-2283364,-0.27681088078817045,N8299,Otras actividades de servicio de apoyo a las empresas n.c.p.
Plenas-Separados,"Estado de resultado integral, resultado del periodo, por funcion de gasto",901015072,2025-12-31,INDUCAFE SAS,C1063 - Otros derivados del café,08. SOCIEDAD POR ACCIONES SIMPLIFICADA SAS,PARQUE INDUSTRIAL JUANCHITO,CALDAS,MANIZALES-CALDAS,Periodo Actual,0.0,0.0,0.0,1634.0,0.0,30277.0,1844.0,0.0,-30487,,,,10464.0,,28814341.0,,,,,28773390,517.0,28772873,,28772873,2025,,,,20893395,0.3771276999262207,C1063,Otros derivados del café
Plenas-Separados,"Estado de resultado integral, resultado del periodo, por funcion de gasto",901021541,2025-12-31,INVERSIONES TORREJON SAS,M7010 - Actividades de administración empresarial,08. SOCIEDAD POR ACCIONES SIMPLIFICADA SAS,Calle 66 a N 43 02,ANTIOQUIA,ITAGUI-ANTIOQUIA,Periodo Actual,582677.0,0.0,582677.0,0.0,0.0,522393.0,0.0,0.0,60284,,,2314384.0,3169679.0,,367782.0,,,,,-427229,-1528934.0,1101705,,1101705,2025,1.0,0.10346040773876436,1.8907645230547971,3915575,-0.7186351940647286,M7010,Actividades de administración empresarial
Plenas-Separados,"Estado de resultado integral, resultado del periodo, por funcion de gasto",901021627,2025-12-31,MQ INVESTMENTS SAS,M7010 - Actividades de administración empresarial,08. SOCIEDAD POR ACCIONES SIMPLIFICADA SAS,Aut Medellin Km 3.5 Ttc Md 5 Bg 13 14,CUNDINAMARCA,COTA-CUNDINAMARCA,Periodo Actual,15801448.0,0.0,15801448.0,447227.0,351674.0,1018416.0,84911.0,0.0,14793674,,,,282071.0,,,,,,,14511603,287428.0,14224175,,14224175,2025,1.0,0.936222680351826,0.900181742837745,1759376,7.084784037067688,M7010,Actividades de administración empresarial
Plenas-Separados,"Estado de resultado integral, resultado del periodo, por funcion de gasto",901024978,2025-12-31,GALLAGHER CONSULTING LTDA  GALLAGHER CONSULTING LTDA,"M7490 - Otras actividades profesionales, científicas y técnicas n.c.p.",03. SOCIEDAD LIMITADA,AK 19 No 120 71 of 513,BOGOTA D.C.,BOGOTA D.C.,Periodo Actual,30274992.0,0.0,30274992.0,0.0,0.0,31512557.0,0.0,-209882.0,-1447447,,,105196.0,345624.0,,6439.0,,,,,-1681436,-236617.0,-1444819,,-1444819,2025,1.0,-0.047809987860607854,-0.04772318354369837,262274,-6.508815208522385,M7490,"Otras actividades profesionales, científicas y técnicas n.c.p."
Plenas-Separados,"Estado de resultado integral, resultado del periodo, por funcion de gasto",901026168,2025-12-31,RED PINE SAS,G4771 - Comercio al por menor de prendas de vestir y sus accesorios (incluye artículos de piel) en establecimientos especializados,08. SOCIEDAD POR ACCIONES SIMPLIFICADA SAS,Carrera 18 No. 86 A -14,BOGOTA D.C.,BOGOTA D.C.,Periodo Actual,6346672.0,1807853.0,4538819.0,763598.0,2173542.0,1536936.0,114689.0,0.0,1477250,,,3430.0,1444857.0,,,,,,,35823,-127565.0,163388,,163388,2025,0.7151494515550827,0.23275978339514,0.02574388592950762,-1371244,1.1191531193573134,G4771,Comercio al por menor de prendas de vestir y sus accesorios (incluye artículos de piel) en establecimientos especializados
Plenas-Separados,"Estado de resultado integral, resultado del periodo, por funcion de gasto",901029984,2025-12-31,INVERSIONES DW S.A.S.,"K6499 - Otras actividades de servicio financiero, excepto las de seguros y pensiones n.c.p.",08. SOCIEDAD POR ACCIONES SIMPLIFICADA SAS,CL 92 11 51 OFICINA 903,BOGOTA D.C.,BOGOTA D.C.,Periodo Actual,0.0,0.0,0.0,5612388.0,0.0,2603990.0,27567.0,0.0,2980831,0.0,0.0,57247.0,3939.0,0.0,,0.0,0.0,0.0,0.0,3034139,0.0,3034139,0.0,3034139,2025,,,,-5761021,1.526666887692303,K6499,"Otras actividades de servicio financiero, excepto las de seguros y pensiones n.c.p."
Plenas-Separados,"Estado de resultado integral, resultado del periodo, por funcion de gasto",901031553,2025-12-31,JOHANNA ORTIZ ZONA FRANCA SAS,"C1410 - Confección de prendas de vestir, excepto prendas de piel",08. SOCIEDAD POR ACCIONES SIMPLIFICADA SAS,KM 6 VIA YUMBO - AEROPUERTO ZONA FRANCA DEL PACIFICO MZ E BG 1 Y 2,VALLE,PALMIRA-VALLE,Periodo Actual,75971796.0,37563409.0,38408387.0,1492166.0,18570348.0,9215686.0,11856938.0,0.0,257581,,,,,,,,,,,257581,2459606.0,-2202025,,-2202025,2025,0.5055611295539203,0.003390481909891929,-0.02898476955842929,-1213973,-0.8138994854086541,C1410,"Confección de prendas de vestir, excepto prendas de piel"
Plenas-Separados,"Estado de resultado integral, resultado del periodo, por funcion de gasto",901034523,2025-12-31,MASIVIAN SAS,"J6201 - Actividades de desarrollo de sistemas informáticos (planificación, análisis, diseño, programación, pruebas)",08. SOCIEDAD POR ACCIONES SIMPLIFICADA SAS,CR 13  98 70 OF 305,BOGOTA D.C.,BOGOTA D.C.,Periodo Actual,102445842.0,70003168.0,32442674.0,11598376.0,10593627.0,9635923.0,206565.0,0.0,23604935,,,1084762.0,1278087.0,,,,,,,23411610,5834653.0,17576957,,17576957,2025,0.3166812177696778,0.2304137926847241,0.17157316155398478,9021890,0.9482566291542016,J6201,"Actividades de desarrollo de sistemas informáticos (planificación, análisis, diseño, programación, pruebas)"
Plenas-Separados,"Estado de resultado integral, resultado del periodo, por funcion de gasto",901034906,2025-12-31,BBDO COLOMBIA S.A.S.,M7310 - Publicidad,08. SOCIEDAD POR ACCIONES SIMPLIFICADA SAS,CL 98  9 03 OF 705,BOGOTA D.C.,BOGOTA D.C.,Periodo Actual,16997461.0,1560167.0,15437294.0,2226877.0,0.0,18029939.0,1175304.0,0.0,-1541072,,,154965.0,,,11062771.0,,,,,9676664,,9676664,,9676664,2025,0.9082117617448865,-0.09066483517744209,0.5693005561242352,13238885,-0.2690725842848548,M7310,Publicidad
Plenas-Separados,"Estado de resultado integral, resultado del periodo, por funcion de gasto",901036940,2025-12-31,BARRANQUILLA CAPITAL DE LUZ SAS,F4321 - Instalaciones eléctricas,08. SOCIEDAD POR ACCIONES SIMPLIFICADA SAS,CARRERA 67 58-15,ATLANTICO,BARRANQUILLA-ATLANTICO,Periodo Actual,54401763.0,37427562.0,16974201.0,1257560.0,0.0,4537204.0,623364.0,0.0,13071193,0.0,0.0,0.0,0.0,0.0,28042701.0,0.0,0.0,0.0,0.0,41113894,4693904.0,36419990,0.0,36419990,2025,0.3120156418460189,0.2402714963483812,0.6694634142647179,30214319,0.20538841203073285,F4321,Instalaciones eléctricas
Plenas-Separados,"Estado de resultado integral, resultado del periodo, por funcion de gasto",901040141,2025-12-31,FINAKTIVA S.A.S,K6619 - Otras actividades auxiliares de las actividades de servicios financieros n.c.p.,08. SOCIEDAD POR ACCIONES SIMPLIFICADA SAS,CR 43 B CL 1 A SUR 70 P 10 BURO 4.0,ANTIOQUIA,MEDELLIN-ANTIOQUIA,Periodo Actual,32534710.0,32223849.0,310861.0,5363066.0,53415.0,8805791.0,5391520.0,0.0,-8576799,0.0,0.0,296882.0,0.0,4189155.0,580288.0,0.0,0.0,0.0,0.0,-11888784,-2824783.0,-9064001,0.0,-9064001,2025,0.009554749373822604,-0.2636199615733474,-0.2785947992159758,-7277934,-0.24540851840645986,K6619,Otras actividades auxiliares de las actividades de servicios financieros n.c.p.
Plenas-Separados,"Estado de resultado integral, resultado del periodo, por funcion de gasto",901040142,2025-12-31,LIDER EN INVERSIONES S.A.S,L6810 - Actividades inmobiliarias realizadas con bienes propios o arrendados,08. SOCIEDAD POR ACCIONES SIMPLIFICADA SAS,CR 67 A 48 D 29,ANTIOQUIA,MEDELLIN-ANTIOQUIA,Periodo Actual,532555.0,0.0,532555.0,284380.0,24.0,561841.0,253598.0,0.0,1472,0.0,0.0,25802.0,14924.0,0.0,0.0,3912270.0,0.0,0.0,0.0,3924620,31420.0,3893200,,3893200,2025,1.0,0.0027640337617710845,7.31041864220597,2410764,0.6149237337209283,L6810,Actividades inmobiliarias realizadas con bienes propios o arrendados
Plenas-Separados,"Estado de resultado integral, resultado del periodo, por funcion de gasto",901040234,2025-12-31,PROMOTORA NIVEL SAS,F4111 - Construcción de edificios residenciales,08. SOCIEDAD POR ACCIONES SIMPLIFICADA SAS,Carrera 35 15 B 143 P4 OF 401,ANTIOQUIA,MEDELLIN-ANTIOQUIA,Periodo Actual,22625904.0,18421323.0,4204581.0,3675585.0,0.0,2705956.0,813754.0,0.0,4360456,,,374047.0,1812416.0,,,,,,,2922087,912068.0,2010019,,2010019,2025,0.18583040925127234,0.19271963674909962,0.08883706922826155,2889079,-0.30426997669499517,F4111,Construcción de edificios residenciales
Plenas-Separados,"Estado de resultado integral, resultado del periodo, por funcion de gasto",901040402,2025-12-31,RESITER SAS,"G4665 - Comercio al por mayor de desperdicios, desechos y chatarra",08. SOCIEDAD POR ACCIONES SIMPLIFICADA SAS,7944888,CUNDINAMARCA,FUNZA-CUNDINAMARCA,Periodo Actual,27280141.0,25387535.0,1892606.0,2091442.0,0.0,5232789.0,1331062.0,754831.0,-1824972,0.0,0.0,2037360.0,239981.0,0.0,-754832.0,0.0,0.0,0.0,0.0,-782425,2009220.0,-2791645,0.0,-2791645,2025,0.06937669420403655,-0.06689745481887355,-0.1023324989412628,-9647467,0.7106344079746528,G4665,"Comercio al por mayor de desperdicios, desechos y chatarra"
Plenas-Separados,"Estado de resultado integral, resultado del periodo, por funcion de gasto",901043903,2025-12-31,GOWAN COLOMBIA SAS,G4669 - Comercio al por mayor de otros productos n.c.p.,08. SOCIEDAD POR ACCIONES SIMPLIFICADA SAS,BODEGA 237 ZONA FRANA RIONEGRO VDA CHACHAFRUTO,ANTIOQUIA,RIONEGRO-ANTIOQUIA,Periodo Actual,51770427.0,29719789.0,22050638.0,3278585.0,9282836.0,3765702.0,25026.0,0.0,12255659,0.0,0.0,83461.0,906376.0,0.0,,0.0,0.0,0.0,0.0,11432744,4444041.0,6988703,0.0,6988703,2025,0.4259311595015432,0.23673088498961,0.1349941154628684,5035007,0.3880224992735859,G4669,Comercio al por mayor de otros productos n.c.p.
Plenas-Separados,"Estado de resultado integral, resultado del periodo, por funcion de gasto",901059574,2025-12-31,OSORIO CAPITAL S.A.S.,K6494 - Otras actividades de distribución de fondos,08. SOCIEDAD POR ACCIONES SIMPLIFICADA SAS,CL 28 23 10,SANTANDER,BUCARAMANGA-SANTANDER,Periodo Actual,0.0,0.0,0.0,17281.0,0.0,40661.0,15544.0,0.0,-38924,,,,,,1905716.0,,,,,1866792,,1866792,,1866792,2025,,,,-4865671,1.3836658910970348,K6494,Otras actividades de distribución de fondos
Plenas-Separados,"Estado de resultado integral, resultado del periodo, por funcion de gasto",901062828,2025-12-31,GRUPO CREZCAMOS S.A.S.,K6494 - Otras actividades de distribución de fondos,08. SOCIEDAD POR ACCIONES SIMPLIFICADA SAS,CALLE 28 23 10 BARRIO ALARCON,SANTANDER,BUCARAMANGA-SANTANDER,Periodo Actual,0.0,0.0,0.0,0.0,0.0,194523.0,3704.0,460041.0,261814,,,,,,3528147.0,,,,,3789961,-21470.0,3811431,,3811431,2025,,,,-9663682,1.3944077423077457,K6494,Otras actividades de distribución de fondos
Plenas-Separados,"Estado de resultado integral, resultado del periodo, por funcion de gasto",901079457,2025-12-31,AGROPECUARIA COPAL SAS,A0145 - Cría de aves de corral,08. SOCIEDAD POR ACCIONES SIMPLIFICADA SAS,CR 100# 16-321 OF 602,VALLE,CALI-VALLE,Periodo Actual,12294814.0,10905924.0,1388890.0,7477.0,0.0,1775447.0,35421.0,706473.0,291972,,,71539.0,171813.0,,,,552180.0,-193263.0,,550615,46962.0,503653,,503653,2025,0.11296551537908585,0.023747573570450112,0.04096467014466425,64265,6.837127518867191,A0145,Cría de aves de corral
Plenas-Separados,"Estado de resultado integral, resultado del periodo, por funcion de gasto",901084632,2025-12-31,FAGUA FLOWERS SAS,L6810 - Actividades inmobiliarias realizadas con bienes propios o arrendados,08. SOCIEDAD POR ACCIONES SIMPLIFICADA SAS,CL 97 No. 23-60 TO PROKSOL OF 702,BOGOTA D.C.,BOGOTA D.C.,Periodo Actual,641493.0,0.0,641493.0,0.0,0.0,432686.0,1653.0,0.0,207154,,,1080633.0,684120.0,,116288.0,,,,,719955,-993025.0,1712980,,1712980,2025,1.0,0.3229248019853685,2.6703019362643086,408854,3.1897107524935553,L6810,Actividades inmobiliarias realizadas con bienes propios o arrendados
Plenas-Separados,"Estado de resultado integral, resultado del periodo, por funcion de gasto",901089217,2025-12-31,INVERSIONES ARSENAL MM SAS,K6613 - Otras actividades relacionadas con el mercado de valores,08. SOCIEDAD POR ACCIONES SIMPLIFICADA SAS,CALLE 116 # 7-15 PISO 17,BOGOTA D.C.,BOGOTA D.C.,Periodo Actual,0.0,0.0,0.0,0.0,0.0,68509.0,1240.0,0.0,-69749,,,,,,-81617455.0,,,,,-81687204,,-81687204,,-81687204,2025,,,,41411042,-2.972594749004384,K6613,Otras actividades relacionadas con el mercado de valores
Plenas-Separados,"Estado de resultado integral, resultado del periodo, por funcion de gasto",901095420,2025-12-31,PNS DE COLOMBIA S.A.,"M7490 - Otras actividades profesionales, científicas y técnicas n.c.p.",01. SOCIEDAD ANÓNIMA,CAJICA KM 5 VIA TABIO,CUNDINAMARCA,CAJICA-CUNDINAMARCA,Periodo Actual,36184217.0,0.0,36184217.0,0.0,290491.0,1183591.0,0.0,1868.0,34712003,,,1774988.0,,,,,,,,36486991,1370855.0,35116136,,35116136,2025,1.0,0.9593133658246633,0.9704821303719243,25875926,0.3570967856377391,M7490,"Otras actividades profesionales, científicas y técnicas n.c.p."
Plenas-Separados,"Estado de resultado integral, resultado del periodo, por funcion de gasto",901104500,2025-12-31,AMERICA INFRASTRUCTURE PARTNERS S.A.S,F4290 - Construcción de otras obras de ingeniería civil,08. SOCIEDAD POR ACCIONES SIMPLIFICADA SAS,CR 7 75 66 OF 702,BOGOTA D.C.,BOGOTA D.C.,Periodo Actual,63739.0,0.0,63739.0,14.0,0.0,365995.0,136833.0,0.0,-439075,,,202540.0,,,-11529612.0,,,,,-11766147,1756463.0,-13522610,,-13522610,2025,1.0,-6.888639608403018,-212.1559798553476,54161464,-1.249672165434819,F4290,Construcción de otras obras de ingeniería civil
Plenas-Separados,"Estado de resultado integral, resultado del periodo, por funcion de gasto",901112025,2025-12-31,PROYECTOS Y DESARROLLOS VIALES DEL PACIFICO S.A.S.,F4210 - Construcción de carreteras y vías de ferrocarril,08. SOCIEDAD POR ACCIONES SIMPLIFICADA SAS,CALLE 26 # 59-41 OF 903,BOGOTA D.C.,BOGOTA D.C.,Periodo Actual,245869233.0,0.0,245869233.0,74407989.0,0.0,12998169.0,0.0,0.0,307279053,,,2583035.0,62243212.0,,46406563.0,,,,,294025439,79063796.0,214961643,,214961643,2025,1.0,1.2497661836363234,0.874292567545448,227760764,-0.056195460426186485,F4210,Construcción de carreteras y vías de ferrocarril
Plenas-Separados,"Estado de resultado integral, resultado del periodo, por funcion de gasto",901118174,2025-12-31,C. LAW CONSULTING S.A.S.,F4390 - Otras actividades especializadas para la construcción de edificios y obras de ingeniería civil,07. EMPRESA UNIPERSONAL,Cr 7 Km 16 Vrd Fusca Lt Shosua,CUNDINAMARCA,CHIA-CUNDINAMARCA,Periodo Actual,0.0,0.0,0.0,4.0,0.0,170574.0,11124578.0,0.0,-11295148,,,,,,,,,,,-11295148,94175.0,-11389323,,-11389323,2025,,,,17303749,-1.6581997346355406,F4390,Otras actividades especializadas para la construcción de edificios y obras de ingeniería civil
Plenas-Separados,"Estado de resultado integral, resultado del periodo, por funcion de gasto",901127086,2025-12-31,INFRAESTRUCTURA GLOBAL SAS,F4290 - Construcción de otras obras de ingeniería civil,08. SOCIEDAD POR ACCIONES SIMPLIFICADA SAS,CR 7 KM 16 VRD FUSCA LT SHOSUA,CUNDINAMARCA,CHIA-CUNDINAMARCA,Periodo Actual,13258.0,0.0,13258.0,1703221.0,0.0,1326901.0,96772972.0,0.0,-96383394,,,4239055.0,,,-23667273.0,,,,,-115811612,-31704326.0,-84107286,,-84107286,2025,1.0,-7269.829084326444,-6343.889425252678,24866060,-4.382413056189843,F4290,Construcción de otras obras de ingeniería civil
Plenas-Separados,"Estado de resultado integral, resultado del periodo, por funcion de gasto",901131258,2025-12-31,SOCIEDAD DE INVERSIONES MONTANA SAS,K6613 - Otras actividades relacionadas con el mercado de valores,08. SOCIEDAD POR ACCIONES SIMPLIFICADA SAS,CL 81 114 50 BL D6 AP 501,BOGOTA D.C.,BOGOTA D.C.,Periodo Actual,0.0,0.0,0.0,14800.0,0.0,27636.0,607140.0,0.0,-619976,,,,71002.0,,,,,,,-690978,,-690978,,-690978,2025,,,,-123431,-4.598091241260299,K6613,Otras actividades relacionadas con el mercado de valores
Plenas-Separados,"Estado de resultado integral, resultado del periodo, por funcion de gasto",901132307,2025-12-31,GAMPER ACQUIRECO II S.A.S,K6619 - Otras actividades auxiliares de las actividades de servicios financieros n.c.p.,08. SOCIEDAD POR ACCIONES SIMPLIFICADA SAS,AK 9 115 06 OF1005 ED TIERRA FIRME,BOGOTA D.C.,BOGOTA D.C.,Periodo Actual,1090782345.0,0.0,1090782345.0,0.0,0.0,9297048.0,0.0,0.0,1081485297,,,,169370763.0,,,,,,,912114534,74355442.0,837759092,,837759092,2025,1.0,0.9914767157328715,0.7680350675276102,270071413,2.1019909982105363,K6619,Otras actividades auxiliares de las actividades de servicios financieros n.c.p.
Plenas-Separados,"Estado de resultado integral, resultado del periodo, por funcion de gasto",901134755,2025-12-31,SANMOS SAS,M7020 - Actividades de consultoría de gestión,08. SOCIEDAD POR ACCIONES SIMPLIFICADA SAS,AV 12 OESTE # 6 OESTE - 153 TO 2 OF 11103,VALLE,CALI-VALLE,Periodo Actual,0.0,0.0,0.0,590659.0,31724.0,283860.0,720665.0,0.0,-445590,,,34.0,2793.0,,15822206.0,,,,,15373857,5081661.0,10292196,0.0,10292196,2025,,,,3260920,2.15622462372582,M7020,Actividades de consultoría de gestión
Plenas-Separados,"Estado de resultado integral, resultado del periodo, por funcion de gasto",901139763,2025-12-31,LIFEFACTORS SAS,"G4645 - Comercio al por mayor de productos farmacéuticos, medicinales, cosméticos y de tocador",08. SOCIEDAD POR ACCIONES SIMPLIFICADA SAS,CR 43 B 16 95 OF 911,ANTIOQUIA,MEDELLIN-ANTIOQUIA,Periodo Actual,0.0,0.0,0.0,7370.0,0.0,944341.0,457855.0,0.0,-1394826,,,81999.0,,,-7979055.0,,,,,-9291882,,-9291882,,-9291882,2025,,,,-2190690,-3.241532120016981,G4645,"Comercio al por mayor de productos farmacéuticos, medicinales, cosméticos y de tocador"
Plenas-Separados,"Estado de resultado integral, resultado del periodo, por funcion de gasto",901140928,2025-12-31,ASSENDA INVERSIONES S.A.S.,M7010 - Actividades de administración empresarial,08. SOCIEDAD POR ACCIONES SIMPLIFICADA SAS,CL 29 NORTE # 6 A - 40,VALLE,CALI-VALLE,Periodo Actual,0.0,0.0,0.0,0.0,0.0,456132.0,9594083.0,11236861.0,1186646,,,1820463.0,4167090.0,,-269131.0,,,,,-1429112,,-1429112,,-1429112,2025,,,,-23413303,0.9389615382332002,M7010,Actividades de administración empresarial
Plenas-Separados,"Estado de resultado integral, resultado del periodo, por funcion de gasto",901142543,2025-12-31,ACTIVOS TESALIA S.A.S.,"G4799 - Otros tipos de comercio al por menor no realizado en establecimientos, puestos de venta o mercados",08. SOCIEDAD POR ACCIONES SIMPLIFICADA SAS,CR 13 No. 26 45 P 11,BOGOTA D.C.,BOGOTA D.C.,Periodo Actual,0.0,0.0,0.0,7.0,0.0,320015.0,2.0,0.0,-320010,,,432827.0,9.0,,22911513.0,,,,,23024321,1757817.0,21266504,,21266504,2025,,,,22150685,-0.03991664366135855,G4799,"Otros tipos de comercio al por menor no realizado en establecimientos, puestos de venta o mercados"
Plenas-Separados,"Estado de resultado integral, resultado del periodo, por funcion de gasto",901142867,2025-12-31,INVERSIONES EMPRESARIALES ROASOL SAS,K6619 - Otras actividades auxiliares de las actividades de servicios financieros n.c.p.,08. SOCIEDAD POR ACCIONES SIMPLIFICADA SAS,CRA 10 97A 13 P4 TB ED BOGOTA TRADE CENTER,BOGOTA D.C.,BOGOTA D.C.,Periodo Actual,0.0,0.0,0.0,0.0,0.0,159941.0,0.0,0.0,-159941,,,,1547.0,,,,2305536.0,,,2144048,590522.0,1553526,,1553526,2025,,,,74424134,-0.9791260453228787,K6619,Otras actividades auxiliares de las actividades de servicios financieros n.c.p.
Plenas-Separados,"Estado de resultado integral, resultado del periodo, por funcion de gasto",901147970,2025-12-31,INVERSIONES ABINBEV COLOMBIA SAS,K6613 - Otras actividades relacionadas con el mercado de valores,08. SOCIEDAD POR ACCIONES SIMPLIFICADA SAS,CRA 53A 127 35,CUNDINAMARCA,TOCANCIPA-CUNDINAMARCA,Periodo Actual,138225199.0,0.0,138225199.0,0.0,0.0,756272.0,0.0,0.0,137468927,,,,670.0,,,,,,,137468257,,137468257,,137468257,2025,1.0,0.9945286966090748,0.9945238494465832,95027034,0.4466226210953822,K6613,Otras actividades relacionadas con el mercado de valores
Plenas-Separados,"Estado de resultado integral, resultado del periodo, por funcion de gasto",901155508,2025-12-31,REDCOL HOLDING SAS,P8530 - Establecimientos que combinan diferentes niveles de educación,08. SOCIEDAD POR ACCIONES SIMPLIFICADA SAS,CARRERA 9 # 80-45 OFC 601,BOGOTA D.C.,BOGOTA D.C.,Periodo Actual,243535456.0,118932182.0,124603274.0,914469.0,4716395.0,43774593.0,1399068.0,0.0,75627687,,,2169905.0,34163908.0,,674400.0,,,,,44308084,15712591.0,28595493,,28595493,2025,0.5116432573990376,0.3105407657766268,0.11741819228161997,9699500,1.9481409350997474,P8530,Establecimientos que combinan diferentes niveles de educación
Plenas-Separados,"Estado de resultado integral, resultado del periodo, por funcion de gasto",901168500,2025-12-31,Grupo Alpina Holding  S.A.S,"K6499 - Otras actividades de servicio financiero, excepto las de seguros y pensiones n.c.p.",08. SOCIEDAD POR ACCIONES SIMPLIFICADA SAS,Crr 4bis 9 - 24,CUNDINAMARCA,SOPO-CUNDINAMARCA,Periodo Actual,173695466.0,0.0,173695466.0,14140.0,0.0,846614.0,25811.0,0.0,172837181,,,,71167.0,,,,,,,172766014,24280.0,172741734,,172741734,2025,1.0,0.995058679309453,0.9945091715865514,88980220,0.9413498190946258,K6499,"Otras actividades de servicio financiero, excepto las de seguros y pensiones n.c.p."
Plenas-Separados,"Estado de resultado integral, resultado del periodo, por funcion de gasto",901171682,2025-12-31,Oroville sas,"M7490 - Otras actividades profesionales, científicas y técnicas n.c.p.",08. SOCIEDAD POR ACCIONES SIMPLIFICADA SAS,Cr 50 GG 10 B sur 38,ANTIOQUIA,MEDELLIN-ANTIOQUIA,Periodo Actual,0.0,0.0,0.0,20809160.0,0.0,45511.0,3300902.0,0.0,17462747,,,,,,,,,,,17462747,16872658.0,590089,,590089,2025,,,,3718775,-0.8413216717870804,M7490,"Otras actividades profesionales, científicas y técnicas n.c.p."
Plenas-Separados,"Estado de resultado integral, resultado del periodo, por funcion de gasto",901173915,2025-12-31,INVERSIONES BKB SAS,"M7490 - Otras actividades profesionales, científicas y técnicas n.c.p.",08. SOCIEDAD POR ACCIONES SIMPLIFICADA SAS,AK 57 R SUR 72 F 50,BOGOTA D.C.,BOGOTA D.C.,Periodo Actual,0.0,0.0,0.0,2.0,0.0,53460.0,216.0,-1528622.0,-1582296,,,603328.0,79.0,,,,,,,-979047,-529293.0,-449754,,-449754,2025,,,,907553,-1.495567751966001,M7490,"Otras actividades profesionales, científicas y técnicas n.c.p."
Plenas-Separados,"Estado de resultado integral, resultado del periodo, por funcion de gasto",901174177,2025-12-31,NITROFERT S.A.S,"G4664 - Comercio al por mayor de productos químicos básicos, cauchos y plásticos en formas primarias y productos químicos de uso agropecuario",08. SOCIEDAD POR ACCIONES SIMPLIFICADA SAS,Carrera 53 No. 80 - 198 OFICINA 1904,ATLANTICO,BARRANQUILLA-ATLANTICO,Periodo Actual,600856784.0,541495809.0,59360975.0,4860118.0,28648026.0,35554937.0,33835495.0,0.0,-33817365,,,114528013.0,29515675.0,,,139288.0,,,,51334261,10823336.0,40510925,,40510925,2025,0.09879388330248094,-0.056281905939169694,0.06742193161290827,-142538607,1.2842101929619671,G4664,"Comercio al por mayor de productos químicos básicos, cauchos y plásticos en formas primarias y productos químicos de uso agropecuario"
Plenas-Separados,"Estado de resultado integral, resultado del periodo, por funcion de gasto",901176579,2025-12-31,COLOMBIA ZE S.A.S,F4220 - Construcción de proyectos de servicio público,08. SOCIEDAD POR ACCIONES SIMPLIFICADA SAS,Cll 79 B No 5 - 81 Of 308,BOGOTA D.C.,BOGOTA D.C.,Periodo Actual,0.0,0.0,0.0,59563.0,0.0,404542.0,527.0,0.0,-345506,,,20580.0,148.0,,-7944790.0,,,,,-8269864,,-8269864,,-8269864,2025,,,,-29126586,0.7160716329747675,F4220,Construcción de proyectos de servicio público
Plenas-Separados,"Estado de resultado integral, resultado del periodo, por funcion de gasto",901183029,2025-12-31,PEXTO COLOMBIA SAS,"J6311 - Procesamiento de datos, alojamiento (hosting) y actividades relacionadas",08. SOCIEDAD POR ACCIONES SIMPLIFICADA SAS,Calle 93 11a 11,BOGOTA D.C.,BOGOTA D.C.,Periodo Actual,177035866.0,68549887.0,108485979.0,8974845.0,10522733.0,68990837.0,2589248.0,0.0,35358006,,,50878994.0,100361813.0,,-1032180.0,,,,,-15156993,3924021.0,-19081014,,-19081014,2025,0.6127909640637451,0.19972227548512683,-0.10778049912213833,26663500,-1.7156230052318713,J6311,"Procesamiento de datos, alojamiento (hosting) y actividades relacionadas"
Plenas-Separados,"Estado de resultado integral, resultado del periodo, por funcion de gasto",901187660,2025-12-31,QNT SAS,N8291 - Actividades de agencias de cobranza y oficinas de calificación crediticia,08. SOCIEDAD POR ACCIONES SIMPLIFICADA SAS,CR 45 93 95,BOGOTA D.C.,BOGOTA D.C.,Periodo Actual,15637702.0,0.0,15637702.0,1677380.0,0.0,15417631.0,1151166.0,0.0,746285,,,16655776.0,21437670.0,,,,,,,-4035609,269243.0,-4304852,,-4304852,2025,1.0,0.04772344427589169,-0.2752867397012681,-440721,-8.767748757150216,N8291,Actividades de agencias de cobranza y oficinas de calificación crediticia
Plenas-Separados,"Estado de resultado integral, resultado del periodo, por funcion de gasto",901190271,2025-12-31,MARAMA SAS,"K6499 - Otras actividades de servicio financiero, excepto las de seguros y pensiones n.c.p.",08. SOCIEDAD POR ACCIONES SIMPLIFICADA SAS,Ak 9 113 52 Of 704,BOGOTA D.C.,BOGOTA D.C.,Periodo Actual,180010.0,0.0,180010.0,0.0,0.0,98408.0,0.0,0.0,81602,,,,782.0,,,,,,,80820,28974.0,51846,,51846,2025,1.0,0.45331926004110884,0.2880173323704239,682581,-0.9240441793721185,K6499,"Otras actividades de servicio financiero, excepto las de seguros y pensiones n.c.p."
Plenas-Separados,"Estado de resultado integral, resultado del periodo, por funcion de gasto",901190341,2025-12-31,GAMAN GROUP SAS,"K6499 - Otras actividades de servicio financiero, excepto las de seguros y pensiones n.c.p.",08. SOCIEDAD POR ACCIONES SIMPLIFICADA SAS,AK 9 NO. 113 52 OF 704,BOGOTA D.C.,BOGOTA D.C.,Periodo Actual,502478.0,0.0,502478.0,0.0,0.0,26139.0,1573.0,0.0,474766,,,,837794.0,,5373641.0,,,,,5010613,-129449.0,5140062,,5140062,2025,1.0,0.944849326736693,10.229426959986307,5506577,-0.06655949785138753,K6499,"Otras actividades de servicio financiero, excepto las de seguros y pensiones n.c.p."
Plenas-Separados,"Estado de resultado integral, resultado del periodo, por funcion de gasto",901191622,2025-12-31,YUNEX S.A.S.,C3319 - Mantenimiento y reparación de otros tipos de equipos y sus componentes n.c.p.,08. SOCIEDAD POR ACCIONES SIMPLIFICADA SAS,CL 127 A   7   12   OF 501 ED BMW PLAZA,BOGOTA D.C.,BOGOTA D.C.,Periodo Actual,65053602.0,53657329.0,11396273.0,561706.0,3217046.0,3885274.0,238400.0,0.0,4617259,,,269306.0,684369.0,,,,,,,4202196,2512199.0,1689997,,1689997,2025,0.17518281309004227,0.07097622357636707,0.025978530750687717,57185,28.553152050362858,C3319,Mantenimiento y reparación de otros tipos de equipos y sus componentes n.c.p.
Plenas-Separados,"Estado de resultado integral, resultado del periodo, por funcion de gasto",901193641,2025-12-31,INVERSORA LILIUM SAS,K6613 - Otras actividades relacionadas con el mercado de valores,08. SOCIEDAD POR ACCIONES SIMPLIFICADA SAS,alejandro.perez-lafuentes@santalucia.es,BOGOTA D.C.,BOGOTA D.C.,Periodo Actual,4083161.0,0.0,4083161.0,4975.0,0.0,612019.0,0.0,0.0,3476117,,,292535.0,,,0.0,,,,,3768652,0.0,3768652,,3768652,2025,1.0,0.8513298887797959,0.92297413694929,2514404,0.49882516890682643,K6613,Otras actividades relacionadas con el mercado de valores
Plenas-Separados,"Estado de resultado integral, resultado del periodo, por funcion de gasto",901194727,2025-12-31,DESARROLLOS SOLARES COLOMBIA S.A.S.,F4220 - Construcción de proyectos de servicio público,08. SOCIEDAD POR ACCIONES SIMPLIFICADA SAS,Carrera 9 # 113 - 52 Oficina 1801,BOGOTA D.C.,BOGOTA D.C.,Periodo Actual,855999.0,9018367.0,-8162368.0,0.0,0.0,6925048.0,40207.0,0.0,-15127623,0.0,0.0,29031865.0,0.0,0.0,0.0,0.0,0.0,0.0,0.0,13904242,0.0,13904242,-3842094.0,10062148,2025,-9.53548777510254,-17.672477421118483,11.754859526705054,-19630242,1.5125840017662544,F4220,Construcción de proyectos de servicio público
Plenas-Separados,"Estado de resultado integral, resultado del periodo, por funcion de gasto",901195029,2025-12-31,DUYUDIAMSA SAS,L6810 - Actividades inmobiliarias realizadas con bienes propios o arrendados,08. SOCIEDAD POR ACCIONES SIMPLIFICADA SAS,AVENIDA 1 9 62 PISO 11,BOLIVAR,CARTAGENA-BOLIVAR,Periodo Actual,5247605.0,0.0,5247605.0,6.0,0.0,2998752.0,240122.0,0.0,2008737,,,,1414982.0,,,,,,,593755,294427.0,299328,,299328,2025,1.0,0.3827911971270703,0.0570408786484501,450150,-0.3350483172275908,L6810,Actividades inmobiliarias realizadas con bienes propios o arrendados
Plenas-Separados,"Estado de resultado integral, resultado del periodo, por funcion de gasto",901196014,2025-12-31,INVERSORA FUNDACION GRUPO SOCIAL SAS,K6613 - Otras actividades relacionadas con el mercado de valores,08. SOCIEDAD POR ACCIONES SIMPLIFICADA SAS,CALLE 72 10 71 PISO 9,BOGOTA D.C.,BOGOTA D.C.,Periodo Actual,0.0,0.0,0.0,9022451.0,0.0,38848422.0,5888013.0,0.0,-35713984,,,5173649.0,,,251403455.0,,,,,220863120,72469556.0,148393564,,148393564,2025,,,,48225132,2.077100214054365,K6613,Otras actividades relacionadas con el mercado de valores
Plenas-Separados,"Estado de resultado integral, resultado del periodo, por funcion de gasto",901206169,2025-12-31,CELLTRION HEALTHCARE COLOMBIA S.A.S,"G4645 - Comercio al por mayor de productos farmacéuticos, medicinales, cosméticos y de tocador",08. SOCIEDAD POR ACCIONES SIMPLIFICADA SAS,CL 37 24 28,BOGOTA D.C.,BOGOTA D.C.,Periodo Actual,40446259.0,31652676.0,8793583.0,5460.0,1758582.0,6323210.0,6822322.0,0.0,-6105071,,,1447.0,,,85366.0,,,,,-6018258,-546083.0,-5472175,,-5472175,2025,0.21741400113172396,-0.15094278558617746,-0.13529496015935616,-1285320,-3.2574417265739273,G4645,"Comercio al por mayor de productos farmacéuticos, medicinales, cosméticos y de tocador"
Plenas-Separados,"Estado de resultado integral, resultado del periodo, por funcion de gasto",901208348,2025-12-31,VAXTHERA SAS,M7210 - Investigaciones y desarrollo experimental en el campo de las ciencias naturales y la ingeniería,08. SOCIEDAD POR ACCIONES SIMPLIFICADA SAS,Carrera 63 No 49A - 31 P.1 Ed. Camacol,ANTIOQUIA,MEDELLIN-ANTIOQUIA,Periodo Actual,14576618.0,6355015.0,8221603.0,1712570.0,0.0,4472134.0,22943875.0,0.0,-17481836,,,,3282507.0,1027412.0,-50264884.0,,,,,-72056639,4300718.0,-76357357,,-76357357,2025,0.5640267859115194,-1.1993067253323095,-5.2383452046283985,-56734425,-0.3458734621880807,M7210,Investigaciones y desarrollo experimental en el campo de las ciencias naturales y la ingeniería
Plenas-Separados,"Estado de resultado integral, resultado del periodo, por funcion de gasto",901212102,2025-12-31,AUNA COLOMBIA S.A.S.,"G4645 - Comercio al por mayor de productos farmacéuticos, medicinales, cosméticos y de tocador",08. SOCIEDAD POR ACCIONES SIMPLIFICADA SAS,"Carrera 70 No. 1 141 LOCAL 480, PISO 6",ANTIOQUIA,MEDELLIN-ANTIOQUIA,Periodo Actual,344350776.0,301253190.0,43097586.0,15903919.0,0.0,30470851.0,1420383.0,0.0,27110271,,,88181025.0,79495793.0,,71590276.0,,,,,107385779,20605973.0,86779806,,86779806,2025,0.12515605889036824,0.07872864790640112,0.2520099039939437,-9100061,10.536178493748558,G4645,"Comercio al por mayor de productos farmacéuticos, medicinales, cosméticos y de tocador"
Plenas-Separados,"Estado de resultado integral, resultado del periodo, por funcion de gasto",901213639,2025-12-31,INVERSIONES CARSAC SAS,M7010 - Actividades de administración empresarial,08. SOCIEDAD POR ACCIONES SIMPLIFICADA SAS,CR 13 93 24 P 6,BOGOTA D.C.,BOGOTA D.C.,Periodo Actual,0.0,0.0,0.0,0.0,0.0,18158.0,23.0,0.0,-18181,,,,475419.0,,10471060.0,,,,,9977460,-7309.0,9984769,,9984769,2025,,,,-2216695,5.504349493277154,M7010,Actividades de administración empresarial
Plenas-Separados,"Estado de resultado integral, resultado del periodo, por funcion de gasto",901222456,2025-12-31,MATEISA SAS,M7010 - Actividades de administración empresarial,08. SOCIEDAD POR ACCIONES SIMPLIFICADA SAS,CL 13 65 72,BOGOTA D.C.,BOGOTA D.C.,Periodo Actual,0.0,0.0,0.0,0.0,0.0,10095.0,0.0,0.0,-10095,,,81930.0,48117.0,,,,,,,23718,8358.0,15360,,15360,2025,,,,-2897,6.3020365895754225,M7010,Actividades de administración empresarial
Plenas-Separados,"Estado de resultado integral, resultado del periodo, por funcion de gasto",901228288,2025-12-31,ENVASES PHOENIX DE CARTAGENA S.A.S,C2599 - Fabricación de otros productos elaborados de metal n.c.p.,08. SOCIEDAD POR ACCIONES SIMPLIFICADA SAS,ZONA FRANCA LA CANDELARIA  ETAPA II  KM 9 VIA MAMONAL,BOLIVAR,CARTAGENA-BOLIVAR,Periodo Actual,46941333.0,51159668.0,-4218335.0,4594728.0,4242868.0,2020881.0,0.0,0.0,-5887356,,,49677.0,6673638.0,,3778872.0,,,,,-8732445,25253.0,-8757698,,-8757698,2025,-0.08986397978941076,-0.12541944643966543,-0.18656687912974265,12830818,-1.6825518061280271,C2599,Fabricación de otros productos elaborados de metal n.c.p.
Plenas-Separados,"Estado de resultado integral, resultado del periodo, por funcion de gasto",901230750,2025-12-31,EMPRESA DE INVERSIONES GRAN AMERICAS SAS,H5229 - Otras actividades complementarias al transporte,08. SOCIEDAD POR ACCIONES SIMPLIFICADA SAS,cr 4 79 25 ofc 702,BOGOTA D.C.,BOGOTA D.C.,Periodo Actual,18874575.0,0.0,18874575.0,0.0,0.0,5125408.0,0.0,0.0,13749167,,,2662884.0,2809942.0,,,,,,,13602109,400.0,13601709,,13601709,2025,1.0,0.7284490909066826,0.720636570624769,12003345,0.13315988168298087,H5229,Otras actividades complementarias al transporte
Plenas-Separados,"Estado de resultado integral, resultado del periodo, por funcion de gasto",901234555,2025-12-31,CDC HOLDING COLOMBIA S.A.S,"K6499 - Otras actividades de servicio financiero, excepto las de seguros y pensiones n.c.p.",08. SOCIEDAD POR ACCIONES SIMPLIFICADA SAS,CL 70 A   4   41,BOGOTA D.C.,BOGOTA D.C.,Periodo Actual,0.0,0.0,0.0,0.0,0.0,2159529.0,0.0,0.0,-2159529,,,1603706.0,,,19519566.0,,,,,18963743,-6882326.0,25846069,,25846069,2025,,,,-8505166,4.038867083840574,K6499,"Otras actividades de servicio financiero, excepto las de seguros y pensiones n.c.p."
Plenas-Separados,"Estado de resultado integral, resultado del periodo, por funcion de gasto",901237762,2025-12-31,SAPHIR INVESTMENTS SAS,N8299 - Otras actividades de servicio de apoyo a las empresas n.c.p.,08. SOCIEDAD POR ACCIONES SIMPLIFICADA SAS,CR 2 OESTE 6 08 OFC 206 EDIFICIO EMPORIO,VALLE,CALI-VALLE,Periodo Actual,5565271.0,0.0,5565271.0,0.0,0.0,5349743.0,0.0,0.0,215528,,,,7146.0,,,,,,,208382,-6851413.0,7059795,,7059795,2025,1.0,0.038727314447041306,1.2685446944093108,-42810493,1.1649080518647612,N8299,Otras actividades de servicio de apoyo a las empresas n.c.p.
Plenas-Separados,"Estado de resultado integral, resultado del periodo, por funcion de gasto",901238346,2025-12-31,TALMA COLOMBIA SERVICIOS AEROPORTUARIOS SAS,H5210 - Almacenamiento y depósito,08. SOCIEDAD POR ACCIONES SIMPLIFICADA SAS,CRA 25 1a SUR 155 P3,ANTIOQUIA,MEDELLIN-ANTIOQUIA,Periodo Actual,0.0,0.0,0.0,29540021.0,0.0,302204.0,2158.0,0.0,29235659,,,3168783.0,,,,,,,,32404442,,32404442,,32404442,2025,,,,16988860,0.9073935508327221,H5210,Almacenamiento y depósito
Plenas-Separados,"Estado de resultado integral, resultado del periodo, por funcion de gasto",901238752,2025-12-31,DESARROLLOS DE NEGOCIOS SAS,K6613 - Otras actividades relacionadas con el mercado de valores,08. SOCIEDAD POR ACCIONES SIMPLIFICADA SAS,CR 9 74 08 OF 802,BOGOTA D.C.,BOGOTA D.C.,Periodo Actual,6045860.0,0.0,6045860.0,2.0,0.0,468073.0,2579.0,0.0,5575210,,,,20969.0,,-6354952.0,,,,,-800711,,-800711,,-800711,2025,1.0,0.9221533412947042,-0.13243955367805407,-4086272,0.8040485312774088,K6613,Otras actividades relacionadas con el mercado de valores
Plenas-Separados,"Estado de resultado integral, resultado del periodo, por funcion de gasto",901239514,2025-12-31,HOLDING CONSTRUCCION MINERIA Y ENERGIA COLOMBIANA SAS,M7010 - Actividades de administración empresarial,08. SOCIEDAD POR ACCIONES SIMPLIFICADA SAS,CALLE 3 SUR N 43 A 52 OFIC 901,ANTIOQUIA,MEDELLIN-ANTIOQUIA,Periodo Actual,0.0,0.0,0.0,41189873.0,0.0,867543.0,0.0,0.0,40322330,,,,7158.0,,,,,,,40315172,,40315172,,40315172,2025,,,,-86407,467.5729859849318,M7010,Actividades de administración empresarial
Plenas-Separados,"Estado de resultado integral, resultado del periodo, por funcion de gasto",901249413,2025-12-31,AUTECO MOBILITY SAS,"G4541 - Comercio de motocicletas y de sus partes, piezas y accesorios",08. SOCIEDAD POR ACCIONES SIMPLIFICADA SAS,VIA LAS PALMAS KM 15 MAS 750 LC 104,ANTIOQUIA,ENVIGADO-ANTIOQUIA,Periodo Actual,495193181.0,318803330.0,176389851.0,1709445.0,116125675.0,37199900.0,9108327.0,0.0,15665394,0.0,0.0,13741172.0,16045238.0,5595345.0,,0.0,1013243.0,0.0,0.0,8779226,-3734151.0,12513377,0.0,12513377,2025,0.3562041194585836,0.03163491461729155,0.025269687629240596,-25156835,1.4974145992530459,G4541,"Comercio de motocicletas y de sus partes, piezas y accesorios"
Plenas-Separados,"Estado de resultado integral, resultado del periodo, por funcion de gasto",901253015,2025-12-31,EQUIRENT VEHICULOS Y MAQUINARIAS S.A.S,N7710 - Alquiler y arrendamiento de vehículos automotores,08. SOCIEDAD POR ACCIONES SIMPLIFICADA SAS,AVENIDA CARACAS N 28A 17,BOGOTA D.C.,BOGOTA D.C.,Periodo Actual,276105500.0,219873529.0,56231971.0,7669379.0,0.0,47806679.0,16236742.0,-4855035.0,-4997106,,,27024142.0,,-7073343.0,1942801.0,,,,,31043180,18840536.0,12202644,,12202644,2025,0.2036611766154604,-0.018098538421002116,0.044195584658762686,11988744,0.017841735547943972,N7710,Alquiler y arrendamiento de vehículos automotores
Plenas-Separados,"Estado de resultado integral, resultado del periodo, por funcion de gasto",901259780,2025-12-31,CHARLESTON HOTELS GROUP SAS,I5511 - Alojamiento en hoteles,08. SOCIEDAD POR ACCIONES SIMPLIFICADA SAS,CRA 9 81A 26 OF 902,BOGOTA D.C.,BOGOTA D.C.,Periodo Actual,10984560.0,1477240.0,9507320.0,577005.0,0.0,564579.0,0.0,0.0,9519746,,,560044.0,6504099.0,,,,,,,3575691,4745408.0,-1169717,,-1169717,2025,0.8655166888796638,0.8666479130707102,-0.10648737864784752,3110938,-1.3760013860771252,I5511,Alojamiento en hoteles
Plenas-Separados,"Estado de resultado integral, resultado del periodo, por funcion de gasto",901266326,2025-12-31,PUERTO ANTIOQUIA HOLDING S.A.S,F4290 - Construcción de otras obras de ingeniería civil,08. SOCIEDAD POR ACCIONES SIMPLIFICADA SAS,CRA 100 CLL 89 ESQUINA PISO 9 CENTRO EMPRESARIAL SANTA MARIA,ANTIOQUIA,APARTADO-ANTIOQUIA,Periodo Actual,0.0,0.0,0.0,36114185.0,0.0,3360336.0,64498142.0,0.0,-31744293,,,,,,-44976892.0,,,,,-76721185,18462955.0,-95184140,,-95184140,2025,,,,20487900,-5.645870977503795,F4290,Construcción de otras obras de ingeniería civil
Plenas-Separados,"Estado de resultado integral, resultado del periodo, por funcion de gasto",901272716,2025-12-31,PUERTO ANTIOQUIA INFRAESTRUCTURA SAS.,F4290 - Construcción de otras obras de ingeniería civil,08. SOCIEDAD POR ACCIONES SIMPLIFICADA SAS,CRA 100 CALLE 89 ESQUINA PISO 9 CENTRO EMPRESARIAL SANTA MARIA - Nuevo apartado,ANTIOQUIA,APARTADO-ANTIOQUIA,Periodo Actual,0.0,0.0,0.0,0.0,0.0,0.0,2248844.0,0.0,-2248844,,,,,,,,,,,-2248844,,-2248844,,-2248844,2025,,,,1757750,-2.279387853790357,F4290,Construcción de otras obras de ingeniería civil
Plenas-Separados,"Estado de resultado integral, resultado del periodo, por funcion de gasto",901273886,2025-12-31,VIDRIO ANDINO HOLDING S.A.S.,K6613 - Otras actividades relacionadas con el mercado de valores,08. SOCIEDAD POR ACCIONES SIMPLIFICADA SAS,KM 20 VIA OCCIDENTE,CUNDINAMARCA,MOSQUERA-CUNDINAMARCA,Periodo Actual,0.0,0.0,0.0,65.0,0.0,550775.0,2.0,0.0,-550712,,,7737913.0,763004.0,,39200048.0,,,,36.0,45624281,4711496.0,40912785,,40912785,2025,,,,85751801,-0.5228929943990331,K6613,Otras actividades relacionadas con el mercado de valores
Plenas-Separados,"Estado de resultado integral, resultado del periodo, por funcion de gasto",901275767,2025-12-31,TREE CAPITAL S.A.S.,K6494 - Otras actividades de distribución de fondos,08. SOCIEDAD POR ACCIONES SIMPLIFICADA SAS,CL 28 23 10 BRR ALARCON,SANTANDER,BUCARAMANGA-SANTANDER,Periodo Actual,0.0,0.0,0.0,434.0,0.0,510716.0,96016.0,0.0,-606298,,,84961.0,,,5735470.0,,,,,5214133,-401804.0,5615937,,5615937,2025,,,,-7277571,1.7716773907118186,K6494,Otras actividades de distribución de fondos
Plenas-Separados,"Estado de resultado integral, resultado del periodo, por funcion de gasto",901290829,2025-12-31,ENERGO PRO COLOMBIA SAS  E.S.P,D3511 - Generación de energía eléctrica,08. SOCIEDAD POR ACCIONES SIMPLIFICADA SAS,CR 43 A 1 SUR 50 ED CROSS BUSINESS CENTER OF 703,ANTIOQUIA,MEDELLIN-ANTIOQUIA,Periodo Actual,491808.0,0.0,491808.0,43546.0,0.0,4175925.0,947496.0,0.0,-4588067,,,57175546.0,27842827.0,,,,,,,24744652,10968301.0,13776351,,13776351,2025,1.0,-9.328980008458586,28.011644788210035,-37353330,1.3688118569348435,D3511,Generación de energía eléctrica
Plenas-Separados,"Estado de resultado integral, resultado del periodo, por funcion de gasto",901298964,2025-12-31,3ERRE GROUP SAS,F4390 - Otras actividades especializadas para la construcción de edificios y obras de ingeniería civil,08. SOCIEDAD POR ACCIONES SIMPLIFICADA SAS,CR 16 93 A 36 OF 901,BOGOTA D.C.,BOGOTA D.C.,Periodo Actual,413978.0,0.0,413978.0,1471.0,0.0,106861.0,52.0,0.0,308536,,,,265.0,,,,,,,308271,112098.0,196173,,196173,2025,1.0,0.74529564372986,0.4738730077443729,332561,-0.4101142346817576,F4390,Otras actividades especializadas para la construcción de edificios y obras de ingeniería civil
Plenas-Separados,"Estado de resultado integral, resultado del periodo, por funcion de gasto",901299323,2025-12-31,PRIMIUS SAS,M7010 - Actividades de administración empresarial,08. SOCIEDAD POR ACCIONES SIMPLIFICADA SAS,CRA 43B NRO 16 8 OF 401,ANTIOQUIA,MEDELLIN-ANTIOQUIA,Periodo Actual,58011451.0,47934992.0,10076459.0,38907365.0,0.0,813709.0,25844287.0,0.0,22325828,,,425636.0,666424.0,,-124128.0,,,,,21960912,4455328.0,17505584,,17505584,2025,0.17369775839601048,0.38485208721981456,0.30176083683891997,26063390,-0.3283458521704199,M7010,Actividades de administración empresarial
Plenas-Separados,"Estado de resultado integral, resultado del periodo, por funcion de gasto",901303824,2025-12-31,INVERSIONES MCN SAS,L6810 - Actividades inmobiliarias realizadas con bienes propios o arrendados,08. SOCIEDAD POR ACCIONES SIMPLIFICADA SAS,Calle 93B # 16-47,BOGOTA D.C.,BOGOTA D.C.,Periodo Actual,471219166.0,372580499.0,98638667.0,4281895.0,33159673.0,92164556.0,0.0,0.0,-22403667,,,34688009.0,27460427.0,,,,,,,-15176085,4992290.0,-20168375,0.0,-20168375,2025,0.2093265175041713,-0.0475440487494942,-0.04280041317334703,-74277856,0.7284739209489299,L6810,Actividades inmobiliarias realizadas con bienes propios o arrendados
Plenas-Separados,"Estado de resultado integral, resultado del periodo, por funcion de gasto",901315446,2025-12-31,CLIP HOLDING SA,M7010 - Actividades de administración empresarial,01. SOCIEDAD ANÓNIMA,CL 36 NORTE # 6 A65P - 13 OF 1304,VALLE,CALI-VALLE,Periodo Actual,951658.0,190332.0,761326.0,4.0,9633.0,1001950.0,707.0,0.0,-250960,,,160891.0,143955.0,,122266563.0,,,,,122032539,,122032539,,122032539,2025,0.7999995796809358,-0.2637081808801061,128.23150648657395,-4047827,31.147666636938784,M7010,Actividades de administración empresarial
Plenas-Separados,"Estado de resultado integral, resultado del periodo, por funcion de gasto",901318208,2025-12-31,EMASIVO SAS,H4921 - Transporte de pasajeros,08. SOCIEDAD POR ACCIONES SIMPLIFICADA SAS,"Vereda Siberia, Lote 3, Patio San Andres 500 Mts, Antes Del Puente De Guadua",BOGOTA D.C.,BOGOTA D.C.,Periodo Actual,1178650.0,121518.0,1057132.0,5.0,0.0,801574.0,3.0,0.0,255560,0.0,0.0,2635140.0,2477339.0,0.0,,21192536.0,0.0,0.0,0.0,21605897,213088.0,21392809,0.0,21392809,2025,0.8969006914690536,0.21682433292325967,18.150264285411275,21604603,-0.009803188700111732,H4921,Transporte de pasajeros
Plenas-Separados,"Estado de resultado integral, resultado del periodo, por funcion de gasto",901321687,2025-12-31,PRATTO CONSTRUCCIONES SAS,F4111 - Construcción de edificios residenciales,08. SOCIEDAD POR ACCIONES SIMPLIFICADA SAS,CR 11 98 07 P 6 A 1 ED GREEN OFFICE CORPORATIVO PIJAO PH,BOGOTA D.C.,BOGOTA D.C.,Periodo Actual,7033.0,0.0,7033.0,307058.0,0.0,568893.0,11555.0,0.0,-266357,,,470668.0,,,,,,,,204311,216968.0,-12657,,-12657,2025,1.0,-37.8724584103512,-1.7996587515996019,506751,-1.024976763736036,F4111,Construcción de edificios residenciales
Plenas-Separados,"Estado de resultado integral, resultado del periodo, por funcion de gasto",901323014,2025-12-31,AVENIR INVESTMENT SAS,L6810 - Actividades inmobiliarias realizadas con bienes propios o arrendados,08. SOCIEDAD POR ACCIONES SIMPLIFICADA SAS,CL 46A 1 61,VALLE,CALI-VALLE,Periodo Actual,3194901.0,0.0,3194901.0,392028.0,0.0,127586.0,521580.0,0.0,2937763,,,,,,,,,,,2937763,-96084.0,3033847,,3033847,2025,1.0,0.9195161289817744,0.949590300294125,24223318,-0.874755101675171,L6810,Actividades inmobiliarias realizadas con bienes propios o arrendados
Plenas-Separados,"Estado de resultado integral, resultado del periodo, por funcion de gasto",901323083,2025-12-31,TRANSDEV COLOMBIA HOLDING SAS,"H5221 - Actividades de estaciones, vías y servicios complementarios para el transporte terrestre",08. SOCIEDAD POR ACCIONES SIMPLIFICADA SAS,CRA 7 No 84A 29 OF 803,BOGOTA D.C.,BOGOTA D.C.,Periodo Actual,0.0,0.0,0.0,31461.0,0.0,4692608.0,168735.0,0.0,-4829882,,,3942115.0,788459.0,,,,24535876.0,,,22859650,-521175.0,23380825,,23380825,2025,,,,20715714,0.1286516602806932,H5221,"Actividades de estaciones, vías y servicios complementarios para el transporte terrestre"
Plenas-Separados,"Estado de resultado integral, resultado del periodo, por funcion de gasto",901323842,2025-12-31,FN BUSES ZONAL SAS,"H5221 - Actividades de estaciones, vías y servicios complementarios para el transporte terrestre",08. SOCIEDAD POR ACCIONES SIMPLIFICADA SAS,AV CL 57 R SUR 72 F 50,BOGOTA D.C.,BOGOTA D.C.,Periodo Actual,2214588.0,0.0,2214588.0,1469350.0,0.0,111297.0,847137.0,0.0,2725504,,,,,,,,,,,2725504,504101.0,2221403,,2221403,2025,1.0,1.2307047631433026,1.0030773218314197,1728644,0.28505522247495724,H5221,"Actividades de estaciones, vías y servicios complementarios para el transporte terrestre"
Plenas-Separados,"Estado de resultado integral, resultado del periodo, por funcion de gasto",901328325,2025-12-31,ADL DIGITAL LAB SAS,"J6201 - Actividades de desarrollo de sistemas informáticos (planificación, análisis, diseño, programación, pruebas)",08. SOCIEDAD POR ACCIONES SIMPLIFICADA SAS,CR 11 87 51 P 7,BOGOTA D.C.,BOGOTA D.C.,Periodo Actual,98700645.0,71188427.0,27512218.0,288555.0,0.0,17817499.0,0.0,0.0,9983274,,,1881071.0,,,-5227389.0,,,,,6636956,3068743.0,3568213,,3568213,2025,0.2787440548134209,0.1011469985834439,0.03615187114532028,16250574,-0.7804254175883264,J6201,"Actividades de desarrollo de sistemas informáticos (planificación, análisis, diseño, programación, pruebas)"
Plenas-Separados,"Estado de resultado integral, resultado del periodo, por funcion de gasto",901332647,2025-12-31,SALESLAND INTERNATIONAL SAS,N8299 - Otras actividades de servicio de apoyo a las empresas n.c.p.,08. SOCIEDAD POR ACCIONES SIMPLIFICADA SAS,CR 16A 84A 19,BOGOTA D.C.,BOGOTA D.C.,Periodo Actual,3008132.0,0.0,3008132.0,473815.0,0.0,2451918.0,131579.0,0.0,898450,,,,1243182.0,,-7984141.0,,,,,-8328873,186264.0,-8515137,,-8515137,2025,1.0,0.29867372841351375,-2.830705899874075,-3654141,-1.3302705068031035,N8299,Otras actividades de servicio de apoyo a las empresas n.c.p.
Plenas-Separados,"Estado de resultado integral, resultado del periodo, por funcion de gasto",901335972,2025-12-31,DELTA CREDIT SAS,"K6499 - Otras actividades de servicio financiero, excepto las de seguros y pensiones n.c.p.",08. SOCIEDAD POR ACCIONES SIMPLIFICADA SAS,CR 14 127 10 OF 401,BOGOTA D.C.,BOGOTA D.C.,Periodo Actual,7306921.0,3270742.0,4036179.0,1539199.0,629538.0,3056300.0,1082565.0,-44425.0,762550,,,158580.0,132879.0,360784.0,-5415.0,32240.0,,,,454292,155533.0,298759,,298759,2025,0.552377533573991,0.10435996228780905,0.04088712605487318,272746,0.0953744509543678,K6499,"Otras actividades de servicio financiero, excepto las de seguros y pensiones n.c.p."
Plenas-Separados,"Estado de resultado integral, resultado del periodo, por funcion de gasto",901339408,2025-12-31,INVERSIONES NUTABE SAS,"M7490 - Otras actividades profesionales, científicas y técnicas n.c.p.",08. SOCIEDAD POR ACCIONES SIMPLIFICADA SAS,Calle 18 #35 69 OFICINA 424,ANTIOQUIA,MEDELLIN-ANTIOQUIA,Periodo Actual,3713644.0,0.0,3713644.0,0.0,0.0,1613092.0,17365.0,0.0,2083187,,,,3452845.0,,,,,,,-1369658,-56310.0,-1313348,,-1313348,2025,1.0,0.5609549542174748,-0.3536547929742323,5115475,-1.2567401854177764,M7490,"Otras actividades profesionales, científicas y técnicas n.c.p."
Plenas-Separados,"Estado de resultado integral, resultado del periodo, por funcion de gasto",901340809,2025-12-31,CONSTRUCCIONES MAZZARO SAS,F4111 - Construcción de edificios residenciales,08. SOCIEDAD POR ACCIONES SIMPLIFICADA SAS,CR 11 98 07 P 6 A 1 ED GREEN OFFICE CORPORATIVO PIJAO PH,BOGOTA D.C.,BOGOTA D.C.,Periodo Actual,0.0,0.0,0.0,356276.0,0.0,63518.0,177037.0,0.0,115721,,,246029.0,130.0,,,,,,,361620,183861.0,177759,,177759,2025,,,,532543,-0.6662072358476216,F4111,Construcción de edificios residenciales
Plenas-Separados,"Estado de resultado integral, resultado del periodo, por funcion de gasto",901345953,2025-12-31,CARVAJAL SERVICIOS COMPARTIDOS S.A.S,"M6920 - Actividades de contabilidad, teneduría de libros, auditoría financiera y asesoría tributaria",08. SOCIEDAD POR ACCIONES SIMPLIFICADA SAS,CL 29 NORTE # 6 A - 40,VALLE,CALI-VALLE,Periodo Actual,70570434.0,56589210.0,13981224.0,995581.0,567233.0,10039990.0,72857.0,14000.0,4310725,,,760863.0,176454.0,,,,,,,4895134,2573218.0,2321916,,2321916,2025,0.1981173022118583,0.06108400863738488,0.032902107417959195,-148042,16.684170708312507,M6920,"Actividades de contabilidad, teneduría de libros, auditoría financiera y asesoría tributaria"
Plenas-Separados,"Estado de resultado integral, resultado del periodo, por funcion de gasto",901350051,2025-12-31,COSMOCOLOR COLOMBIA,G4610 - Comercio al por mayor a cambio de una retribución o por contrata,02. SUCURSAL EXTRANJERA,TV 23 94 33 OF 501,BOGOTA D.C.,BOGOTA D.C.,Periodo Actual,12551432.0,4596324.0,7955108.0,486572.0,1927115.0,4071731.0,45489.0,0.0,2397345,,,105454.0,,,,,,,,2502799,890198.0,1612601,,1612601,2025,0.6338008284632383,0.1910017119958902,0.12847944362045702,425631,2.7887301441859265,G4610,Comercio al por mayor a cambio de una retribución o por contrata
Plenas-Separados,"Estado de resultado integral, resultado del periodo, por funcion de gasto",901350682,2025-12-31,GREENLAND INVESTMENTS S.A.S.,M7010 - Actividades de administración empresarial,08. SOCIEDAD POR ACCIONES SIMPLIFICADA SAS,CL 26 SUR 48-12,ANTIOQUIA,ENVIGADO-ANTIOQUIA,Periodo Actual,7747728.0,0.0,7747728.0,1282316.0,0.0,10731150.0,712586.0,0.0,-2413692,,,30398.0,2455433.0,,34693667.0,,,,,29854940,-1181915.0,31036855,,31036855,2025,1.0,-0.3115354591694494,4.005929867439848,19855614,0.5631274358979783,M7010,Actividades de administración empresarial
Plenas-Separados,"Estado de resultado integral, resultado del periodo, por funcion de gasto",901351108,2025-12-31,One Energy Solutions SAS,F4321 - Instalaciones eléctricas,08. SOCIEDAD POR ACCIONES SIMPLIFICADA SAS,Calle 15 #35-1,ANTIOQUIA,MEDELLIN-ANTIOQUIA,Periodo Actual,29341457.0,21958732.0,7382725.0,30206.0,0.0,3289978.0,2033571.0,0.0,2089382,0.0,0.0,15440.0,0.0,0.0,,0.0,0.0,0.0,0.0,2104822,1144595.0,960227,0.0,960227,2025,0.25161412400209027,0.07120921091273688,0.03272594813543172,730221,0.3149813549596629,F4321,Instalaciones eléctricas
Plenas-Separados,"Estado de resultado integral, resultado del periodo, por funcion de gasto",901351676,2025-12-31,GRUPO BICENTENARIO SAS,M7010 - Actividades de administración empresarial,08. SOCIEDAD POR ACCIONES SIMPLIFICADA SAS,CR 7 # 71 - 21 OFICINA 103,BOGOTA D.C.,BOGOTA D.C.,Periodo Actual,0.0,0.0,0.0,0.0,0.0,32481735.0,472989.0,43726.0,-32910998,,,71493398.0,,,1521062818.0,,,,,1559645218,164324016.0,1395321202,,1395321202,2025,,,,1654425106,-0.15661265237110106,M7010,Actividades de administración empresarial
Plenas-Separados,"Estado de resultado integral, resultado del periodo, por funcion de gasto",901359433,2025-12-31,PDC HOLDING SAS,M7010 - Actividades de administración empresarial,08. SOCIEDAD POR ACCIONES SIMPLIFICADA SAS,AV AMERICAS 50 80,BOGOTA D.C.,BOGOTA D.C.,Periodo Actual,250108.0,0.0,250108.0,4039692.0,0.0,219148.0,75229.0,0.0,3995423,,,3042.0,12862.0,,,,,,,3985603,10602.0,3975001,,3975001,2025,1.0,15.974790890335376,15.893138164313017,-4379103,1.9077203710440243,M7010,Actividades de administración empresarial
Plenas-Separados,"Estado de resultado integral, resultado del periodo, por funcion de gasto",901361537,2025-12-31,LOGGRO SAS,"J6201 - Actividades de desarrollo de sistemas informáticos (planificación, análisis, diseño, programación, pruebas)",08. SOCIEDAD POR ACCIONES SIMPLIFICADA SAS,CRA 42 67A 191 interior 110,ANTIOQUIA,ITAGUI-ANTIOQUIA,Periodo Actual,28009864.0,11720251.0,16289613.0,20049.0,6752245.0,8853401.0,0.0,0.0,704016,,,147497.0,804057.0,,,1686134.0,,,,1733590,498149.0,1235441,,1235441,2025,0.5815670151058213,0.025134574020066646,0.044107354466269455,107584,10.483501264128495,J6201,"Actividades de desarrollo de sistemas informáticos (planificación, análisis, diseño, programación, pruebas)"
Plenas-Separados,"Estado de resultado integral, resultado del periodo, por funcion de gasto",901365332,2025-12-31,Colegios Colombianos Holding SAS,K6494 - Otras actividades de distribución de fondos,08. SOCIEDAD POR ACCIONES SIMPLIFICADA SAS,Calle 92 9 64,BOGOTA D.C.,BOGOTA D.C.,Periodo Actual,0.0,0.0,0.0,0.0,0.0,319429.0,0.0,0.0,-319429,,,50546.0,31552.0,,-29839521.0,,,,,-30139956,,-30139956,,-30139956,2025,,,,-28769704,-0.04762829676662645,K6494,Otras actividades de distribución de fondos
Plenas-Separados,"Estado de resultado integral, resultado del periodo, por funcion de gasto",901380648,2025-12-31,RODOVÍAS COLOMBIA SAS,N8299 - Otras actividades de servicio de apoyo a las empresas n.c.p.,08. SOCIEDAD POR ACCIONES SIMPLIFICADA SAS,Carrera 11 # 84 A 09 Oficina 904Cr 11 # 98 07 Of 201 B,BOGOTA D.C.,BOGOTA D.C.,Periodo Actual,3676671.0,0.0,3676671.0,1207.0,0.0,6058803.0,18647.0,0.0,-2399572,,,4921063.0,327729.0,,128211231.0,,,,,130404993,1645133.0,128759860,,128759860,2025,1.0,-0.6526480068518505,35.02077286762944,75748729,0.6998286532306041,N8299,Otras actividades de servicio de apoyo a las empresas n.c.p.
Plenas-Separados,"Estado de resultado integral, resultado del periodo, por funcion de gasto",901382844,2025-12-31,TURBO INVEST SAS,"K6499 - Otras actividades de servicio financiero, excepto las de seguros y pensiones n.c.p.",08. SOCIEDAD POR ACCIONES SIMPLIFICADA SAS,CL 93 B 17 25 OF 501,BOGOTA D.C.,BOGOTA D.C.,Periodo Actual,0.0,0.0,0.0,4093.0,0.0,47927023.0,11.0,0.0,-47922941,,,,3602783.0,,,,,,,-51525724,-29940339.0,-21585385,,-21585385,2025,,,,12137858,-2.7783520782661983,K6499,"Otras actividades de servicio financiero, excepto las de seguros y pensiones n.c.p."
Plenas-Separados,"Estado de resultado integral, resultado del periodo, por funcion de gasto",901404367,2025-12-31,G7 MANAGEMENT SAS,K6494 - Otras actividades de distribución de fondos,08. SOCIEDAD POR ACCIONES SIMPLIFICADA SAS,Carrera 15 # 88 – 21 Of. 702,BOGOTA D.C.,BOGOTA D.C.,Periodo Actual,160842.0,0.0,160842.0,0.0,0.0,88857.0,0.0,0.0,71985,,,,,,-39137.0,,,,,32848,22931.0,9917,,9917,2025,1.0,0.44755101279516546,0.061656781188992926,2146328,-0.9953795505626354,K6494,Otras actividades de distribución de fondos
Plenas-Separados,"Estado de resultado integral, resultado del periodo, por funcion de gasto",901405289,2025-12-31,FACTOTAL COLOMBIA SAS,K6493 - Actividades de compra de cartera o factoring,08. SOCIEDAD POR ACCIONES SIMPLIFICADA SAS,CL 97A 8-10 OF 305 ED NUEVE SIETE,BOGOTA D.C.,BOGOTA D.C.,Periodo Actual,11712262.0,4901104.0,6811158.0,375787.0,0.0,3497136.0,1020920.0,3476.0,2672365,,,,,,-2392.0,,,,,2669973,1022736.0,1647237,,1647237,2025,0.5815407817892052,0.22816813694912222,0.140642089461455,1726400,-0.04585437905468026,K6493,Actividades de compra de cartera o factoring
Plenas-Separados,"Estado de resultado integral, resultado del periodo, por funcion de gasto",901410843,2025-12-31,GRUPO KORN SAS,F4111 - Construcción de edificios residenciales,05. SOCIEDAD EN COMANDITA POR ACCIONES,CS10 ALTO MERCEDES LA CALERA,CUNDINAMARCA,LA-CALERA-CUNDINAMARCA,Periodo Actual,11869780.0,6152107.0,5717673.0,2364026.0,0.0,3072379.0,202670.0,0.0,4806650,,,,,,-2614866.0,,,,,2191784,,2191784,,2191784,2025,0.48169999780956346,0.40494853316573687,0.18465245354168316,6030180,-0.63653091615839,F4111,Construcción de edificios residenciales
Plenas-Separados,"Estado de resultado integral, resultado del periodo, por funcion de gasto",901419705,2025-12-31,SOUTHERN DEVELOPMENT SAS,A0150 - Explotación mixta (agrícola y pecuaria),08. SOCIEDAD POR ACCIONES SIMPLIFICADA SAS,Calle 7 sur 42 70 oficina 2309,ANTIOQUIA,MEDELLIN-ANTIOQUIA,Periodo Actual,35439706.0,34265422.0,1174284.0,5127199.0,0.0,5395402.0,237952.0,0.0,668129,,,31027.0,1939273.0,,-76225.0,,,,,-1316342,-375668.0,-940674,,-940674,2025,0.03313469925512362,0.01885255481521207,-0.02654294028285675,-4775520,0.8030216604683887,A0150,Explotación mixta (agrícola y pecuaria)
Plenas-Separados,"Estado de resultado integral, resultado del periodo, por funcion de gasto",901421912,2025-12-31,JGDB HOLDING SAS,"K6499 - Otras actividades de servicio financiero, excepto las de seguros y pensiones n.c.p.",08. SOCIEDAD POR ACCIONES SIMPLIFICADA SAS,CR 7  N. 75-85 Piso 12,BOGOTA D.C.,BOGOTA D.C.,Periodo Actual,0.0,0.0,0.0,0.0,0.0,21511259.0,0.0,232226068.0,210714809,,,919572047.0,389573485.0,,,1187972.0,,,,741901343,226769365.0,515131978,,515131978,2025,,,,-180470399,3.8543848789296464,K6499,"Otras actividades de servicio financiero, excepto las de seguros y pensiones n.c.p."
Plenas-Separados,"Estado de resultado integral, resultado del periodo, por funcion de gasto",901423472,2025-12-31,BOGOTA ZE S.A.S.,H4921 - Transporte de pasajeros,08. SOCIEDAD POR ACCIONES SIMPLIFICADA SAS,Calle 79B No. 5 -81 Of 308,BOGOTA D.C.,BOGOTA D.C.,Periodo Actual,0.0,0.0,0.0,62771.0,0.0,527779.0,2.0,0.0,-465010,,,,1043.0,,-7478737.0,,,,,-7944790,,-7944790,,-7944790,2025,,,,-28615461,0.7223602303663743,H4921,Transporte de pasajeros
Plenas-Separados,"Estado de resultado integral, resultado del periodo, por funcion de gasto",901439285,2025-12-31,LAVORO COLOMBIA S.A.S.,M7010 - Actividades de administración empresarial,08. SOCIEDAD POR ACCIONES SIMPLIFICADA SAS,VDA VUELTA GRANDE A 150 M GT SIBERIA VIA COTA COMPLEJO LOG INDUSTRIAL SIBERIA BG 23 24,CUNDINAMARCA,COTA-CUNDINAMARCA,Periodo Actual,0.0,0.0,0.0,0.0,11.0,78866.0,204039.0,0.0,-282916,,,,107401.0,,5084106.0,,,,,4693789,138760.0,4555029,,4555029,2025,,,,6690697,-0.31919962897736964,M7010,Actividades de administración empresarial
Plenas-Separados,"Estado de resultado integral, resultado del periodo, por funcion de gasto",901442171,2025-12-31,NUGIL SAS,"K6499 - Otras actividades de servicio financiero, excepto las de seguros y pensiones n.c.p.",08. SOCIEDAD POR ACCIONES SIMPLIFICADA SAS,CR 7 75 85 P 12,BOGOTA D.C.,BOGOTA D.C.,Periodo Actual,0.0,0.0,0.0,0.0,0.0,19775421.0,0.0,-252760.0,-20028181,,,747543055.0,525211857.0,,,,0.0,,,202303017,94889332.0,107413685,,107413685,2025,,,,-11340041,10.472072014554445,K6499,"Otras actividades de servicio financiero, excepto las de seguros y pensiones n.c.p."
Plenas-Separados,"Estado de resultado integral, resultado del periodo, por funcion de gasto",901447492,2025-12-31,CONSTRUCTORA AIA SAS,F4112 - Construcción de edificios no residenciales,08. SOCIEDAD POR ACCIONES SIMPLIFICADA SAS,CALLE 16 A SUR 48 A 32,ANTIOQUIA,MEDELLIN-ANTIOQUIA,Periodo Actual,142987068.0,139748556.0,3238512.0,1849846.0,2159294.0,9015885.0,307330.0,0.0,-6394151,,,613135.0,645301.0,,,,,,,-6426317,-970710.0,-5455607,,-5455607,2025,0.02264898529145307,-0.04471838670053714,-0.038154548353981216,1058238,-6.15536864108074,F4112,Construcción de edificios no residenciales
Plenas-Separados,"Estado de resultado integral, resultado del periodo, por funcion de gasto",901447638,2025-12-31,CTG COLOMBIA HOLDING S.A.S.,M7010 - Actividades de administración empresarial,08. SOCIEDAD POR ACCIONES SIMPLIFICADA SAS,Cr 11 # 77 A - 49 Of. 601,BOGOTA D.C.,BOGOTA D.C.,Periodo Actual,583233.0,0.0,583233.0,609448.0,0.0,22802753.0,3001977.0,0.0,-24612049,,,4441900.0,314644.0,,-1777983.0,,,,,-22262776,660731.0,-22923507,,-22923507,2025,1.0,-42.19934228687334,-39.30420089398233,-14774617,-0.5515466153877289,M7010,Actividades de administración empresarial
Plenas-Separados,"Estado de resultado integral, resultado del periodo, por funcion de gasto",901449735,2025-12-31,INVERSIONES CHILENAS SAS,M7020 - Actividades de consultoría de gestión,08. SOCIEDAD POR ACCIONES SIMPLIFICADA SAS,CALLE 99 N°  9A-45,BOGOTA D.C.,BOGOTA D.C.,Periodo Actual,3928837.0,0.0,3928837.0,1035475.0,0.0,70203.0,0.0,0.0,4894109,,,,382975.0,,,,,,,4511134,99623.0,4411511,,4411511,2025,1.0,1.2456889914241798,1.1228541677855304,2273965,0.9400083114735714,M7020,Actividades de consultoría de gestión
Plenas-Separados,"Estado de resultado integral, resultado del periodo, por funcion de gasto",901456645,2025-12-31,ATLANTICA HIC RENOVABLES SAS,D3511 - Generación de energía eléctrica,08. SOCIEDAD POR ACCIONES SIMPLIFICADA SAS,CARRERA 11 77A 49 OFICINA 202,BOGOTA D.C.,BOGOTA D.C.,Periodo Actual,0.0,0.0,0.0,222407.0,0.0,4031660.0,84872.0,0.0,-3894125,0.0,-2862995.0,47069.0,90219.0,0.0,,0.0,0.0,0.0,0.0,-6800270,-575251.0,-6225019,0.0,-6225019,2025,,,,-3431062,-0.8143125947592903,D3511,Generación de energía eléctrica
Plenas-Separados,"Estado de resultado integral, resultado del periodo, por funcion de gasto",901463295,2025-12-31,ZARCETA S.A.S,M7010 - Actividades de administración empresarial,08. SOCIEDAD POR ACCIONES SIMPLIFICADA SAS,CL 64 NORTE # 5 B - 146 LC 412 G ED CENTRO EMPRESA,VALLE,CALI-VALLE,Periodo Actual,3426532.0,8669.0,3417863.0,29279.0,0.0,1189644.0,597491.0,0.0,1660007,,,12770.0,461120.0,,,,,,,1211657,824954.0,386703,,386703,2025,0.9974700367601995,0.4844568794337832,0.11285550521635286,386981,-0.000718381522607053,M7010,Actividades de administración empresarial
Plenas-Separados,"Estado de resultado integral, resultado del periodo, por funcion de gasto",901471048,2025-12-31,HOLDING RAPPIPAY SAS,"K6499 - Otras actividades de servicio financiero, excepto las de seguros y pensiones n.c.p.",08. SOCIEDAD POR ACCIONES SIMPLIFICADA SAS,CL 93 13 45,BOGOTA D.C.,BOGOTA D.C.,Periodo Actual,4304664.0,0.0,4304664.0,9668878.0,960218.0,31161912.0,37116377.0,0.0,-55264965,,,155589.0,111959.0,-5883005.0,-15879537.0,,,,,-65217867,,-65217867,,-65217867,2025,1.0,-12.838392264762128,-15.15051279263608,-133173999,0.5102807793584392,K6499,"Otras actividades de servicio financiero, excepto las de seguros y pensiones n.c.p."
Plenas-Separados,"Estado de resultado integral, resultado del periodo, por funcion de gasto",901475500,2025-12-31,INVERSIONES CFD S.A.S.,"K6499 - Otras actividades de servicio financiero, excepto las de seguros y pensiones n.c.p.",08. SOCIEDAD POR ACCIONES SIMPLIFICADA SAS,Calle 28 13A 15 Mezzanine,BOGOTA D.C.,BOGOTA D.C.,Periodo Actual,0.0,0.0,0.0,21661958.0,0.0,1343528.0,0.0,0.0,20318430,,,847330.0,,,,,,,,21165760,59299.0,21106461,,21106461,2025,,,,21267267,-0.007561197214479886,K6499,"Otras actividades de servicio financiero, excepto las de seguros y pensiones n.c.p."
Plenas-Separados,"Estado de resultado integral, resultado del periodo, por funcion de gasto",901484758,2025-12-31,CARROYA.COM SAS,J6312 - Portales web,08. SOCIEDAD POR ACCIONES SIMPLIFICADA SAS,CR 11 87 51 P 6,BOGOTA D.C.,BOGOTA D.C.,Periodo Actual,4808064.0,1186747.0,3621317.0,37004.0,0.0,20047360.0,0.0,0.0,-16389039,,,,1054021.0,,-3591249.0,,,,,-21034309,,-21034309,,-21034309,2025,0.7531757064797806,-3.4086565819423367,-4.374798047613343,-9808932,-1.1444035905234127,J6312,Portales web
Plenas-Separados,"Estado de resultado integral, resultado del periodo, por funcion de gasto",901489480,2025-12-31,ENTRE AMIGOS S.A.S..,"K6499 - Otras actividades de servicio financiero, excepto las de seguros y pensiones n.c.p.",08. SOCIEDAD POR ACCIONES SIMPLIFICADA SAS,CL 72 10 71 PISO 9,BOGOTA D.C.,BOGOTA D.C.,Periodo Actual,9871831.0,0.0,9871831.0,528106.0,0.0,7297786.0,5503309.0,0.0,-2401158,,,775212.0,5018145.0,971188.0,,1152.0,,,,-7614127,4780.0,-7618907,,-7618907,2025,1.0,-0.24323329684229805,-0.7717825598918782,-22971851,0.6683372619820667,K6499,"Otras actividades de servicio financiero, excepto las de seguros y pensiones n.c.p."
Plenas-Separados,"Estado de resultado integral, resultado del periodo, por funcion de gasto",901499912,2025-12-31,ALLUME HOLDING SAS,M7010 - Actividades de administración empresarial,08. SOCIEDAD POR ACCIONES SIMPLIFICADA SAS,CL 15 35 75 BG B1 AUT CALI - YUMBO PAR EMPRESARIAL SERVICOMEX,VALLE,CALI-VALLE,Periodo Actual,6000.0,0.0,6000.0,0.0,0.0,3891.0,48.0,0.0,2061,,,8.0,20.0,,,,,,,2049,702.0,1347,,1347,2025,1.0,0.3435,0.2245,1447,-0.0691085003455425,M7010,Actividades de administración empresarial
Plenas-Separados,"Estado de resultado integral, resultado del periodo, por funcion de gasto",901502159,2025-12-31,INVERSIONES Q&S SAS,N8292 - Actividades de envase y empaque,08. SOCIEDAD POR ACCIONES SIMPLIFICADA SAS,Carrera 55 No. 152 B 68 Oficina 1303,BOGOTA D.C.,BOGOTA D.C.,Periodo Actual,14638.0,0.0,14638.0,0.0,104.0,932176.0,4593510.0,0.0,-5511152,,,,844.0,,,5.0,,,1607728.0,-3904263,,-3904263,,-3904263,2025,1.0,-376.49624265610055,-266.7210684519743,-1970831,-0.9810237407469236,N8292,Actividades de envase y empaque
Plenas-Separados,"Estado de resultado integral, resultado del periodo, por funcion de gasto",901505350,2025-12-31,XIMAX SAS,M7010 - Actividades de administración empresarial,08. SOCIEDAD POR ACCIONES SIMPLIFICADA SAS,CL 14A NRO.4E-76 ED CENTRO INTERNACIONAL DE,NORTE DE SANTANDER,CUCUTA-NORTE DE SANTANDER,Periodo Actual,0.0,0.0,0.0,1.0,0.0,117975.0,0.0,0.0,-117974,,,,1113.0,,3807194.0,,,,,3688107,,3688107,,3688107,2025,,,,-15987468,1.230687373385204,M7010,Actividades de administración empresarial
Plenas-Separados,"Estado de resultado integral, resultado del periodo, por funcion de gasto",901506325,2025-12-31,HY-LINE COLOMBIA SAS,A0145 - Cría de aves de corral,08. SOCIEDAD POR ACCIONES SIMPLIFICADA SAS,CR 11 77 20 ED FRONTERA BC OF 401,TOLIMA,IBAGUE-TOLIMA,Periodo Actual,99052777.0,59069009.0,39983768.0,6819945.0,6959777.0,3284046.0,25477.0,0.0,36534413,0.0,0.0,0.0,7856206.0,0.0,1448129.0,0.0,0.0,0.0,0.0,30126336,9453554.0,20672782,0.0,20672782,2025,0.40366125222314564,0.3688378469187189,0.208704719101414,18593439,0.11183208227375259,A0145,Cría de aves de corral
Plenas-Separados,"Estado de resultado integral, resultado del periodo, por funcion de gasto",901511199,2025-12-31,CONCONCRETO PROYECTOS S.A.S,F4210 - Construcción de carreteras y vías de ferrocarril,08. SOCIEDAD POR ACCIONES SIMPLIFICADA SAS,"CRA 43 A 18 SUR- 135, PISO 4",ANTIOQUIA,MEDELLIN-ANTIOQUIA,Periodo Actual,27391786.0,28331669.0,-939883.0,0.0,0.0,183735.0,223020.0,337213.0,-1009425,0.0,0.0,1601019.0,41256.0,0.0,0.0,0.0,0.0,0.0,0.0,550338,298783.0,251555,0.0,251555,2025,-0.03431258553202774,-0.036851375810252024,0.00918359248279758,-751437,1.3347652564353365,F4210,Construcción de carreteras y vías de ferrocarril
Plenas-Separados,"Estado de resultado integral, resultado del periodo, por funcion de gasto",901511787,2025-12-31,INVERSIONES PROAL SAS,L6810 - Actividades inmobiliarias realizadas con bienes propios o arrendados,08. SOCIEDAD POR ACCIONES SIMPLIFICADA SAS,Clle 52 47 42 piso 32,ANTIOQUIA,MEDELLIN-ANTIOQUIA,Periodo Actual,22895119.0,0.0,22895119.0,1388797.0,0.0,21663544.0,0.0,0.0,2620372,,,469772.0,2968263.0,,418542.0,,,,,540423,420821.0,119602,-470.0,119132,2025,1.0,0.11445111947223337,0.005203379812090079,1418013,-0.9159866658486205,L6810,Actividades inmobiliarias realizadas con bienes propios o arrendados
Plenas-Separados,"Estado de resultado integral, resultado del periodo, por funcion de gasto",901512468,2025-12-31,VALUX SAS,K6613 - Otras actividades relacionadas con el mercado de valores,08. SOCIEDAD POR ACCIONES SIMPLIFICADA SAS,KR 11 91 42 PISO 7,BOGOTA D.C.,BOGOTA D.C.,Periodo Actual,29862684.0,0.0,29862684.0,107.0,0.0,531139.0,6561.0,-1767113.0,27557978,,,,142163.0,,,,,,,27415815,296174.0,27119641,,27119641,2025,1.0,0.9228232130775653,0.9081447936829791,23606358,0.14882782850281268,K6613,Otras actividades relacionadas con el mercado de valores
Plenas-Separados,"Estado de resultado integral, resultado del periodo, por funcion de gasto",901512815,2025-12-31,INVERSIONES ARTEL S.A.S,K6613 - Otras actividades relacionadas con el mercado de valores,08. SOCIEDAD POR ACCIONES SIMPLIFICADA SAS,KR 11 91 42 PISO 7,BOGOTA D.C.,BOGOTA D.C.,Periodo Actual,362718.0,0.0,362718.0,0.0,0.0,638197.0,0.0,0.0,-275479,,,,389.0,,-12804859.0,,,,,-13080727,,-13080727,,-13080727,2025,1.0,-0.7594853302014237,-36.06307654982659,-27722467,0.5281542944933436,K6613,Otras actividades relacionadas con el mercado de valores
Plenas-Separados,"Estado de resultado integral, resultado del periodo, por funcion de gasto",901524301,2025-12-31,C.I CARBOMAZ SAS,C1910 - Fabricación de productos de hornos de coque,08. SOCIEDAD POR ACCIONES SIMPLIFICADA SAS,CL 14A  4E 76 ED CENTRO INTERNACIONAL DE DESARROLLO PISO 5 CAOBOS,NORTE DE SANTANDER,CUCUTA-NORTE DE SANTANDER,Periodo Actual,327293436.0,280475940.0,46817496.0,0.0,0.0,18457695.0,32071974.0,0.0,-3712173,,,8296505.0,,,,,,,,4584332,-2016729.0,6601061,,6601061,2025,0.1430444086266368,-0.01134203314728255,0.020168632407281152,-12122496,1.5445298558976632,C1910,Fabricación de productos de hornos de coque
Plenas-Separados,"Estado de resultado integral, resultado del periodo, por funcion de gasto",901526800,2025-12-31,MARVAL HOLDING SAS,M7010 - Actividades de administración empresarial,08. SOCIEDAD POR ACCIONES SIMPLIFICADA SAS,CR 29 45 45 OF 1801,SANTANDER,BUCARAMANGA-SANTANDER,Periodo Actual,0.0,0.0,0.0,0.0,0.0,374359.0,1668.0,0.0,-376027,,,4479615.0,11547988.0,,313880855.0,,,,,306436455,1556601.0,304879854,,304879854,2025,,,,371411533,-0.17913196841951592,M7010,Actividades de administración empresarial
Plenas-Separados,"Estado de resultado integral, resultado del periodo, por funcion de gasto",901526965,2025-12-31,CORDILLERA AZUL SAS,M7010 - Actividades de administración empresarial,08. SOCIEDAD POR ACCIONES SIMPLIFICADA SAS,CR 29 45 45 OF 1801,SANTANDER,BUCARAMANGA-SANTANDER,Periodo Actual,0.0,0.0,0.0,0.0,0.0,155634.0,61665.0,0.0,-217299,,,,8332.0,,29657959.0,,,,,29432328,6402803.0,23029525,,23029525,2025,,,,178834417,-0.8712243124879032,M7010,Actividades de administración empresarial
Plenas-Separados,"Estado de resultado integral, resultado del periodo, por funcion de gasto",901546465,2025-12-31,AGRICOLA DE LOS LLANOS SAS,A0124 - Cultivo de caña de azúcar,08. SOCIEDAD POR ACCIONES SIMPLIFICADA SAS,Cr 7 # 114 -33 Of 602,BOGOTA D.C.,BOGOTA D.C.,Periodo Actual,186743167.0,161347211.0,25395956.0,1216443.0,0.0,7068828.0,2689449.0,0.0,16854122,,,217814.0,18134093.0,,50113224.0,,,,,49051067,3009051.0,46042016,,46042016,2025,0.13599403077489844,0.09025295153101907,0.24655261415803234,53569625,-0.14052009884332772,A0124,Cultivo de caña de azúcar
Plenas-Separados,"Estado de resultado integral, resultado del periodo, por funcion de gasto",901548094,2025-12-31,GREEN ENERGY INVERSIONES SAS,L6810 - Actividades inmobiliarias realizadas con bienes propios o arrendados,08. SOCIEDAD POR ACCIONES SIMPLIFICADA SAS,Cl 116 No. 7 15 In 2 Of 1704,BOGOTA D.C.,BOGOTA D.C.,Periodo Actual,581052.0,271553.0,309499.0,1.0,0.0,135203.0,59792.0,0.0,114505,,,30550.0,4225.0,,-27358262.0,,,,,-27217432,70015.0,-27287447,,-27287447,2025,0.5326528434632356,0.19706497869381742,-46.96214280305377,53472982,-1.5103034463273435,L6810,Actividades inmobiliarias realizadas con bienes propios o arrendados
Plenas-Separados,"Estado de resultado integral, resultado del periodo, por funcion de gasto",901550649,2025-12-31,LATIR ASUNTOS INMOBILIARIOS SAS,L6810 - Actividades inmobiliarias realizadas con bienes propios o arrendados,08. SOCIEDAD POR ACCIONES SIMPLIFICADA SAS,contabilidad@umbral.co,ANTIOQUIA,MEDELLIN-ANTIOQUIA,Periodo Actual,4790079.0,3226206.0,1563873.0,219466.0,47501.0,331313.0,6808.0,0.0,1397717,0.0,0.0,0.0,12937.0,0.0,,0.0,0.0,0.0,0.0,1384780,87886.0,1296894,,1296894,2025,0.3264816718054128,0.2917941436874006,0.2707458478242217,1202110,0.07884802555506568,L6810,Actividades inmobiliarias realizadas con bienes propios o arrendados
Plenas-Separados,"Estado de resultado integral, resultado del periodo, por funcion de gasto",901560074,2025-12-31,EDF COLOMBIA S.A.S.,"K6499 - Otras actividades de servicio financiero, excepto las de seguros y pensiones n.c.p.",08. SOCIEDAD POR ACCIONES SIMPLIFICADA SAS,CRA 11 No 77A 49 Piso 11,BOGOTA D.C.,BOGOTA D.C.,Periodo Actual,0.0,0.0,0.0,380076.0,0.0,17791638.0,0.0,0.0,-17411562,0.0,,34991257.0,0.0,0.0,-19237884.0,0.0,0.0,0.0,0.0,-1658189,0.0,-1658189,0.0,-1658189,2025,,,,-40920416,0.9594777091220187,K6499,"Otras actividades de servicio financiero, excepto las de seguros y pensiones n.c.p."
Plenas-Separados,"Estado de resultado integral, resultado del periodo, por funcion de gasto",901562062,2025-12-31,ITAÚ HOLDING COLOMBIA S.A.S.,M7020 - Actividades de consultoría de gestión,08. SOCIEDAD POR ACCIONES SIMPLIFICADA SAS,Cra 7 # 99 53 P 21,BOGOTA D.C.,BOGOTA D.C.,Periodo Actual,543529.0,0.0,543529.0,231.0,0.0,101615.0,141727.0,0.0,300418,,,53468.0,,,,,,,,353886,,353886,,353886,2025,1.0,0.5527175182924922,0.6510894542885476,58364,5.063429511342608,M7020,Actividades de consultoría de gestión
Plenas-Separados,"Estado de resultado integral, resultado del periodo, por funcion de gasto",901580112,2025-12-31,HOLDING HOTELERA GHL SAS,M7020 - Actividades de consultoría de gestión,08. SOCIEDAD POR ACCIONES SIMPLIFICADA SAS,CL 72 No. 6 - 30 PISO 13,BOGOTA D.C.,BOGOTA D.C.,Periodo Actual,31500795.0,1987496.0,29513299.0,348897.0,0.0,18531306.0,37965210.0,0.0,-26634320,,,4051399.0,11514083.0,,28753308.0,,,,,-5343696,-6519295.0,1175599,,1175599,2025,0.936906481249124,-0.8455126291257093,0.0373196612974371,37944276,-0.9690177511886114,M7020,Actividades de consultoría de gestión
Plenas-Separados,"Estado de resultado integral, resultado del periodo, por funcion de gasto",901592009,2025-12-31,GHL OPCO SOCIEDAD POR ACCIONES SIMPLIFICADA,M7020 - Actividades de consultoría de gestión,08. SOCIEDAD POR ACCIONES SIMPLIFICADA SAS,CL 72 No. 6 30 P 13,BOGOTA D.C.,BOGOTA D.C.,Periodo Actual,13702568.0,0.0,13702568.0,44720.0,3244152.0,10081830.0,86310.0,0.0,334996,,,351678.0,379646.0,,14776254.0,,,,,15083282,77062.0,15006220,,15006220,2025,1.0,0.024447680172067016,1.0951392468915315,13857553,0.08289104144144352,M7020,Actividades de consultoría de gestión
Plenas-Separados,"Estado de resultado integral, resultado del periodo, por funcion de gasto",901606521,2025-12-31,CENTRIK PARK SAS,F4111 - Construcción de edificios residenciales,08. SOCIEDAD POR ACCIONES SIMPLIFICADA SAS,CR 11 98 07 PISO 6 A 1 ED GREEN OFFICE CORPORATIVO PIJAO PH,BOGOTA D.C.,BOGOTA D.C.,Periodo Actual,3469550.0,2501629.0,967921.0,579956.0,0.0,481371.0,54422.0,0.0,1012084,,,648851.0,,,,,,,,1660935,380865.0,1280070,,1280070,2025,0.27897594788949576,0.2917046879278293,0.368944099378882,289909,3.4154200111069337,F4111,Construcción de edificios residenciales
Plenas-Separados,"Estado de resultado integral, resultado del periodo, por funcion de gasto",901626661,2025-12-31,PARQUE CENTRAL LOS ROBLES SAS,F4111 - Construcción de edificios residenciales,08. SOCIEDAD POR ACCIONES SIMPLIFICADA SAS,CR 11 No 98 07 P6 A 1ED GREEN OFCICE CORPORATIVO PIJAO PH,BOGOTA D.C.,BOGOTA D.C.,Periodo Actual,0.0,0.0,0.0,743367.0,0.0,2795871.0,156990.0,0.0,-2209494,,,,,,,,,,,-2209494,,-2209494,,-2209494,2025,,,,-1112243,-0.9865209311274604,F4111,Construcción de edificios residenciales
Plenas-Separados,"Estado de resultado integral, resultado del periodo, por funcion de gasto",901641441,2025-12-31,CGP SAS,K6613 - Otras actividades relacionadas con el mercado de valores,08. SOCIEDAD POR ACCIONES SIMPLIFICADA SAS,CRA 7 NORTE 52N 63,VALLE,CALI-VALLE,Periodo Actual,0.0,0.0,0.0,0.0,0.0,182216.0,0.0,0.0,-182216,,,6230.0,6116.0,,15239811.0,,,,,15057709,,15057709,,15057709,2025,,,,12343414,0.21989823885028892,K6613,Otras actividades relacionadas con el mercado de valores
Plenas-Separados,"Estado de resultado integral, resultado del periodo, por funcion de gasto",901644844,2025-12-31,FAGU SAS,M7010 - Actividades de administración empresarial,08. SOCIEDAD POR ACCIONES SIMPLIFICADA SAS,AV GONZALEZ VALNCIA 54 78 BRR ANTIGUO CAMPESTRE,SANTANDER,BUCARAMANGA-SANTANDER,Periodo Actual,802440.0,0.0,802440.0,0.0,0.0,214350.0,21575883.0,0.0,-20987793,,,4444196.0,,,,,,,,-16543597,-5788389.0,-10755208,,-10755208,2025,1.0,-26.15496859578286,-13.403130452121031,16225043,-1.6628770105570752,M7010,Actividades de administración empresarial
Plenas-Separados,"Estado de resultado integral, resultado del periodo, por funcion de gasto",901644943,2025-12-31,ISIMO SAS,K6613 - Otras actividades relacionadas con el mercado de valores,08. SOCIEDAD POR ACCIONES SIMPLIFICADA SAS,CRA 54 59 67,ATLANTICO,BARRANQUILLA-ATLANTICO,Periodo Actual,0.0,0.0,0.0,0.0,0.0,11560.0,0.0,0.0,-11560,0.0,0.0,0.0,0.0,0.0,-4149316.0,0.0,0.0,0.0,0.0,-4160876,0.0,-4160876,0.0,-4160876,2025,,,,-56044809,0.9257580483502049,K6613,Otras actividades relacionadas con el mercado de valores
Plenas-Separados,"Estado de resultado integral, resultado del periodo, por funcion de gasto",901649095,2025-12-31,MAMBE GROUP SAS,M7010 - Actividades de administración empresarial,08. SOCIEDAD POR ACCIONES SIMPLIFICADA SAS,CR 3 No. 74 A 50,BOGOTA D.C.,BOGOTA D.C.,Periodo Actual,2793835.0,0.0,2793835.0,2.0,0.0,65019.0,193072.0,0.0,2535746,,,5912.0,1742724.0,,,,,,,798934,-565624.0,1364558,,1364558,2025,1.0,0.9076219604951616,0.48841753360524154,3204256,-0.5741420161185623,M7010,Actividades de administración empresarial
Plenas-Separados,"Estado de resultado integral, resultado del periodo, por funcion de gasto",901651728,2025-12-31,PATFORERO SAS,K6494 - Otras actividades de distribución de fondos,08. SOCIEDAD POR ACCIONES SIMPLIFICADA SAS,"AUTOPISTA MEDELLIN KM 2, 600 MTS ENTRADA VIA PARCELAS COTA",CUNDINAMARCA,COTA-CUNDINAMARCA,Periodo Actual,0.0,0.0,0.0,0.0,0.0,58881.0,302.0,0.0,-59183,,,,,,7898546.0,,,,,7839363,,7839363,,7839363,2025,,,,-2626030,3.9852526437245577,K6494,Otras actividades de distribución de fondos
Plenas-Separados,"Estado de resultado integral, resultado del periodo, por funcion de gasto",901654941,2025-12-31,GONDOLERO SAS,"K6499 - Otras actividades de servicio financiero, excepto las de seguros y pensiones n.c.p.",08. SOCIEDAD POR ACCIONES SIMPLIFICADA SAS,CR 44 15 SUR 58,ANTIOQUIA,MEDELLIN-ANTIOQUIA,Periodo Actual,5784896.0,0.0,5784896.0,35535.0,0.0,25282.0,284980.0,0.0,5510169,,,,101.0,,,0.0,,,,5510068,-160489.0,5670557,,5670557,2025,1.0,0.9525096043213223,0.9802349082853002,4368095,0.2981762072482398,K6499,"Otras actividades de servicio financiero, excepto las de seguros y pensiones n.c.p."
Plenas-Separados,"Estado de resultado integral, resultado del periodo, por funcion de gasto",901655034,2025-12-31,DELLWOOD COLOMBIA SAS,K6494 - Otras actividades de distribución de fondos,08. SOCIEDAD POR ACCIONES SIMPLIFICADA SAS,CL 79 8 38,BOGOTA D.C.,BOGOTA D.C.,Periodo Actual,0.0,0.0,0.0,0.0,0.0,12180.0,0.0,0.0,-12180,0.0,0.0,0.0,0.0,0.0,0.0,0.0,0.0,0.0,0.0,-12180,0.0,-12180,0.0,-12180,2025,,,,-2787,-3.370290635091496,K6494,Otras actividades de distribución de fondos
Plenas-Separados,"Estado de resultado integral, resultado del periodo, por funcion de gasto",901656110,2025-12-31,PROMOTORA BASE S.A.S,L6810 - Actividades inmobiliarias realizadas con bienes propios o arrendados,08. SOCIEDAD POR ACCIONES SIMPLIFICADA SAS,Carrera 43 B 16 41 OF 1306,ANTIOQUIA,MEDELLIN-ANTIOQUIA,Periodo Actual,5399080.0,5285981.0,113099.0,111530.0,46212.0,41411.0,98133.0,0.0,38873,,,682.0,,,,,,,,39555,48168.0,-8613,,-8613,2025,0.020947828148499374,0.007199930358505523,-0.0015952717870452004,-5512719,0.9984376130907452,L6810,Actividades inmobiliarias realizadas con bienes propios o arrendados
Plenas-Separados,"Estado de resultado integral, resultado del periodo, por funcion de gasto",901663378,2025-12-31,MPRIME S.A.S..,G4620 - Comercio al por mayor de materias primas agropecuarias; animales vivos,08. SOCIEDAD POR ACCIONES SIMPLIFICADA SAS,CL 100 8A 49 TO B OF 615,BOGOTA D.C.,BOGOTA D.C.,Periodo Actual,0.0,0.0,0.0,81.0,0.0,39534.0,829131.0,0.0,-868584,,,118920.0,,,13657999.0,,,,,12908335,-60019.0,12968354,,12968354,2025,,,,12998643,-0.002330166310437174,G4620,Comercio al por mayor de materias primas agropecuarias; animales vivos
Plenas-Separados,"Estado de resultado integral, resultado del periodo, por funcion de gasto",901685370,2025-12-31,INGEURBE GESTORA DE PROYECTOS SAS,F4111 - Construcción de edificios residenciales,08. SOCIEDAD POR ACCIONES SIMPLIFICADA SAS,CRA 11 98 07 PISO 6A1 EDIFICIO GREEN OFFICE CORPORATIVO,BOGOTA D.C.,BOGOTA D.C.,Periodo Actual,375007282.0,306690372.0,68316910.0,1495913.0,0.0,47718415.0,345793.0,0.0,21748615,,,1802221.0,,,38139.0,,,,,23588975,,23588975,,23588975,2025,0.1821748890732207,0.0579951804775887,0.06290271184653956,-18561577,2.2708497235983773,F4111,Construcción de edificios residenciales
Plenas-Separados,"Estado de resultado integral, resultado del periodo, por funcion de gasto",901692552,2025-12-31,ALIGNED COLOMBIA S.A.S.,M7010 - Actividades de administración empresarial,08. SOCIEDAD POR ACCIONES SIMPLIFICADA SAS,Carrera 7 No 71 52 to A P 5,BOGOTA D.C.,BOGOTA D.C.,Periodo Actual,0.0,0.0,0.0,0.0,0.0,506285.0,0.0,0.0,-506285,0.0,0.0,5428513.0,0.0,0.0,-31908191.0,0.0,0.0,0.0,0.0,-26985963,1824742.0,-28810705,0.0,-28810705,2025,,,,1784947,-17.140930234903333,M7010,Actividades de administración empresarial
Plenas-Separados,"Estado de resultado integral, resultado del periodo, por funcion de gasto",901703487,2025-12-31,FLAME COLOMBIA SAS,"G4661 - Comercio al por mayor de combustibles sólidos, líquidos, gaseosos y productos conexos",08. SOCIEDAD POR ACCIONES SIMPLIFICADA SAS,Cr 11 A No. 93 A 22 Of 405,BOGOTA D.C.,BOGOTA D.C.,Periodo Actual,86963957.0,88275364.0,-1311407.0,0.0,0.0,5268088.0,10652672.0,0.0,-17232167,,,19.0,27100.0,,,-454145.0,,,,-17713393,,-17713393,,-17713393,2025,-0.015079891086372714,-0.19815297733059686,-0.20368660317515222,-2744221,-5.454798283374408,G4661,"Comercio al por mayor de combustibles sólidos, líquidos, gaseosos y productos conexos"
Plenas-Separados,"Estado de resultado integral, resultado del periodo, por funcion de gasto",901712596,2025-12-31,ALEGRA HOLDINGS S.A.S.,N8299 - Otras actividades de servicio de apoyo a las empresas n.c.p.,08. SOCIEDAD POR ACCIONES SIMPLIFICADA SAS,Calle 17 # 43 F - 287,ANTIOQUIA,MEDELLIN-ANTIOQUIA,Periodo Actual,0.0,0.0,0.0,2.0,0.0,1062078.0,7682.0,0.0,-1069758,0.0,0.0,2108721.0,3507617.0,0.0,-22479177.0,0.0,0.0,0.0,0.0,-24947831,-218171.0,-24729660,0.0,-24729660,2025,,,,-41227673,0.40016842570765515,N8299,Otras actividades de servicio de apoyo a las empresas n.c.p.
Plenas-Separados,"Estado de resultado integral, resultado del periodo, por funcion de gasto",901726513,2025-12-31,LIVING CONSTRUCCIONES SAS,F4111 - Construcción de edificios residenciales,08. SOCIEDAD POR ACCIONES SIMPLIFICADA SAS,CR 11 98 07 P 6 A 1 ED GREEN OFFICE CORPORATIVO PIJAO PH,BOGOTA D.C.,BOGOTA D.C.,Periodo Actual,3643781.0,2356346.0,1287435.0,348461.0,0.0,584558.0,278722.0,0.0,772616,,,960392.0,,,,,,,,1733008,417087.0,1315921,,1315921,2025,0.353323923693548,0.2120368924477075,0.3611416273370985,133268,8.874245880481435,F4111,Construcción de edificios residenciales
Plenas-Separados,"Estado de resultado integral, resultado del periodo, por funcion de gasto",901760974,2025-12-31,SOMOS SERVICIOS INTEGRADOS SUCURSAL COLOMBIA,"K6499 - Otras actividades de servicio financiero, excepto las de seguros y pensiones n.c.p.",02. SUCURSAL EXTRANJERA,Calle 20Sur  27 55,ANTIOQUIA,ENVIGADO-ANTIOQUIA,Periodo Actual,1462362.0,1183073.0,279289.0,8820.0,0.0,4252655.0,394986.0,0.0,-4359532,,,490.0,46882.0,,-9489877.0,,,,,-13895801,206012.0,-14101813,,-14101813,2025,0.19098485874222662,-2.981157880196559,-9.643175219268553,-59194559,0.7617718040605725,K6499,"Otras actividades de servicio financiero, excepto las de seguros y pensiones n.c.p."
Plenas-Separados,"Estado de resultado integral, resultado del periodo, por funcion de gasto",901766910,2025-12-31,MILENIO CAPITAL S.A.S.,M7010 - Actividades de administración empresarial,08. SOCIEDAD POR ACCIONES SIMPLIFICADA SAS,CR 7 71 52,BOGOTA D.C.,BOGOTA D.C.,Periodo Actual,0.0,0.0,0.0,3.0,0.0,320130.0,0.0,0.0,-320127,,,2414.0,10809920.0,,26703753.0,,,,,15576120,42.0,15576078,,15576078,2025,,,,13408229,0.16168048740814317,M7010,Actividades de administración empresarial
Plenas-Separados,"Estado de resultado integral, resultado del periodo, por funcion de gasto",901802359,2025-12-31,VGMOBILITY COLOMBIA S A S,"K6499 - Otras actividades de servicio financiero, excepto las de seguros y pensiones n.c.p.",08. SOCIEDAD POR ACCIONES SIMPLIFICADA SAS,CR 11 NO. 84 A 09 OFI 901 ENTRADA NORTE,BOGOTA D.C.,BOGOTA D.C.,Periodo Actual,14182083.0,0.0,14182083.0,2.0,0.0,829418.0,7.0,0.0,13352660,0.0,0.0,565072.0,13442444.0,0.0,-7742321.0,0.0,0.0,0.0,0.0,-7267033,-2505073.0,-4761960,0.0,-4761960,2025,1.0,0.9415161369454684,-0.33577296085490405,755300,-7.304726598702502,K6499,"Otras actividades de servicio financiero, excepto las de seguros y pensiones n.c.p."
Plenas-Separados,"Estado de resultado integral, resultado del periodo, por funcion de gasto",901847883,2025-12-31,IA4 SAS,"G4665 - Comercio al por mayor de desperdicios, desechos y chatarra",08. SOCIEDAD POR ACCIONES SIMPLIFICADA SAS,KM 19 20 VIA MOSQUERA - MADRID ANTIGUA TRONCAL DE OCCIDENTE,CUNDINAMARCA,MOSQUERA-CUNDINAMARCA,Periodo Actual,174555272.0,152125348.0,22429924.0,0.0,3904053.0,18080191.0,0.0,350958.0,796638,0.0,0.0,1129462.0,10046569.0,104356.0,1427955.0,0.0,0.0,0.0,0.0,-6796870,-2241581.0,-4555289,0.0,-4555289,2025,0.1284975454651407,0.004563815179412054,-0.02609654207407726,-6029826,0.24454055556495327,G4665,"Comercio al por mayor de desperdicios, desechos y chatarra"
Plenas-Separados,"Estado de resultado integral, resultado del periodo, por funcion de gasto",901852837,2025-12-31,ATICA ANDINA RESIDUALES S.A.S,F4290 - Construcción de otras obras de ingeniería civil,08. SOCIEDAD POR ACCIONES SIMPLIFICADA SAS,CR 7 75 77 OF 702,BOGOTA D.C.,BOGOTA D.C.,Periodo Actual,0.0,0.0,0.0,0.0,0.0,107254.0,419.0,0.0,-107673,,,,,,-3683466.0,,,,,-3791139,,-3791139,,-3791139,2025,,,,-6608199,0.42629769472741363,F4290,Construcción de otras obras de ingeniería civil
Plenas-Separados,"Estado de resultado integral, resultado del periodo, por funcion de gasto",901866177,2025-12-31,INVECSA ALIMENTOS SAS,M7010 - Actividades de administración empresarial,08. SOCIEDAD POR ACCIONES SIMPLIFICADA SAS,Cl 123 No. 07 51 / 57 Of 802 Ed Kaiwa,BOGOTA D.C.,BOGOTA D.C.,Periodo Actual,0.0,0.0,0.0,0.0,0.0,183303.0,613.0,0.0,-183916,,,110953.0,8058.0,,-2025009.0,,,,,-2106030,-1912.0,-2104118,,-2104118,2025,,,,5721316,-1.3677681848022378,M7010,Actividades de administración empresarial
Plenas-Separados,"Estado de resultado integral, resultado del periodo, por funcion de gasto",901879552,2025-12-31,CIBEST INVESTMENT MANAGEMENT S.A.S.,M7010 - Actividades de administración empresarial,08. SOCIEDAD POR ACCIONES SIMPLIFICADA SAS,CARRERA 48 No. 26-85,ANTIOQUIA,MEDELLIN-ANTIOQUIA,Periodo Actual,0.0,0.0,0.0,8164305.0,0.0,30647.0,115153.0,0.0,8018505,,,,,,,,,,,8018505,,8018505,,8018505,2025,,,,0,,M7010,Actividades de administración empresarial
Plenas-Separados,"Estado de resultado integral, resultado del periodo, por funcion de gasto",901879580,2025-12-31,INVERSIONES CIBEST S.A.S.,M7010 - Actividades de administración empresarial,08. SOCIEDAD POR ACCIONES SIMPLIFICADA SAS,CARRERA 48 No.26-85,ANTIOQUIA,MEDELLIN-ANTIOQUIA,Periodo Actual,0.0,0.0,0.0,174868640.0,0.0,30658.0,2675609.0,0.0,172162373,,,,,,,,,,,172162373,,172162373,,172162373,2025,,,,0,,M7010,Actividades de administración empresarial
Plenas-Separados,"Estado de resultado integral, resultado del periodo, por funcion de gasto",901886667,2025-12-31,VALORES CIBEST S.A.S.,M7010 - Actividades de administración empresarial,08. SOCIEDAD POR ACCIONES SIMPLIFICADA SAS,CARRERA 48 No.26-85,ANTIOQUIA,MEDELLIN-ANTIOQUIA,Periodo Actual,0.0,0.0,0.0,8164301.0,0.0,30647.0,115153.0,0.0,8018501,,,,,,,,,,,8018501,,8018501,,8018501,2025,,,,0,,M7010,Actividades de administración empresarial
Plenas-Separados,"Estado de resultado integral, resultado del periodo, por funcion de gasto",901886957,2025-12-31,CIBEST INVERSIONES ESTRATÉGICAS S.A.S.,M7010 - Actividades de administración empresarial,08. SOCIEDAD POR ACCIONES SIMPLIFICADA SAS,CARRERA 48 No.26-85,ANTIOQUIA,MEDELLIN-ANTIOQUIA,Periodo Actual,0.0,0.0,0.0,8164301.0,0.0,30647.0,115153.0,0.0,8018501,,,,,,,,,,,8018501,,8018501,,8018501,2025,,,,0,,M7010,Actividades de administración empresarial
Plenas-Separados,"Estado de resultado integral, resultado del periodo, por funcion de gasto",901959508,2025-12-31,VELTIS S.A.S.,K6613 - Otras actividades relacionadas con el mercado de valores,08. SOCIEDAD POR ACCIONES SIMPLIFICADA SAS,CR 14 89 48 OF 502,BOGOTA D.C.,BOGOTA D.C.,Periodo Actual,166751.0,0.0,166751.0,5930.0,0.0,53015.0,0.0,0.0,119666,,,,10626.0,,,,,,,109040,36.0,109004,,109004,2025,1.0,0.7176328777638515,0.6536932312250001,0,,K6613,Otras actividades relacionadas con el mercado de valores
Plenas-Separados,"Estado de resultado integral, resultado del periodo, por funcion de gasto",901961648,2025-12-31,LAREK REDI SAS,K6613 - Otras actividades relacionadas con el mercado de valores,08. SOCIEDAD POR ACCIONES SIMPLIFICADA SAS,Cll 52 47 42 piso 32,ANTIOQUIA,MEDELLIN-ANTIOQUIA,Periodo Actual,81151.0,0.0,81151.0,0.0,0.0,970.0,0.0,0.0,80181,,,,,,,,,,,80181,,80181,,80181,2025,1.0,0.9880469741592833,0.9880469741592833,0,,K6613,Otras actividades relacionadas con el mercado de valores
Plenas-Separados,"Estado de resultado integral, resultado del periodo, por funcion de gasto",901966600,2025-12-31,ATERA COLOMBIA S.A.S,D3511 - Generación de energía eléctrica,08. SOCIEDAD POR ACCIONES SIMPLIFICADA SAS,Cr 43A 1A Sur 143 Piso 3,ANTIOQUIA,MEDELLIN-ANTIOQUIA,Periodo Actual,24912670.0,21566014.0,3346656.0,2288.0,0.0,11140009.0,0.0,0.0,-7791065,,,1427619.0,2320097.0,,700855.0,,,,,-7982688,951257.0,-8933945,,-8933945,2025,0.13433550077129428,-0.312735046062907,-0.3586104981922853,0,,D3511,Generación de energía eléctrica
Plenas-Separados,"Estado de resultado integral, resultado del periodo, por funcion de gasto",901995080,2025-12-31,LAZOS MF SAS,K6613 - Otras actividades relacionadas con el mercado de valores,08. SOCIEDAD POR ACCIONES SIMPLIFICADA SAS,CRA 23 N 64B 33 OF 702,CALDAS,MANIZALES-CALDAS,Periodo Actual,0.0,0.0,0.0,0.0,0.0,33518.0,0.0,0.0,-33518,0.0,0.0,0.0,0.0,0.0,16974271.0,0.0,0.0,0.0,0.0,16940753,0.0,16940753,0.0,16940753,2025,,,,0,,K6613,Otras actividades relacionadas con el mercado de valores
